invoice,customer,customer_email,plan,period_start,period_end,amount,status,created,memo
INV-20419,cus_j34zk7g4,jacob_flores@gmail.com,Monthly - 2 bags,2025-10-02,2025-11-01,34.00,paid,2025-10-02,
INV-20421,cus_8s9gdqwu,thomas.richardson@hotmail.com,Monthly - 1 bag,2025-10-02,2025-11-01,19.00,paid,2025-10-02,
INV-20423,cus_ns2asbkz,gomez.eric@protonmail.com,Monthly - 2 bags,2025-10-02,2025-11-01,34.00,paid,2025-10-02,
INV-20425,cus_crxxgwmf,leila.ramirez@icloud.com,Monthly - 1 bag,2025-10-03,2025-11-02,19.00,paid,2025-10-03,
INV-20428,cus_awaugsgj,haddad.kevin@hotmail.com,Quarterly prepaid - 1 bag/mo,2025-10-03,2026-01-02,54.00,failed,2025-10-03,
INV-20431,cus_3bwmc4tx,carlos_johnson@yahoo.com,Monthly - 1 bag,2025-10-03,2025-11-02,19.00,paid,2025-10-03,
INV-20434,cus_9gxn29nt,patel.jennifer@aol.com,Monthly - 1 bag,2025-10-03,2025-11-02,19.00,paid,2025-10-03,
INV-20437,cus_fghfk74d,barbaraokafor8@outlook.com,Monthly - 1 bag,2025-10-03,2025-11-02,19.00,paid,2025-10-03,
INV-20438,cus_5umzkvay,michelleflores62@icloud.com,Monthly - 1 bag,2025-10-04,2025-11-03,19.00,paid,2025-10-04,
INV-20439,cus_awaugsgj,haddad.kevin@hotmail.com,Quarterly prepaid - 1 bag/mo,2025-10-03,2026-01-02,54.00,paid,2025-10-04,
INV-20442,cus_v2e33ups,pmorris@gmail.com,Monthly - 1 bag,2025-10-04,2025-11-03,19.00,paid,2025-10-04,
INV-20445,cus_xmbaa48k,clark.richard@aol.com,Monthly - 1 bag,2025-10-04,2025-11-03,19.00,paid,2025-10-04,
INV-20446,cus_d5y845dr,steven_johnson@icloud.com,Monthly - 2 bags,2025-10-05,2025-11-04,34.00,failed,2025-10-05,
INV-20448,cus_hpnj6as3,slong@protonmail.com,Monthly - 2 bags,2025-10-05,2025-11-04,34.00,paid,2025-10-05,
INV-20450,cus_4gyxc6pd,marcus_miller@hotmail.com,Monthly - 2 bags,2025-10-05,2025-11-04,34.00,paid,2025-10-05,
INV-20451,cus_rj44nx26,deborahwright62@protonmail.com,Monthly - 1 bag,2025-10-06,2025-11-05,19.00,paid,2025-10-06,
INV-20453,cus_buxrk375,mwright@hotmail.com,Monthly - 1 bag,2025-10-06,2025-11-05,19.00,paid,2025-10-06,
INV-20455,cus_d5y845dr,steven_johnson@icloud.com,Monthly - 2 bags,2025-10-05,2025-11-04,34.00,paid,2025-10-06,
INV-20456,cus_u8pk7hxk,cturner@gmail.com,Monthly - 2 bags,2025-10-08,2025-11-07,34.00,failed,2025-10-08,
INV-20458,cus_yadgjf2m,mmorgan@gmail.com,Monthly - 2 bags,2025-10-08,2025-11-07,34.00,paid,2025-10-08,
INV-20460,cus_8dr7jd4b,carlos.morgan@gmail.com,Monthly - 1 bag,2025-10-08,2025-11-07,19.00,paid,2025-10-08,
INV-20462,cus_6k9sq9ak,kimberlyallen21@gmail.com,Monthly - 1 bag,2025-10-08,2025-11-07,19.00,paid,2025-10-08,
INV-20464,cus_u8pk7hxk,cturner@gmail.com,Monthly - 2 bags,2025-10-08,2025-11-07,34.00,paid,2025-10-09,
INV-20466,cus_5jn8ejvj,murphy.betty@yahoo.com,Monthly - 2 bags,2025-10-10,2025-11-09,34.00,paid,2025-10-10,
INV-20467,cus_5xtkseqm,sarahallen67@icloud.com,Monthly - 1 bag,2025-10-11,2025-11-10,19.00,paid,2025-10-11,
INV-20468,cus_trz5uraw,sandra_thomas@protonmail.com,Monthly - 1 bag,2025-10-11,2025-11-10,19.00,paid,2025-10-11,
INV-20470,cus_368y6wp6,dorothy_collins@yahoo.com,Monthly - 1 bag,2025-10-12,2025-11-11,19.00,paid,2025-10-12,
INV-20472,cus_6tqf7ghd,dwatson@yahoo.com,Monthly - 2 bags,2025-10-13,2025-11-12,34.00,paid,2025-10-13,
INV-20475,cus_atdem82m,cook.eric@yahoo.com,Monthly - 1 bag,2025-10-13,2025-11-12,19.00,paid,2025-10-13,
INV-20477,cus_abjbts72,chaddad@aol.com,Monthly - 2 bags,2025-10-14,2025-11-13,34.00,paid,2025-10-14,
INV-20479,cus_85ats8sn,timothy_lee@gmail.com,Quarterly prepaid - 1 bag/mo,2025-10-14,2026-01-13,54.00,failed,2025-10-14,
INV-20481,cus_2cbttsvs,ashleyhernandez90@outlook.com,Monthly - 2 bags,2025-10-14,2025-11-13,34.00,paid,2025-10-14,
INV-20482,cus_3kzadwt9,jhall@icloud.com,Monthly - 2 bags,2025-10-15,2025-11-14,34.00,paid,2025-10-15,
INV-20484,cus_85ats8sn,timothy_lee@gmail.com,Quarterly prepaid - 1 bag/mo,2025-10-14,2026-01-13,54.00,paid,2025-10-15,
INV-20485,cus_4fvssavh,carlos.baker@me.com,Monthly - 2 bags,2025-10-16,2025-11-15,34.00,paid,2025-10-16,
INV-20486,cus_xbpcudx5,jessica.reed@icloud.com,Monthly - 2 bags,2025-10-16,2025-11-15,34.00,paid,2025-10-16,
INV-20487,cus_pqsnz3bu,sarah.chavez@aol.com,Monthly - 1 bag,2025-10-16,2025-11-15,19.00,paid,2025-10-16,
INV-20489,cus_k2zkxvpm,danaedwards97@outlook.com,Monthly - 1 bag,2025-10-16,2025-11-15,19.00,paid,2025-10-16,
INV-20490,cus_p96eqebk,watson.patricia@protonmail.com,Monthly - 2 bags,2025-10-17,2025-11-16,34.00,paid,2025-10-17,
INV-20492,cus_uj9c336v,leila.jackson@aol.com,Monthly - 1 bag,2025-10-17,2025-11-16,19.00,paid,2025-10-17,
INV-20493,cus_rtbjtd2v,gary.perez@aol.com,Monthly - 1 bag,2025-10-18,2025-11-17,19.00,paid,2025-10-18,
INV-20494,cus_avpddymw,hughes.nicholas@me.com,Monthly - 1 bag,2025-10-20,2025-11-19,19.00,paid,2025-10-20,
INV-20496,cus_evu3dmbq,dana_morales@outlook.com,Quarterly prepaid - 1 bag/mo,2025-10-20,2026-01-19,54.00,paid,2025-10-20,
INV-20498,cus_5p7kae4d,bennett.michael@protonmail.com,Monthly - 1 bag,2025-10-20,2025-11-19,19.00,paid,2025-10-20,
INV-20499,cus_56bgzcmd,amara.haddad@outlook.com,Monthly - 2 bags,2025-10-21,2025-11-20,34.00,paid,2025-10-21,
INV-20502,cus_vxk4uyjq,ingridanderson2@yahoo.com,Monthly - 2 bags,2025-10-21,2025-11-20,34.00,paid,2025-10-21,
INV-20505,cus_s2c55jqg,mensah.matthew@protonmail.com,Monthly - 1 bag,2025-10-21,2025-11-20,19.00,paid,2025-10-21,
INV-20508,cus_y2rvnner,lee.cynthia@me.com,Monthly - 1 bag,2025-10-21,2025-11-20,19.00,paid,2025-10-21,
INV-20511,cus_ypzxnpt6,murphy.michael@gmail.com,Monthly - 1 bag,2025-10-22,2025-11-21,19.00,paid,2025-10-22,
INV-20513,cus_cgwfgywk,ronald_wood@me.com,Monthly - 1 bag,2025-10-23,2025-11-22,19.00,paid,2025-10-23,
INV-20516,cus_gcf3zyvx,price.luis@gmail.com,Monthly - 1 bag,2025-10-23,2025-11-22,19.00,paid,2025-10-23,
INV-20517,cus_nw2hpupf,weiwright62@aol.com,Monthly - 2 bags,2025-10-24,2025-11-23,34.00,paid,2025-10-24,
INV-20518,cus_m8nvqzpd,christopher.alvarez@protonmail.com,Monthly - 2 bags,2025-10-24,2025-11-23,34.00,paid,2025-10-24,
INV-20520,cus_2rj8qrmt,dmiller@protonmail.com,Monthly - 1 bag,2025-10-25,2025-11-24,19.00,paid,2025-10-25,
INV-20523,cus_pdkzq3hh,jones.amy@protonmail.com,Monthly - 2 bags,2025-10-26,2025-11-25,34.00,paid,2025-10-26,
INV-20526,cus_jb8aqw9k,david_kim@protonmail.com,Quarterly prepaid - 1 bag/mo,2025-10-26,2026-01-25,54.00,paid,2025-10-26,
INV-20529,cus_sf5jy5tk,laura_cox@hotmail.com,Monthly - 1 bag,2025-10-27,2025-11-26,19.00,paid,2025-10-27,
INV-20532,cus_5eeapqd4,gary.wright@outlook.com,Monthly - 1 bag,2025-10-27,2025-11-26,19.00,paid,2025-10-27,
INV-20535,cus_spk8n33f,amaraedwards77@outlook.com,Quarterly prepaid - 1 bag/mo,2025-10-27,2026-01-26,54.00,paid,2025-10-27,
INV-20536,cus_y75gs546,hiroshijackson99@aol.com,Quarterly prepaid - 1 bag/mo,2025-10-28,2026-01-27,54.00,paid,2025-10-28,
INV-20537,cus_rrtukftw,marcusdiaz65@icloud.com,Monthly - 1 bag,2025-10-28,2025-11-27,19.00,paid,2025-10-28,
INV-20538,cus_r5zfreej,john_moore@yahoo.com,Monthly - 1 bag,2025-10-28,2025-11-27,19.00,paid,2025-10-28,
INV-20540,cus_643cjds3,sarah_reed@protonmail.com,Monthly - 2 bags,2025-10-28,2025-11-27,34.00,paid,2025-10-28,
INV-20543,cus_gagx7eww,rahul.anderson@me.com,Quarterly prepaid - 1 bag/mo,2025-10-28,2026-01-27,54.00,paid,2025-10-28,
INV-20544,cus_8s9gdqwu,thomas.richardson@hotmail.com,Monthly - 1 bag,2025-11-02,2025-12-01,19.00,paid,2025-11-02,
INV-20545,cus_ns2asbkz,gomez.eric@protonmail.com,Monthly - 2 bags,2025-11-02,2025-12-01,34.00,paid,2025-11-02,
INV-20546,cus_j34zk7g4,jacob_flores@gmail.com,Monthly - 2 bags,2025-11-02,2025-12-01,34.00,paid,2025-11-02,
INV-20547,cus_fghfk74d,barbaraokafor8@outlook.com,Monthly - 1 bag,2025-11-03,2025-12-02,19.00,paid,2025-11-03,
INV-20549,cus_z6hveurp,adiaz@yahoo.com,Monthly - 2 bags,2025-11-03,2025-12-02,34.00,paid,2025-11-03,
INV-20551,cus_crxxgwmf,leila.ramirez@icloud.com,Monthly - 1 bag,2025-11-03,2025-12-02,19.00,paid,2025-11-03,
INV-20553,cus_mt6c8x43,chloe.perez@hotmail.com,Monthly - 1 bag,2025-11-03,2025-12-02,19.00,paid,2025-11-03,
INV-20556,cus_9gxn29nt,patel.jennifer@aol.com,Monthly - 1 bag,2025-11-03,2025-12-02,19.00,paid,2025-11-03,
INV-20559,cus_3bwmc4tx,carlos_johnson@yahoo.com,Monthly - 1 bag,2025-11-03,2025-12-02,19.00,paid,2025-11-03,
INV-20560,cus_xmbaa48k,clark.richard@aol.com,Monthly - 1 bag,2025-11-04,2025-12-03,19.00,paid,2025-11-04,
INV-20562,cus_pkq8bhmq,anderson.dmitri@me.com,Monthly - 2 bags,2025-11-04,2025-12-03,34.00,paid,2025-11-04,
INV-20564,cus_v2e33ups,pmorris@gmail.com,Monthly - 1 bag,2025-11-04,2025-12-03,19.00,paid,2025-11-04,
INV-20567,cus_5umzkvay,michelleflores62@icloud.com,Monthly - 1 bag,2025-11-04,2025-12-03,19.00,paid,2025-11-04,
INV-20568,cus_d5y845dr,steven_johnson@icloud.com,Monthly - 2 bags,2025-11-05,2025-12-04,34.00,paid,2025-11-05,
INV-20570,cus_hpnj6as3,slong@protonmail.com,Monthly - 2 bags,2025-11-05,2025-12-04,34.00,paid,2025-11-05,
INV-20572,cus_4gyxc6pd,marcus_miller@hotmail.com,Monthly - 2 bags,2025-11-05,2025-12-04,34.00,paid,2025-11-05,
INV-20574,cus_zquby2ye,chill@me.com,Monthly - 2 bags,2025-11-05,2025-12-04,34.00,paid,2025-11-05,
INV-20575,cus_rj44nx26,deborahwright62@protonmail.com,Monthly - 1 bag,2025-11-06,2025-12-05,19.00,paid,2025-11-06,
INV-20578,cus_buxrk375,mwright@hotmail.com,Monthly - 1 bag,2025-11-06,2025-12-05,19.00,paid,2025-11-06,
INV-20579,cus_8dr7jd4b,carlos.morgan@gmail.com,Monthly - 1 bag,2025-11-08,2025-12-07,19.00,paid,2025-11-08,
INV-20581,cus_6k9sq9ak,kimberlyallen21@gmail.com,Monthly - 1 bag,2025-11-08,2025-12-07,19.00,paid,2025-11-08,
INV-20584,cus_yadgjf2m,mmorgan@gmail.com,Monthly - 2 bags,2025-11-08,2025-12-07,34.00,paid,2025-11-08,
INV-20587,cus_u8pk7hxk,cturner@gmail.com,Monthly - 2 bags,2025-11-08,2025-12-07,34.00,paid,2025-11-08,
INV-20588,cus_pm6tq5nm,wilson.amara@aol.com,Monthly - 1 bag,2025-11-09,2025-12-08,19.00,paid,2025-11-09,
INV-20590,cus_6gx5ft6q,osei.elizabeth@aol.com,Quarterly prepaid - 1 bag/mo,2025-11-09,2026-02-08,54.00,paid,2025-11-09,
INV-20592,cus_u4658jb5,barbara.mensah@yahoo.com,Quarterly prepaid - 1 bag/mo,2025-11-09,2026-02-08,54.00,paid,2025-11-09,
INV-20595,cus_y8u592zg,sofiamensah23@protonmail.com,Monthly - 1 bag,2025-11-09,2025-12-08,19.00,paid,2025-11-09,
INV-20596,cus_5jn8ejvj,murphy.betty@yahoo.com,Monthly - 2 bags,2025-11-10,2025-12-09,34.00,paid,2025-11-10,
INV-20599,cus_5xtkseqm,sarahallen67@icloud.com,Monthly - 1 bag,2025-11-11,2025-12-10,19.00,paid,2025-11-11,
INV-20602,cus_trz5uraw,sandra_thomas@protonmail.com,Monthly - 1 bag,2025-11-11,2025-12-10,19.00,paid,2025-11-11,
INV-20603,cus_368y6wp6,dorothy_collins@yahoo.com,Monthly - 1 bag,2025-11-12,2025-12-11,19.00,paid,2025-11-12,
INV-20604,cus_a2tjcj4m,marcusedwards11@gmail.com,Quarterly prepaid - 1 bag/mo,2025-11-12,2026-02-11,54.00,paid,2025-11-12,
INV-20607,cus_6tqf7ghd,dwatson@yahoo.com,Monthly - 2 bags,2025-11-13,2025-12-12,34.00,paid,2025-11-13,
INV-20610,cus_atdem82m,cook.eric@yahoo.com,Monthly - 1 bag,2025-11-13,2025-12-12,19.00,paid,2025-11-13,
INV-20611,cus_78mhefjz,sandra_rogers@gmail.com,Monthly - 2 bags,2025-11-14,2025-12-13,34.00,paid,2025-11-14,
INV-20612,cus_2cbttsvs,ashleyhernandez90@outlook.com,Monthly - 2 bags,2025-11-14,2025-12-13,34.00,paid,2025-11-14,
INV-20615,cus_abjbts72,chaddad@aol.com,Monthly - 2 bags,2025-11-14,2025-12-13,34.00,paid,2025-11-14,
INV-20617,cus_9a85xep2,mary.morgan@me.com,Monthly - 1 bag,2025-11-15,2025-12-14,19.00,paid,2025-11-15,
INV-20620,cus_3kzadwt9,jhall@icloud.com,Monthly - 2 bags,2025-11-15,2025-12-14,34.00,paid,2025-11-15,
INV-20621,cus_4fvssavh,carlos.baker@me.com,Monthly - 2 bags,2025-11-16,2025-12-15,34.00,paid,2025-11-16,
INV-20623,cus_pqsnz3bu,sarah.chavez@aol.com,Monthly - 1 bag,2025-11-16,2025-12-15,19.00,paid,2025-11-16,
INV-20625,cus_xbpcudx5,jessica.reed@icloud.com,Monthly - 2 bags,2025-11-16,2025-12-15,34.00,paid,2025-11-16,
INV-20627,cus_5jpvpfwc,sarah_king@gmail.com,Monthly - 1 bag,2025-11-16,2025-12-15,19.00,paid,2025-11-16,
INV-20630,cus_k2zkxvpm,danaedwards97@outlook.com,Monthly - 1 bag,2025-11-16,2025-12-15,19.00,paid,2025-11-16,
INV-20631,cus_p96eqebk,watson.patricia@protonmail.com,Monthly - 2 bags,2025-11-17,2025-12-16,34.00,paid,2025-11-17,
INV-20633,cus_uj9c336v,leila.jackson@aol.com,Monthly - 1 bag,2025-11-17,2025-12-16,19.00,paid,2025-11-17,
INV-20635,cus_78gdzxvc,wilson.dorothy@protonmail.com,Quarterly prepaid - 1 bag/mo,2025-11-17,2026-02-16,54.00,paid,2025-11-17,
INV-20636,cus_hs2pa9tj,jeffreymyers16@hotmail.com,Monthly - 1 bag,2025-11-18,2025-12-17,19.00,paid,2025-11-18,
INV-20638,cus_rtbjtd2v,gary.perez@aol.com,Monthly - 1 bag,2025-11-18,2025-12-17,19.00,paid,2025-11-18,
INV-20640,cus_avpddymw,hughes.nicholas@me.com,Monthly - 1 bag,2025-11-20,2025-12-19,19.00,paid,2025-11-20,
INV-20643,cus_5p7kae4d,bennett.michael@protonmail.com,Monthly - 1 bag,2025-11-20,2025-12-19,19.00,paid,2025-11-20,
INV-20644,cus_s2c55jqg,mensah.matthew@protonmail.com,Monthly - 1 bag,2025-11-21,2025-12-20,19.00,paid,2025-11-21,
INV-20645,cus_y2rvnner,lee.cynthia@me.com,Monthly - 1 bag,2025-11-21,2025-12-20,19.00,paid,2025-11-21,
INV-20646,cus_vxk4uyjq,ingridanderson2@yahoo.com,Monthly - 2 bags,2025-11-21,2025-12-20,34.00,paid,2025-11-21,
INV-20649,cus_56bgzcmd,amara.haddad@outlook.com,Monthly - 2 bags,2025-11-21,2025-12-20,34.00,paid,2025-11-21,
INV-20650,cus_ypzxnpt6,murphy.michael@gmail.com,Monthly - 1 bag,2025-11-22,2025-12-21,19.00,paid,2025-11-22,
INV-20652,cus_vy7kqma3,bettycook3@icloud.com,Monthly - 1 bag,2025-11-22,2025-12-21,19.00,paid,2025-11-22,
INV-20654,cus_cgwfgywk,ronald_wood@me.com,Monthly - 1 bag,2025-11-23,2025-12-22,19.00,paid,2025-11-23,
INV-20657,cus_gcf3zyvx,price.luis@gmail.com,Monthly - 1 bag,2025-11-23,2025-12-22,19.00,paid,2025-11-23,
INV-20659,cus_m8nvqzpd,christopher.alvarez@protonmail.com,Monthly - 2 bags,2025-11-24,2025-12-23,34.00,paid,2025-11-24,
INV-20661,cus_nw2hpupf,weiwright62@aol.com,Monthly - 2 bags,2025-11-24,2025-12-23,34.00,paid,2025-11-24,
INV-20662,cus_eg9eh2ad,brodriguez@me.com,Monthly - 2 bags,2025-11-25,2025-12-24,34.00,paid,2025-11-25,
INV-20664,cus_2rj8qrmt,dmiller@protonmail.com,Monthly - 1 bag,2025-11-25,2025-12-24,19.00,paid,2025-11-25,
INV-20666,cus_82xzhdym,stephanie.mitchell@aol.com,Quarterly prepaid - 1 bag/mo,2025-11-25,2026-02-24,54.00,paid,2025-11-25,
INV-20669,cus_eazrqyyv,joshua_stewart@aol.com,Monthly - 1 bag,2025-11-26,2025-12-25,19.00,paid,2025-11-26,
INV-20672,cus_pdkzq3hh,jones.amy@protonmail.com,Monthly - 2 bags,2025-11-26,2025-12-25,34.00,paid,2025-11-26,
INV-20674,cus_sf5jy5tk,laura_cox@hotmail.com,Monthly - 1 bag,2025-11-27,2025-12-26,19.00,paid,2025-11-27,
INV-20676,cus_5eeapqd4,gary.wright@outlook.com,Monthly - 1 bag,2025-11-27,2025-12-26,19.00,paid,2025-11-27,
INV-20677,cus_48aape7y,mateo.martin@protonmail.com,Monthly - 1 bag,2025-11-28,2025-12-27,19.00,paid,2025-11-28,
INV-20678,cus_fyy8uth6,johnbrooks53@protonmail.com,Monthly - 1 bag,2025-11-28,2025-12-27,19.00,failed,2025-11-28,
INV-20679,cus_r5zfreej,john_moore@yahoo.com,Monthly - 1 bag,2025-11-28,2025-12-27,19.00,paid,2025-11-28,
INV-20681,cus_rrtukftw,marcusdiaz65@icloud.com,Monthly - 1 bag,2025-11-28,2025-12-27,19.00,paid,2025-11-28,
INV-20684,cus_643cjds3,sarah_reed@protonmail.com,Monthly - 2 bags,2025-11-28,2025-12-27,34.00,paid,2025-11-28,
INV-20687,cus_464g5ucu,angelahill41@hotmail.com,Quarterly prepaid - 1 bag/mo,2025-11-28,2026-02-27,54.00,failed,2025-11-28,
INV-20688,cus_464g5ucu,angelahill41@hotmail.com,Quarterly prepaid - 1 bag/mo,2025-11-28,2026-02-27,54.00,paid,2025-11-29,
INV-20691,cus_fyy8uth6,johnbrooks53@protonmail.com,Monthly - 1 bag,2025-11-28,2025-12-27,19.00,paid,2025-11-29,
INV-20692,cus_j34zk7g4,jacob_flores@gmail.com,Monthly - 2 bags,2025-12-02,2026-01-01,34.00,paid,2025-12-02,
INV-20693,cus_8s9gdqwu,thomas.richardson@hotmail.com,Monthly - 1 bag,2025-12-02,2026-01-01,19.00,paid,2025-12-02,
INV-20696,cus_gttpd87z,ashley_ross@outlook.com,Quarterly prepaid - 1 bag/mo,2025-12-02,2026-03-01,54.00,paid,2025-12-02,
INV-20699,cus_ns2asbkz,gomez.eric@protonmail.com,Monthly - 2 bags,2025-12-02,2026-01-01,34.00,paid,2025-12-02,
INV-20700,cus_fghfk74d,barbaraokafor8@outlook.com,Monthly - 1 bag,2025-12-03,2026-01-02,19.00,paid,2025-12-03,
INV-20702,cus_3bwmc4tx,carlos_johnson@yahoo.com,Monthly - 1 bag,2025-12-03,2026-01-02,19.00,paid,2025-12-03,
INV-20704,cus_3rzqkdk4,sofia_allen@outlook.com,Quarterly prepaid - 1 bag/mo,2025-12-03,2026-03-02,54.00,paid,2025-12-03,
INV-20706,cus_z6hveurp,adiaz@yahoo.com,Monthly - 2 bags,2025-12-03,2026-01-02,34.00,paid,2025-12-03,
INV-20708,cus_mt6c8x43,chloe.perez@hotmail.com,Monthly - 1 bag,2025-12-03,2026-01-02,19.00,paid,2025-12-03,
INV-20710,cus_crxxgwmf,leila.ramirez@icloud.com,Monthly - 1 bag,2025-12-03,2026-01-02,19.00,paid,2025-12-03,
INV-20713,cus_9gxn29nt,patel.jennifer@aol.com,Monthly - 1 bag,2025-12-03,2026-01-02,19.00,paid,2025-12-03,
INV-20714,cus_v2e33ups,pmorris@gmail.com,Monthly - 1 bag,2025-12-04,2026-01-03,19.00,paid,2025-12-04,
INV-20716,cus_xmbaa48k,clark.richard@aol.com,Monthly - 1 bag,2025-12-04,2026-01-03,19.00,paid,2025-12-04,
INV-20719,cus_pkq8bhmq,anderson.dmitri@me.com,Monthly - 2 bags,2025-12-04,2026-01-03,34.00,paid,2025-12-04,
INV-20722,cus_5umzkvay,michelleflores62@icloud.com,Monthly - 1 bag,2025-12-04,2026-01-03,19.00,paid,2025-12-04,
INV-20723,cus_4gyxc6pd,marcus_miller@hotmail.com,Monthly - 2 bags,2025-12-05,2026-01-04,34.00,paid,2025-12-05,
INV-20726,cus_d5y845dr,steven_johnson@icloud.com,Monthly - 2 bags,2025-12-05,2026-01-04,34.00,paid,2025-12-05,
INV-20729,cus_hpnj6as3,slong@protonmail.com,Monthly - 2 bags,2025-12-05,2026-01-04,34.00,paid,2025-12-05,
INV-20732,cus_zquby2ye,chill@me.com,Monthly - 2 bags,2025-12-05,2026-01-04,34.00,paid,2025-12-05,
INV-20734,cus_rj44nx26,deborahwright62@protonmail.com,Monthly - 1 bag,2025-12-06,2026-01-05,19.00,paid,2025-12-06,
INV-20736,cus_buxrk375,mwright@hotmail.com,Monthly - 1 bag,2025-12-06,2026-01-05,19.00,paid,2025-12-06,
INV-20739,cus_shmfw3f2,melissa_kim@outlook.com,Monthly - 1 bag,2025-12-06,2026-01-05,19.00,paid,2025-12-06,
INV-20740,cus_u8pk7hxk,cturner@gmail.com,Monthly - 2 bags,2025-12-08,2026-01-07,34.00,paid,2025-12-08,
INV-20742,cus_bv84vfnq,young.ashley@gmail.com,Quarterly prepaid - 1 bag/mo,2025-12-08,2026-03-07,54.00,paid,2025-12-08,
INV-20745,cus_6k9sq9ak,kimberlyallen21@gmail.com,Monthly - 1 bag,2025-12-08,2026-01-07,19.00,paid,2025-12-08,
INV-20748,cus_8dr7jd4b,carlos.morgan@gmail.com,Monthly - 1 bag,2025-12-08,2026-01-07,19.00,paid,2025-12-08,
INV-20751,cus_yadgjf2m,mmorgan@gmail.com,Monthly - 2 bags,2025-12-08,2026-01-07,34.00,paid,2025-12-08,
INV-20752,cus_d9wxzme8,rebeccaosei2@icloud.com,Monthly - 2 bags,2025-12-09,2026-01-08,34.00,failed,2025-12-09,
INV-20754,cus_y8u592zg,sofiamensah23@protonmail.com,Monthly - 1 bag,2025-12-09,2026-01-08,19.00,paid,2025-12-09,
INV-20756,cus_x738bwqq,stevenbennett49@hotmail.com,Monthly - 2 bags,2025-12-09,2026-01-08,34.00,paid,2025-12-09,
INV-20758,cus_pm6tq5nm,wilson.amara@aol.com,Monthly - 1 bag,2025-12-09,2026-01-08,19.00,paid,2025-12-09,
INV-20760,cus_vdbf555t,omar.cruz@protonmail.com,Quarterly prepaid - 1 bag/mo,2025-12-09,2026-03-08,54.00,paid,2025-12-09,
INV-20762,cus_d9wxzme8,rebeccaosei2@icloud.com,Monthly - 2 bags,2025-12-09,2026-01-08,34.00,paid,2025-12-10,
INV-20765,cus_5jn8ejvj,murphy.betty@yahoo.com,Monthly - 2 bags,2025-12-10,2026-01-09,34.00,paid,2025-12-10,
INV-20766,cus_trz5uraw,sandra_thomas@protonmail.com,Monthly - 1 bag,2025-12-11,2026-01-10,19.00,paid,2025-12-11,
INV-20767,cus_5xtkseqm,sarahallen67@icloud.com,Monthly - 1 bag,2025-12-11,2026-01-10,19.00,paid,2025-12-11,
INV-20770,cus_4ztrhtxa,watson.mark@aol.com,Monthly - 2 bags,2025-12-11,2026-01-10,34.00,paid,2025-12-11,
INV-20773,cus_368y6wp6,dorothy_collins@yahoo.com,Monthly - 1 bag,2025-12-12,2026-01-11,19.00,paid,2025-12-12,
INV-20774,cus_fdeb8g6q,elizabeth.allen@yahoo.com,Quarterly prepaid - 1 bag/mo,2025-12-13,2026-03-12,54.00,paid,2025-12-13,
INV-20776,cus_b8xceusv,amorales@aol.com,Monthly - 2 bags,2025-12-13,2026-01-12,34.00,failed,2025-12-13,
INV-20779,cus_atdem82m,cook.eric@yahoo.com,Monthly - 1 bag,2025-12-13,2026-01-12,19.00,paid,2025-12-13,
INV-20782,cus_6tqf7ghd,dwatson@yahoo.com,Monthly - 2 bags,2025-12-13,2026-01-12,34.00,failed,2025-12-13,
INV-20783,cus_2cbttsvs,ashleyhernandez90@outlook.com,Monthly - 2 bags,2025-12-14,2026-01-13,34.00,paid,2025-12-14,
INV-20785,cus_abjbts72,chaddad@aol.com,Monthly - 2 bags,2025-12-14,2026-01-13,34.00,paid,2025-12-14,
INV-20787,cus_b8xceusv,amorales@aol.com,Monthly - 2 bags,2025-12-13,2026-01-12,34.00,paid,2025-12-14,
INV-20789,cus_78mhefjz,sandra_rogers@gmail.com,Monthly - 2 bags,2025-12-14,2026-01-13,34.00,paid,2025-12-14,
INV-20792,cus_6tqf7ghd,dwatson@yahoo.com,Monthly - 2 bags,2025-12-13,2026-01-12,34.00,paid,2025-12-14,
INV-20793,cus_9a85xep2,mary.morgan@me.com,Monthly - 1 bag,2025-12-15,2026-01-14,19.00,paid,2025-12-15,
INV-20796,cus_3kzadwt9,jhall@icloud.com,Monthly - 2 bags,2025-12-15,2026-01-14,34.00,paid,2025-12-15,
INV-20797,cus_5jpvpfwc,sarah_king@gmail.com,Monthly - 1 bag,2025-12-16,2026-01-15,19.00,paid,2025-12-16,
INV-20799,cus_pqsnz3bu,sarah.chavez@aol.com,Monthly - 1 bag,2025-12-16,2026-01-15,19.00,paid,2025-12-16,
INV-20801,cus_k2zkxvpm,danaedwards97@outlook.com,Monthly - 1 bag,2025-12-16,2026-01-15,19.00,paid,2025-12-16,
INV-20803,cus_maru5wtf,jennifer_thompson@icloud.com,Quarterly prepaid - 1 bag/mo,2025-12-16,2026-03-15,54.00,paid,2025-12-16,
INV-20806,cus_4fvssavh,carlos.baker@me.com,Monthly - 2 bags,2025-12-16,2026-01-15,34.00,paid,2025-12-16,
INV-20809,cus_tujgpauj,fatimahernandez46@protonmail.com,Quarterly prepaid - 1 bag/mo,2025-12-16,2026-03-15,54.00,paid,2025-12-16,
INV-20812,cus_xbpcudx5,jessica.reed@icloud.com,Monthly - 2 bags,2025-12-16,2026-01-15,34.00,paid,2025-12-16,
INV-20815,cus_5fhkzens,dorothyross69@yahoo.com,Monthly - 1 bag,2025-12-16,2026-01-15,19.00,paid,2025-12-16,
INV-20816,cus_p96eqebk,watson.patricia@protonmail.com,Monthly - 2 bags,2025-12-17,2026-01-16,34.00,paid,2025-12-17,
INV-20818,cus_uj9c336v,leila.jackson@aol.com,Monthly - 1 bag,2025-12-17,2026-01-16,19.00,paid,2025-12-17,
INV-20819,cus_hs2pa9tj,jeffreymyers16@hotmail.com,Monthly - 1 bag,2025-12-18,2026-01-17,19.00,paid,2025-12-18,
INV-20820,cus_rtbjtd2v,gary.perez@aol.com,Monthly - 1 bag,2025-12-18,2026-01-17,19.00,paid,2025-12-18,
INV-20823,cus_jrmv8acs,angela_diaz@outlook.com,Quarterly prepaid - 1 bag/mo,2025-12-18,2026-03-17,54.00,paid,2025-12-18,
INV-20824,cus_avpddymw,hughes.nicholas@me.com,Monthly - 1 bag,2025-12-20,2026-01-19,19.00,paid,2025-12-20,
INV-20825,cus_5p7kae4d,bennett.michael@protonmail.com,Monthly - 1 bag,2025-12-20,2026-01-19,19.00,paid,2025-12-20,
INV-20826,cus_y2rvnner,lee.cynthia@me.com,Monthly - 1 bag,2025-12-21,2026-01-20,19.00,paid,2025-12-21,
INV-20827,cus_vxk4uyjq,ingridanderson2@yahoo.com,Monthly - 2 bags,2025-12-21,2026-01-20,34.00,paid,2025-12-21,
INV-20828,cus_s3uhc2bc,nmorgan@outlook.com,Quarterly prepaid - 1 bag/mo,2025-12-21,2026-03-20,54.00,paid,2025-12-21,
INV-20830,cus_s2c55jqg,mensah.matthew@protonmail.com,Monthly - 1 bag,2025-12-21,2026-01-20,19.00,paid,2025-12-21,
INV-20833,cus_56bgzcmd,amara.haddad@outlook.com,Monthly - 2 bags,2025-12-21,2026-01-20,34.00,paid,2025-12-21,
INV-20835,cus_vy7kqma3,bettycook3@icloud.com,Monthly - 1 bag,2025-12-22,2026-01-21,19.00,failed,2025-12-22,
INV-20838,cus_ypzxnpt6,murphy.michael@gmail.com,Monthly - 1 bag,2025-12-22,2026-01-21,19.00,paid,2025-12-22,
INV-20839,cus_vy7kqma3,bettycook3@icloud.com,Monthly - 1 bag,2025-12-22,2026-01-21,19.00,paid,2025-12-23,
INV-20841,cus_cgwfgywk,ronald_wood@me.com,Monthly - 1 bag,2025-12-23,2026-01-22,19.00,paid,2025-12-23,
INV-20844,cus_gcf3zyvx,price.luis@gmail.com,Monthly - 1 bag,2025-12-23,2026-01-22,19.00,paid,2025-12-23,
INV-20845,cus_m8nvqzpd,christopher.alvarez@protonmail.com,Monthly - 2 bags,2025-12-24,2026-01-23,34.00,paid,2025-12-24,
INV-20847,cus_nw2hpupf,weiwright62@aol.com,Monthly - 2 bags,2025-12-24,2026-01-23,34.00,paid,2025-12-24,
INV-20850,cus_f4hh49bn,angela_jackson@aol.com,Quarterly prepaid - 1 bag/mo,2025-12-24,2026-03-23,54.00,paid,2025-12-24,
INV-20851,cus_2rj8qrmt,dmiller@protonmail.com,Monthly - 1 bag,2025-12-25,2026-01-24,19.00,paid,2025-12-25,
INV-20854,cus_eg9eh2ad,brodriguez@me.com,Monthly - 2 bags,2025-12-25,2026-01-24,34.00,paid,2025-12-25,
INV-20856,cus_eazrqyyv,joshua_stewart@aol.com,Monthly - 1 bag,2025-12-26,2026-01-25,19.00,paid,2025-12-26,
INV-20859,cus_pdkzq3hh,jones.amy@protonmail.com,Monthly - 2 bags,2025-12-26,2026-01-25,34.00,paid,2025-12-26,
INV-20860,cus_5eeapqd4,gary.wright@outlook.com,Monthly - 1 bag,2025-12-27,2026-01-26,19.00,paid,2025-12-27,
INV-20863,cus_sf5jy5tk,laura_cox@hotmail.com,Monthly - 1 bag,2025-12-27,2026-01-26,19.00,paid,2025-12-27,
INV-20864,cus_r5zfreej,john_moore@yahoo.com,Monthly - 1 bag,2025-12-28,2026-01-27,19.00,paid,2025-12-28,
INV-20866,cus_fyy8uth6,johnbrooks53@protonmail.com,Monthly - 1 bag,2025-12-28,2026-01-27,19.00,paid,2025-12-28,
INV-20868,cus_rrtukftw,marcusdiaz65@icloud.com,Monthly - 1 bag,2025-12-28,2026-01-27,19.00,paid,2025-12-28,
INV-20871,cus_pgz6kdqa,omar.green@protonmail.com,Quarterly prepaid - 1 bag/mo,2025-12-28,2026-03-27,54.00,paid,2025-12-28,
INV-20874,cus_643cjds3,sarah_reed@protonmail.com,Monthly - 2 bags,2025-12-28,2026-01-27,34.00,paid,2025-12-28,
INV-20877,cus_48aape7y,mateo.martin@protonmail.com,Monthly - 1 bag,2025-12-28,2026-01-27,19.00,failed,2025-12-28,
INV-20878,cus_48aape7y,mateo.martin@protonmail.com,Monthly - 1 bag,2025-12-28,2026-01-27,19.00,paid,2025-12-29,
INV-20879,cus_8s9gdqwu,thomas.richardson@hotmail.com,Monthly - 1 bag,2026-01-02,2026-02-01,19.00,paid,2026-01-02,
INV-20880,cus_j34zk7g4,jacob_flores@gmail.com,Monthly - 2 bags,2026-01-02,2026-02-01,34.00,paid,2026-01-02,
INV-20882,cus_ns2asbkz,gomez.eric@protonmail.com,Monthly - 2 bags,2026-01-02,2026-02-01,34.00,paid,2026-01-02,
INV-20883,cus_fghfk74d,barbaraokafor8@outlook.com,Monthly - 1 bag,2026-01-03,2026-02-02,19.00,paid,2026-01-03,
INV-20884,cus_awaugsgj,haddad.kevin@hotmail.com,Quarterly prepaid - 1 bag/mo,2026-01-03,2026-04-02,54.00,paid,2026-01-03,
INV-20885,cus_3bwmc4tx,carlos_johnson@yahoo.com,Monthly - 1 bag,2026-01-03,2026-02-02,19.00,paid,2026-01-03,
INV-20886,cus_mt6c8x43,chloe.perez@hotmail.com,Monthly - 1 bag,2026-01-03,2026-02-02,19.00,paid,2026-01-03,
INV-20888,cus_z6hveurp,adiaz@yahoo.com,Monthly - 2 bags,2026-01-03,2026-02-02,34.00,paid,2026-01-03,
INV-20890,cus_9gxn29nt,patel.jennifer@aol.com,Monthly - 1 bag,2026-01-03,2026-02-02,19.00,paid,2026-01-03,
INV-20893,cus_crxxgwmf,leila.ramirez@icloud.com,Monthly - 1 bag,2026-01-03,2026-02-02,19.00,paid,2026-01-03,
INV-20894,cus_v2e33ups,pmorris@gmail.com,Monthly - 1 bag,2026-01-04,2026-02-03,19.00,paid,2026-01-04,
INV-20896,cus_5umzkvay,michelleflores62@icloud.com,Monthly - 1 bag,2026-01-04,2026-02-03,19.00,paid,2026-01-04,
INV-20898,cus_xmbaa48k,clark.richard@aol.com,Monthly - 1 bag,2026-01-04,2026-02-03,19.00,paid,2026-01-04,
INV-20901,cus_pkq8bhmq,anderson.dmitri@me.com,Monthly - 2 bags,2026-01-04,2026-02-03,34.00,paid,2026-01-04,
INV-20902,cus_hpnj6as3,slong@protonmail.com,Monthly - 2 bags,2026-01-05,2026-02-04,34.00,paid,2026-01-05,
INV-20904,cus_zquby2ye,chill@me.com,Monthly - 2 bags,2026-01-05,2026-02-04,34.00,paid,2026-01-05,
INV-20907,cus_4gyxc6pd,marcus_miller@hotmail.com,Monthly - 2 bags,2026-01-05,2026-02-04,34.00,paid,2026-01-05,
INV-20910,cus_d5y845dr,steven_johnson@icloud.com,Monthly - 2 bags,2026-01-05,2026-02-04,34.00,paid,2026-01-05,
INV-20911,cus_shmfw3f2,melissa_kim@outlook.com,Monthly - 1 bag,2026-01-06,2026-02-05,19.00,paid,2026-01-06,
INV-20913,cus_buxrk375,mwright@hotmail.com,Monthly - 1 bag,2026-01-06,2026-02-05,19.00,paid,2026-01-06,
INV-20916,cus_rj44nx26,deborahwright62@protonmail.com,Monthly - 1 bag,2026-01-06,2026-02-05,19.00,paid,2026-01-06,
INV-20918,cus_6k9sq9ak,kimberlyallen21@gmail.com,Monthly - 1 bag,2026-01-08,2026-02-07,19.00,paid,2026-01-08,
INV-20920,cus_8kyyeecz,miller.margaret@protonmail.com,Monthly - 1 bag,2026-01-08,2026-02-07,0.00,paid,2026-01-08,first bag free
INV-20923,cus_u8pk7hxk,cturner@gmail.com,Monthly - 2 bags,2026-01-08,2026-02-07,34.00,paid,2026-01-08,
INV-20926,cus_yadgjf2m,mmorgan@gmail.com,Monthly - 2 bags,2026-01-08,2026-02-07,34.00,paid,2026-01-08,
INV-20929,cus_8dr7jd4b,carlos.morgan@gmail.com,Monthly - 1 bag,2026-01-08,2026-02-07,19.00,paid,2026-01-08,
INV-20930,cus_d9wxzme8,rebeccaosei2@icloud.com,Monthly - 2 bags,2026-01-09,2026-02-08,34.00,paid,2026-01-09,
INV-20932,cus_y8u592zg,sofiamensah23@protonmail.com,Monthly - 1 bag,2026-01-09,2026-02-08,19.00,paid,2026-01-09,
INV-20934,cus_pm6tq5nm,wilson.amara@aol.com,Monthly - 1 bag,2026-01-09,2026-02-08,19.00,paid,2026-01-09,
INV-20937,cus_x738bwqq,stevenbennett49@hotmail.com,Monthly - 2 bags,2026-01-09,2026-02-08,34.00,paid,2026-01-09,
INV-20938,cus_5jn8ejvj,murphy.betty@yahoo.com,Monthly - 2 bags,2026-01-10,2026-02-09,34.00,paid,2026-01-10,
INV-20939,cus_6pupkhnu,collins.marcus@icloud.com,Monthly - 1 bag,2026-01-10,2026-02-09,19.00,paid,2026-01-10,
INV-20941,cus_trz5uraw,sandra_thomas@protonmail.com,Monthly - 1 bag,2026-01-11,2026-02-10,19.00,paid,2026-01-11,
INV-20944,cus_5xtkseqm,sarahallen67@icloud.com,Monthly - 1 bag,2026-01-11,2026-02-10,19.00,paid,2026-01-11,
INV-20947,cus_4ztrhtxa,watson.mark@aol.com,Monthly - 2 bags,2026-01-11,2026-02-10,34.00,paid,2026-01-11,
INV-20950,cus_368y6wp6,dorothy_collins@yahoo.com,Monthly - 1 bag,2026-01-12,2026-02-11,19.00,paid,2026-01-12,
INV-20951,cus_6tqf7ghd,dwatson@yahoo.com,Monthly - 2 bags,2026-01-13,2026-02-12,34.00,paid,2026-01-13,
INV-20952,cus_b8xceusv,amorales@aol.com,Monthly - 2 bags,2026-01-13,2026-02-12,34.00,paid,2026-01-13,
INV-20954,cus_atdem82m,cook.eric@yahoo.com,Monthly - 1 bag,2026-01-13,2026-02-12,19.00,paid,2026-01-13,
INV-20957,cus_abjbts72,chaddad@aol.com,Monthly - 2 bags,2026-01-14,2026-02-13,34.00,paid,2026-01-14,
INV-20960,cus_78mhefjz,sandra_rogers@gmail.com,Monthly - 2 bags,2026-01-14,2026-02-13,34.00,void,2026-01-14,subscription cancelled
INV-20963,cus_2cbttsvs,ashleyhernandez90@outlook.com,Monthly - 2 bags,2026-01-14,2026-02-13,34.00,paid,2026-01-14,
INV-20966,cus_85ats8sn,timothy_lee@gmail.com,Quarterly prepaid - 1 bag/mo,2026-01-14,2026-04-13,54.00,paid,2026-01-14,
INV-20967,cus_9a85xep2,mary.morgan@me.com,Monthly - 1 bag,2026-01-15,2026-02-14,19.00,paid,2026-01-15,
INV-20969,cus_3kzadwt9,jhall@icloud.com,Monthly - 2 bags,2026-01-15,2026-02-14,34.00,paid,2026-01-15,
INV-20970,cus_pqsnz3bu,sarah.chavez@aol.com,Monthly - 1 bag,2026-01-16,2026-02-15,19.00,paid,2026-01-16,
INV-20971,cus_4fvssavh,carlos.baker@me.com,Monthly - 2 bags,2026-01-16,2026-02-15,34.00,void,2026-01-16,subscription cancelled
INV-20973,cus_5fhkzens,dorothyross69@yahoo.com,Monthly - 1 bag,2026-01-16,2026-02-15,19.00,paid,2026-01-16,
INV-20976,cus_k2zkxvpm,danaedwards97@outlook.com,Monthly - 1 bag,2026-01-16,2026-02-15,19.00,paid,2026-01-16,
INV-20979,cus_5jpvpfwc,sarah_king@gmail.com,Monthly - 1 bag,2026-01-16,2026-02-15,19.00,paid,2026-01-16,
INV-20982,cus_xbpcudx5,jessica.reed@icloud.com,Monthly - 2 bags,2026-01-16,2026-02-15,34.00,paid,2026-01-16,
INV-20985,cus_p96eqebk,watson.patricia@protonmail.com,Monthly - 2 bags,2026-01-17,2026-02-16,34.00,paid,2026-01-17,
INV-20988,cus_uj9c336v,leila.jackson@aol.com,Monthly - 1 bag,2026-01-17,2026-02-16,19.00,paid,2026-01-17,
INV-20989,cus_rtbjtd2v,gary.perez@aol.com,Monthly - 1 bag,2026-01-18,2026-02-17,19.00,paid,2026-01-18,
INV-20991,cus_hs2pa9tj,jeffreymyers16@hotmail.com,Monthly - 1 bag,2026-01-18,2026-02-17,19.00,paid,2026-01-18,
INV-20992,cus_nuj4v89x,angela_okafor@icloud.com,Quarterly prepaid - 1 bag/mo,2026-01-19,2026-04-18,54.00,failed,2026-01-19,
INV-20993,cus_faejyhve,jcook@protonmail.com,Quarterly prepaid - 1 bag/mo,2026-01-19,2026-04-18,54.00,paid,2026-01-19,
INV-20994,cus_evu3dmbq,dana_morales@outlook.com,Quarterly prepaid - 1 bag/mo,2026-01-20,2026-04-19,54.00,paid,2026-01-20,
INV-20996,cus_5p7kae4d,bennett.michael@protonmail.com,Monthly - 1 bag,2026-01-20,2026-02-19,19.00,paid,2026-01-20,
INV-20998,cus_qupujvbg,thomasbailey25@protonmail.com,Quarterly prepaid - 1 bag/mo,2026-01-20,2026-04-19,54.00,paid,2026-01-20,
INV-21001,cus_nuj4v89x,angela_okafor@icloud.com,Quarterly prepaid - 1 bag/mo,2026-01-19,2026-04-18,54.00,paid,2026-01-20,
INV-21004,cus_avpddymw,hughes.nicholas@me.com,Monthly - 1 bag,2026-01-20,2026-02-19,19.00,paid,2026-01-20,
INV-21005,cus_s2c55jqg,mensah.matthew@protonmail.com,Monthly - 1 bag,2026-01-21,2026-02-20,19.00,paid,2026-01-21,
INV-21007,cus_y2rvnner,lee.cynthia@me.com,Monthly - 1 bag,2026-01-21,2026-02-20,19.00,paid,2026-01-21,
INV-21009,cus_vxk4uyjq,ingridanderson2@yahoo.com,Monthly - 2 bags,2026-01-21,2026-02-20,34.00,paid,2026-01-21,
INV-21011,cus_56bgzcmd,amara.haddad@outlook.com,Monthly - 2 bags,2026-01-21,2026-02-20,34.00,paid,2026-01-21,
INV-21012,cus_vy7kqma3,bettycook3@icloud.com,Monthly - 1 bag,2026-01-22,2026-02-21,19.00,paid,2026-01-22,
INV-21013,cus_fy6wx4nc,sofia_wilson@me.com,Monthly - 1 bag,2026-01-22,2026-02-21,19.00,paid,2026-01-22,
INV-21016,cus_ypzxnpt6,murphy.michael@gmail.com,Monthly - 1 bag,2026-01-22,2026-02-21,19.00,paid,2026-01-22,
INV-21018,cus_cgwfgywk,ronald_wood@me.com,Monthly - 1 bag,2026-01-23,2026-02-22,19.00,paid,2026-01-23,
INV-21020,cus_gcf3zyvx,price.luis@gmail.com,Monthly - 1 bag,2026-01-23,2026-02-22,19.00,paid,2026-01-23,
INV-21023,cus_m8nvqzpd,christopher.alvarez@protonmail.com,Monthly - 2 bags,2026-01-24,2026-02-23,34.00,paid,2026-01-24,
INV-21026,cus_nw2hpupf,weiwright62@aol.com,Monthly - 2 bags,2026-01-24,2026-02-23,34.00,paid,2026-01-24,
INV-21028,cus_eg9eh2ad,brodriguez@me.com,Monthly - 2 bags,2026-01-25,2026-02-24,34.00,paid,2026-01-25,
INV-21031,cus_2rj8qrmt,dmiller@protonmail.com,Monthly - 1 bag,2026-01-25,2026-02-24,19.00,paid,2026-01-25,
INV-21033,cus_pdkzq3hh,jones.amy@protonmail.com,Monthly - 2 bags,2026-01-26,2026-02-25,34.00,paid,2026-01-26,
INV-21036,cus_eazrqyyv,joshua_stewart@aol.com,Monthly - 1 bag,2026-01-26,2026-02-25,19.00,paid,2026-01-26,
INV-21039,cus_jb8aqw9k,david_kim@protonmail.com,Quarterly prepaid - 1 bag/mo,2026-01-26,2026-04-25,54.00,paid,2026-01-26,
INV-21041,cus_spk8n33f,amaraedwards77@outlook.com,Quarterly prepaid - 1 bag/mo,2026-01-27,2026-04-26,54.00,paid,2026-01-27,
INV-21043,cus_sf5jy5tk,laura_cox@hotmail.com,Monthly - 1 bag,2026-01-27,2026-02-26,19.00,paid,2026-01-27,
INV-21045,cus_khz6bsb4,paul.johnson@me.com,Monthly - 1 bag,2026-01-27,2026-02-26,0.00,paid,2026-01-27,first bag free
INV-21048,cus_5eeapqd4,gary.wright@outlook.com,Monthly - 1 bag,2026-01-27,2026-02-26,19.00,paid,2026-01-27,
INV-21051,cus_jf2gfc77,amararichardson43@yahoo.com,Monthly - 1 bag,2026-01-27,2026-02-26,0.00,paid,2026-01-27,first bag free
INV-21052,cus_gagx7eww,rahul.anderson@me.com,Quarterly prepaid - 1 bag/mo,2026-01-28,2026-04-27,54.00,paid,2026-01-28,
INV-21053,cus_643cjds3,sarah_reed@protonmail.com,Monthly - 2 bags,2026-01-28,2026-02-27,34.00,paid,2026-01-28,
INV-21054,cus_48aape7y,mateo.martin@protonmail.com,Monthly - 1 bag,2026-01-28,2026-02-27,19.00,paid,2026-01-28,
INV-21055,cus_y75gs546,hiroshijackson99@aol.com,Quarterly prepaid - 1 bag/mo,2026-01-28,2026-04-27,54.00,paid,2026-01-28,
INV-21057,cus_r5zfreej,john_moore@yahoo.com,Monthly - 1 bag,2026-01-28,2026-02-27,19.00,paid,2026-01-28,
INV-21060,cus_fyy8uth6,johnbrooks53@protonmail.com,Monthly - 1 bag,2026-01-28,2026-02-27,19.00,paid,2026-01-28,
INV-21063,cus_rrtukftw,marcusdiaz65@icloud.com,Monthly - 1 bag,2026-01-28,2026-02-27,19.00,paid,2026-01-28,
INV-21064,cus_j34zk7g4,jacob_flores@gmail.com,Monthly - 2 bags,2026-02-02,2026-03-01,34.00,paid,2026-02-02,
INV-21065,cus_8s9gdqwu,thomas.richardson@hotmail.com,Monthly - 1 bag,2026-02-02,2026-03-01,19.00,paid,2026-02-02,
INV-21067,cus_ns2asbkz,gomez.eric@protonmail.com,Monthly - 2 bags,2026-02-02,2026-03-01,34.00,paid,2026-02-02,
INV-21068,cus_z6hveurp,adiaz@yahoo.com,Monthly - 2 bags,2026-02-03,2026-03-02,34.00,paid,2026-02-03,
INV-21069,cus_crxxgwmf,leila.ramirez@icloud.com,Monthly - 1 bag,2026-02-03,2026-03-02,19.00,paid,2026-02-03,
INV-21072,cus_fghfk74d,barbaraokafor8@outlook.com,Monthly - 1 bag,2026-02-03,2026-03-02,19.00,paid,2026-02-03,
INV-21075,cus_9gxn29nt,patel.jennifer@aol.com,Monthly - 1 bag,2026-02-03,2026-03-02,19.00,paid,2026-02-03,
INV-21078,cus_mt6c8x43,chloe.perez@hotmail.com,Monthly - 1 bag,2026-02-03,2026-03-02,19.00,paid,2026-02-03,
INV-21081,cus_3bwmc4tx,carlos_johnson@yahoo.com,Monthly - 1 bag,2026-02-03,2026-03-02,19.00,paid,2026-02-03,
INV-21082,cus_5umzkvay,michelleflores62@icloud.com,Monthly - 1 bag,2026-02-04,2026-03-03,19.00,paid,2026-02-04,
INV-21083,cus_v2e33ups,pmorris@gmail.com,Monthly - 1 bag,2026-02-04,2026-03-03,19.00,paid,2026-02-04,
INV-21085,cus_pkq8bhmq,anderson.dmitri@me.com,Monthly - 2 bags,2026-02-04,2026-03-03,34.00,paid,2026-02-04,
INV-21087,cus_xmbaa48k,clark.richard@aol.com,Monthly - 1 bag,2026-02-04,2026-03-03,19.00,paid,2026-02-04,
INV-21089,cus_4gyxc6pd,marcus_miller@hotmail.com,Monthly - 2 bags,2026-02-05,2026-03-04,34.00,paid,2026-02-05,
INV-21091,cus_zquby2ye,chill@me.com,Monthly - 2 bags,2026-02-05,2026-03-04,34.00,void,2026-02-05,subscription cancelled
INV-21094,cus_hpnj6as3,slong@protonmail.com,Monthly - 2 bags,2026-02-05,2026-03-04,34.00,paid,2026-02-05,
INV-21097,cus_d5y845dr,steven_johnson@icloud.com,Monthly - 2 bags,2026-02-05,2026-03-04,34.00,paid,2026-02-05,
INV-21098,cus_shmfw3f2,melissa_kim@outlook.com,Monthly - 1 bag,2026-02-06,2026-03-05,19.00,paid,2026-02-06,
INV-21100,cus_nghny7v3,deborahgutierrez9@gmail.com,Monthly - 1 bag,2026-02-06,2026-03-05,19.00,paid,2026-02-06,
INV-21102,cus_rj44nx26,deborahwright62@protonmail.com,Monthly - 1 bag,2026-02-06,2026-03-05,19.00,paid,2026-02-06,
INV-21105,cus_buxrk375,mwright@hotmail.com,Monthly - 1 bag,2026-02-06,2026-03-05,19.00,paid,2026-02-06,
INV-21108,cus_xak34nss,elizabeth.williams@aol.com,Monthly - 1 bag,2026-02-07,2026-03-06,19.00,paid,2026-02-07,
INV-21110,cus_6k9sq9ak,kimberlyallen21@gmail.com,Monthly - 1 bag,2026-02-08,2026-03-07,19.00,paid,2026-02-08,
INV-21113,cus_8kyyeecz,miller.margaret@protonmail.com,Monthly - 1 bag,2026-02-08,2026-03-07,19.00,paid,2026-02-08,
INV-21116,cus_yadgjf2m,mmorgan@gmail.com,Monthly - 2 bags,2026-02-08,2026-03-07,34.00,paid,2026-02-08,
INV-21119,cus_8dr7jd4b,carlos.morgan@gmail.com,Monthly - 1 bag,2026-02-08,2026-03-07,19.00,paid,2026-02-08,
INV-21122,cus_u8pk7hxk,cturner@gmail.com,Monthly - 2 bags,2026-02-08,2026-03-07,34.00,paid,2026-02-08,
INV-21123,cus_y8u592zg,sofiamensah23@protonmail.com,Monthly - 1 bag,2026-02-09,2026-03-08,19.00,paid,2026-02-09,
INV-21124,cus_u4658jb5,barbara.mensah@yahoo.com,Quarterly prepaid - 1 bag/mo,2026-02-09,2026-05-08,54.00,paid,2026-02-09,
INV-21125,cus_pm6tq5nm,wilson.amara@aol.com,Monthly - 1 bag,2026-02-09,2026-03-08,19.00,paid,2026-02-09,
INV-21126,cus_x738bwqq,stevenbennett49@hotmail.com,Monthly - 2 bags,2026-02-09,2026-03-08,34.00,paid,2026-02-09,
INV-21129,cus_d9wxzme8,rebeccaosei2@icloud.com,Monthly - 2 bags,2026-02-09,2026-03-08,34.00,paid,2026-02-09,
INV-21132,cus_6gx5ft6q,osei.elizabeth@aol.com,Quarterly prepaid - 1 bag/mo,2026-02-09,2026-05-08,54.00,paid,2026-02-09,
INV-21134,cus_2efrxxee,priya.castillo@hotmail.com,Monthly - 1 bag,2026-02-10,2026-03-09,0.00,paid,2026-02-10,first bag free
INV-21136,cus_6pupkhnu,collins.marcus@icloud.com,Monthly - 1 bag,2026-02-10,2026-03-09,19.00,paid,2026-02-10,
INV-21138,cus_5jn8ejvj,murphy.betty@yahoo.com,Monthly - 2 bags,2026-02-10,2026-03-09,34.00,void,2026-02-10,subscription cancelled
INV-21141,cus_qwxvkrke,anna_gutierrez@outlook.com,Monthly - 1 bag,2026-02-10,2026-03-09,19.00,paid,2026-02-10,
INV-21143,cus_trz5uraw,sandra_thomas@protonmail.com,Monthly - 1 bag,2026-02-11,2026-03-10,19.00,paid,2026-02-11,
INV-21146,cus_5xtkseqm,sarahallen67@icloud.com,Monthly - 1 bag,2026-02-11,2026-03-10,19.00,paid,2026-02-11,
INV-21149,cus_4ztrhtxa,watson.mark@aol.com,Monthly - 2 bags,2026-02-11,2026-03-10,34.00,paid,2026-02-11,
INV-21150,cus_a2tjcj4m,marcusedwards11@gmail.com,Quarterly prepaid - 1 bag/mo,2026-02-12,2026-05-11,54.00,paid,2026-02-12,
INV-21153,cus_368y6wp6,dorothy_collins@yahoo.com,Monthly - 1 bag,2026-02-12,2026-03-11,19.00,paid,2026-02-12,
INV-21155,cus_6tqf7ghd,dwatson@yahoo.com,Monthly - 2 bags,2026-02-13,2026-03-12,34.00,failed,2026-02-13,
INV-21157,cus_8rw5tq82,angelasanchez92@outlook.com,Monthly - 1 bag,2026-02-13,2026-03-12,19.00,paid,2026-02-13,
INV-21160,cus_b8xceusv,amorales@aol.com,Monthly - 2 bags,2026-02-13,2026-03-12,34.00,paid,2026-02-13,
INV-21163,cus_atdem82m,cook.eric@yahoo.com,Monthly - 1 bag,2026-02-13,2026-03-12,19.00,paid,2026-02-13,
INV-21165,cus_abjbts72,chaddad@aol.com,Monthly - 2 bags,2026-02-14,2026-03-13,34.00,paid,2026-02-14,
INV-21168,cus_2cbttsvs,ashleyhernandez90@outlook.com,Monthly - 2 bags,2026-02-14,2026-03-13,34.00,paid,2026-02-14,
INV-21171,cus_6tqf7ghd,dwatson@yahoo.com,Monthly - 2 bags,2026-02-13,2026-03-12,34.00,paid,2026-02-14,
INV-21172,cus_9a85xep2,mary.morgan@me.com,Monthly - 1 bag,2026-02-15,2026-03-14,19.00,failed,2026-02-15,
INV-21173,cus_w76u4q66,cooper.angela@me.com,Monthly - 1 bag,2026-02-15,2026-03-14,0.00,paid,2026-02-15,first bag free
INV-21176,cus_3kzadwt9,jhall@icloud.com,Monthly - 2 bags,2026-02-15,2026-03-14,34.00,paid,2026-02-15,
INV-21177,cus_9a85xep2,mary.morgan@me.com,Monthly - 1 bag,2026-02-15,2026-03-14,19.00,paid,2026-02-16,
INV-21178,cus_5fhkzens,dorothyross69@yahoo.com,Monthly - 1 bag,2026-02-16,2026-03-15,19.00,paid,2026-02-16,
INV-21180,cus_5jpvpfwc,sarah_king@gmail.com,Monthly - 1 bag,2026-02-16,2026-03-15,19.00,paid,2026-02-16,
INV-21182,cus_xbpcudx5,jessica.reed@icloud.com,Monthly - 2 bags,2026-02-16,2026-03-15,34.00,paid,2026-02-16,
INV-21184,cus_k2zkxvpm,danaedwards97@outlook.com,Monthly - 1 bag,2026-02-16,2026-03-15,19.00,paid,2026-02-16,
INV-21187,cus_pqsnz3bu,sarah.chavez@aol.com,Monthly - 1 bag,2026-02-16,2026-03-15,19.00,paid,2026-02-16,
INV-21189,cus_uj9c336v,leila.jackson@aol.com,Monthly - 1 bag,2026-02-17,2026-03-16,19.00,paid,2026-02-17,
INV-21191,cus_78gdzxvc,wilson.dorothy@protonmail.com,Quarterly prepaid - 1 bag/mo,2026-02-17,2026-05-16,54.00,failed,2026-02-17,
INV-21194,cus_p96eqebk,watson.patricia@protonmail.com,Monthly - 2 bags,2026-02-17,2026-03-16,34.00,failed,2026-02-17,
INV-21195,cus_rtbjtd2v,gary.perez@aol.com,Monthly - 1 bag,2026-02-18,2026-03-17,19.00,paid,2026-02-18,
INV-21197,cus_hs2pa9tj,jeffreymyers16@hotmail.com,Monthly - 1 bag,2026-02-18,2026-03-17,19.00,paid,2026-02-18,
INV-21199,cus_78gdzxvc,wilson.dorothy@protonmail.com,Quarterly prepaid - 1 bag/mo,2026-02-17,2026-05-16,54.00,paid,2026-02-18,
INV-21201,cus_p96eqebk,watson.patricia@protonmail.com,Monthly - 2 bags,2026-02-17,2026-03-16,34.00,paid,2026-02-18,
INV-21203,cus_avpddymw,hughes.nicholas@me.com,Monthly - 1 bag,2026-02-20,2026-03-19,19.00,paid,2026-02-20,
INV-21205,cus_5p7kae4d,bennett.michael@protonmail.com,Monthly - 1 bag,2026-02-20,2026-03-19,19.00,paid,2026-02-20,
INV-21206,cus_s2c55jqg,mensah.matthew@protonmail.com,Monthly - 1 bag,2026-02-21,2026-03-20,19.00,paid,2026-02-21,
INV-21207,cus_vxk4uyjq,ingridanderson2@yahoo.com,Monthly - 2 bags,2026-02-21,2026-03-20,34.00,paid,2026-02-21,
INV-21208,cus_y2rvnner,lee.cynthia@me.com,Monthly - 1 bag,2026-02-21,2026-03-20,19.00,paid,2026-02-21,
INV-21209,cus_s98bu986,paul.rivera@protonmail.com,Monthly - 1 bag,2026-02-21,2026-03-20,19.00,paid,2026-02-21,
INV-21211,cus_56bgzcmd,amara.haddad@outlook.com,Monthly - 2 bags,2026-02-21,2026-03-20,34.00,paid,2026-02-21,
INV-21212,cus_fy6wx4nc,sofia_wilson@me.com,Monthly - 1 bag,2026-02-22,2026-03-21,19.00,paid,2026-02-22,
INV-21214,cus_ac9k2wrg,williammyers93@protonmail.com,Monthly - 1 bag,2026-02-22,2026-03-21,0.00,paid,2026-02-22,first bag free
INV-21217,cus_vy7kqma3,bettycook3@icloud.com,Monthly - 1 bag,2026-02-22,2026-03-21,19.00,paid,2026-02-22,
INV-21220,cus_ypzxnpt6,murphy.michael@gmail.com,Monthly - 1 bag,2026-02-22,2026-03-21,19.00,paid,2026-02-22,
INV-21221,cus_gcf3zyvx,price.luis@gmail.com,Monthly - 1 bag,2026-02-23,2026-03-22,19.00,paid,2026-02-23,
INV-21224,cus_cgwfgywk,ronald_wood@me.com,Monthly - 1 bag,2026-02-23,2026-03-22,19.00,paid,2026-02-23,
INV-21225,cus_hj8s73wu,karenbrown3@gmail.com,Quarterly prepaid - 1 bag/mo,2026-02-24,2026-05-23,54.00,paid,2026-02-24,
INV-21227,cus_akjss796,ashley.murphy@yahoo.com,Monthly - 1 bag,2026-02-24,2026-03-23,0.00,paid,2026-02-24,first bag free
INV-21229,cus_nw2hpupf,weiwright62@aol.com,Monthly - 2 bags,2026-02-24,2026-03-23,34.00,paid,2026-02-24,
INV-21231,cus_m8nvqzpd,christopher.alvarez@protonmail.com,Monthly - 2 bags,2026-02-24,2026-03-23,34.00,paid,2026-02-24,
INV-21233,cus_82xzhdym,stephanie.mitchell@aol.com,Quarterly prepaid - 1 bag/mo,2026-02-25,2026-05-24,54.00,paid,2026-02-25,
INV-21235,cus_2rj8qrmt,dmiller@protonmail.com,Monthly - 1 bag,2026-02-25,2026-03-24,19.00,paid,2026-02-25,
INV-21238,cus_eg9eh2ad,brodriguez@me.com,Monthly - 2 bags,2026-02-25,2026-03-24,34.00,paid,2026-02-25,
INV-21239,cus_pdkzq3hh,jones.amy@protonmail.com,Monthly - 2 bags,2026-02-26,2026-03-25,34.00,paid,2026-02-26,
INV-21240,cus_eazrqyyv,joshua_stewart@aol.com,Monthly - 1 bag,2026-02-26,2026-03-25,19.00,void,2026-02-26,subscription cancelled
INV-21241,cus_khz6bsb4,paul.johnson@me.com,Monthly - 1 bag,2026-02-27,2026-03-26,19.00,void,2026-02-27,trial not converted
INV-21242,cus_jf2gfc77,amararichardson43@yahoo.com,Monthly - 1 bag,2026-02-27,2026-03-26,19.00,void,2026-02-27,trial not converted
INV-21244,cus_sf5jy5tk,laura_cox@hotmail.com,Monthly - 1 bag,2026-02-27,2026-03-26,19.00,paid,2026-02-27,
INV-21247,cus_5eeapqd4,gary.wright@outlook.com,Monthly - 1 bag,2026-02-27,2026-03-26,19.00,paid,2026-02-27,
INV-21248,cus_643cjds3,sarah_reed@protonmail.com,Monthly - 2 bags,2026-02-28,2026-03-27,34.00,paid,2026-02-28,
INV-21249,cus_48aape7y,mateo.martin@protonmail.com,Monthly - 1 bag,2026-02-28,2026-03-27,19.00,paid,2026-02-28,
INV-21251,cus_fyy8uth6,johnbrooks53@protonmail.com,Monthly - 1 bag,2026-02-28,2026-03-27,19.00,paid,2026-02-28,
INV-21253,cus_r5zfreej,john_moore@yahoo.com,Monthly - 1 bag,2026-02-28,2026-03-27,19.00,paid,2026-02-28,
INV-21256,cus_464g5ucu,angelahill41@hotmail.com,Quarterly prepaid - 1 bag/mo,2026-02-28,2026-05-27,54.00,paid,2026-02-28,
INV-21259,cus_rrtukftw,marcusdiaz65@icloud.com,Monthly - 1 bag,2026-02-28,2026-03-27,19.00,paid,2026-02-28,
INV-21260,cus_ns2asbkz,gomez.eric@protonmail.com,Monthly - 2 bags,2026-03-02,2026-04-01,34.00,paid,2026-03-02,
INV-21262,cus_gttpd87z,ashley_ross@outlook.com,Quarterly prepaid - 1 bag/mo,2026-03-02,2026-06-01,54.00,paid,2026-03-02,
INV-21265,cus_j34zk7g4,jacob_flores@gmail.com,Monthly - 2 bags,2026-03-02,2026-04-01,34.00,paid,2026-03-02,
INV-21268,cus_8s9gdqwu,thomas.richardson@hotmail.com,Monthly - 1 bag,2026-03-02,2026-04-01,19.00,paid,2026-03-02,
INV-21271,cus_vgsd9ypk,rahul_parker@gmail.com,Monthly - 1 bag,2026-03-02,2026-04-01,0.00,paid,2026-03-02,first bag free
INV-21272,cus_crxxgwmf,leila.ramirez@icloud.com,Monthly - 1 bag,2026-03-03,2026-04-02,19.00,paid,2026-03-03,
INV-21273,cus_z6hveurp,adiaz@yahoo.com,Monthly - 2 bags,2026-03-03,2026-04-02,34.00,paid,2026-03-03,
INV-21274,cus_9gxn29nt,patel.jennifer@aol.com,Monthly - 1 bag,2026-03-03,2026-04-02,19.00,paid,2026-03-03,
INV-21275,cus_3rzqkdk4,sofia_allen@outlook.com,Quarterly prepaid - 1 bag/mo,2026-03-03,2026-06-02,54.00,paid,2026-03-03,
INV-21276,cus_mt6c8x43,chloe.perez@hotmail.com,Monthly - 1 bag,2026-03-03,2026-04-02,19.00,paid,2026-03-03,
INV-21278,cus_3bwmc4tx,carlos_johnson@yahoo.com,Monthly - 1 bag,2026-03-03,2026-04-02,19.00,failed,2026-03-03,
INV-21281,cus_fghfk74d,barbaraokafor8@outlook.com,Monthly - 1 bag,2026-03-03,2026-04-02,19.00,paid,2026-03-03,
INV-21282,cus_3bwmc4tx,carlos_johnson@yahoo.com,Monthly - 1 bag,2026-03-03,2026-04-02,19.00,paid,2026-03-04,
INV-21284,cus_5umzkvay,michelleflores62@icloud.com,Monthly - 1 bag,2026-03-04,2026-04-03,19.00,paid,2026-03-04,
INV-21286,cus_xmbaa48k,clark.richard@aol.com,Monthly - 1 bag,2026-03-04,2026-04-03,19.00,paid,2026-03-04,
INV-21288,cus_v2e33ups,pmorris@gmail.com,Monthly - 1 bag,2026-03-04,2026-04-03,19.00,paid,2026-03-04,
INV-21290,cus_pkq8bhmq,anderson.dmitri@me.com,Monthly - 2 bags,2026-03-04,2026-04-03,34.00,paid,2026-03-04,
INV-21291,cus_zkrzmssd,paulchavez4@protonmail.com,Monthly - 1 bag,2026-03-05,2026-04-04,19.00,paid,2026-03-05,
INV-21292,cus_hpnj6as3,slong@protonmail.com,Monthly - 2 bags,2026-03-05,2026-04-04,34.00,void,2026-03-05,subscription cancelled
INV-21294,cus_4gyxc6pd,marcus_miller@hotmail.com,Monthly - 2 bags,2026-03-05,2026-04-04,34.00,paid,2026-03-05,
INV-21297,cus_d5y845dr,steven_johnson@icloud.com,Monthly - 2 bags,2026-03-05,2026-04-04,34.00,paid,2026-03-05,
INV-21300,cus_nhyh3r9k,priya_robinson@yahoo.com,Monthly - 1 bag,2026-03-05,2026-04-04,19.00,paid,2026-03-05,
INV-21301,cus_nvbnd56h,tomasz.gutierrez@protonmail.com,Quarterly prepaid - 1 bag/mo,2026-03-06,2026-06-05,54.00,paid,2026-03-06,
INV-21302,cus_nghny7v3,deborahgutierrez9@gmail.com,Monthly - 1 bag,2026-03-06,2026-04-05,19.00,paid,2026-03-06,
INV-21303,cus_shmfw3f2,melissa_kim@outlook.com,Monthly - 1 bag,2026-03-06,2026-04-05,19.00,paid,2026-03-06,
INV-21304,cus_buxrk375,mwright@hotmail.com,Monthly - 1 bag,2026-03-06,2026-04-05,19.00,void,2026-03-06,subscription cancelled
INV-21307,cus_rj44nx26,deborahwright62@protonmail.com,Monthly - 1 bag,2026-03-06,2026-04-05,19.00,paid,2026-03-06,
INV-21308,cus_xak34nss,elizabeth.williams@aol.com,Monthly - 1 bag,2026-03-07,2026-04-06,19.00,paid,2026-03-07,
INV-21309,cus_bv84vfnq,young.ashley@gmail.com,Quarterly prepaid - 1 bag/mo,2026-03-08,2026-06-07,54.00,paid,2026-03-08,
INV-21310,cus_yadgjf2m,mmorgan@gmail.com,Monthly - 2 bags,2026-03-08,2026-04-07,34.00,paid,2026-03-08,
INV-21311,cus_8dr7jd4b,carlos.morgan@gmail.com,Monthly - 1 bag,2026-03-08,2026-04-07,19.00,paid,2026-03-08,
INV-21313,cus_8kyyeecz,miller.margaret@protonmail.com,Monthly - 1 bag,2026-03-08,2026-04-07,19.00,paid,2026-03-08,
INV-21315,cus_u8pk7hxk,cturner@gmail.com,Monthly - 2 bags,2026-03-08,2026-04-07,34.00,paid,2026-03-08,
INV-21318,cus_6k9sq9ak,kimberlyallen21@gmail.com,Monthly - 1 bag,2026-03-08,2026-04-07,19.00,paid,2026-03-08,
INV-21319,cus_y8u592zg,sofiamensah23@protonmail.com,Monthly - 1 bag,2026-03-09,2026-04-08,19.00,paid,2026-03-09,
INV-21320,cus_pm6tq5nm,wilson.amara@aol.com,Monthly - 1 bag,2026-03-09,2026-04-08,19.00,paid,2026-03-09,
INV-21322,cus_x738bwqq,stevenbennett49@hotmail.com,Monthly - 2 bags,2026-03-09,2026-04-08,34.00,paid,2026-03-09,
INV-21324,cus_d9wxzme8,rebeccaosei2@icloud.com,Monthly - 2 bags,2026-03-09,2026-04-08,34.00,paid,2026-03-09,
INV-21327,cus_3bmq9ann,richardson.carol@protonmail.com,Monthly - 1 bag,2026-03-09,2026-04-08,19.00,failed,2026-03-09,
INV-21330,cus_vdbf555t,omar.cruz@protonmail.com,Quarterly prepaid - 1 bag/mo,2026-03-09,2026-06-08,54.00,paid,2026-03-09,
INV-21331,cus_6pupkhnu,collins.marcus@icloud.com,Monthly - 1 bag,2026-03-10,2026-04-09,19.00,paid,2026-03-10,
INV-21333,cus_qwxvkrke,anna_gutierrez@outlook.com,Monthly - 1 bag,2026-03-10,2026-04-09,19.00,paid,2026-03-10,
INV-21335,cus_2efrxxee,priya.castillo@hotmail.com,Monthly - 1 bag,2026-03-10,2026-04-09,19.00,paid,2026-03-10,
INV-21337,cus_3bmq9ann,richardson.carol@protonmail.com,Monthly - 1 bag,2026-03-09,2026-04-08,19.00,paid,2026-03-10,
INV-21340,cus_wps3xhka,nbailey@me.com,Monthly - 1 bag,2026-03-10,2026-04-09,0.00,paid,2026-03-10,first bag free
INV-21341,cus_5xtkseqm,sarahallen67@icloud.com,Monthly - 1 bag,2026-03-11,2026-04-10,19.00,paid,2026-03-11,
INV-21342,cus_trz5uraw,sandra_thomas@protonmail.com,Monthly - 1 bag,2026-03-11,2026-04-10,19.00,paid,2026-03-11,
INV-21344,cus_4ztrhtxa,watson.mark@aol.com,Monthly - 2 bags,2026-03-11,2026-04-10,34.00,void,2026-03-11,subscription cancelled
INV-21346,cus_368y6wp6,dorothy_collins@yahoo.com,Monthly - 1 bag,2026-03-12,2026-04-11,19.00,paid,2026-03-12,
INV-21347,cus_6tqf7ghd,dwatson@yahoo.com,Monthly - 2 bags,2026-03-13,2026-04-12,34.00,paid,2026-03-13,
INV-21349,cus_8rw5tq82,angelasanchez92@outlook.com,Monthly - 1 bag,2026-03-13,2026-04-12,19.00,paid,2026-03-13,
INV-21351,cus_fdeb8g6q,elizabeth.allen@yahoo.com,Quarterly prepaid - 1 bag/mo,2026-03-13,2026-06-12,54.00,paid,2026-03-13,
INV-21354,cus_atdem82m,cook.eric@yahoo.com,Monthly - 1 bag,2026-03-13,2026-04-12,19.00,paid,2026-03-13,
INV-21357,cus_b8xceusv,amorales@aol.com,Monthly - 2 bags,2026-03-13,2026-04-12,34.00,paid,2026-03-13,
INV-21358,cus_abjbts72,chaddad@aol.com,Monthly - 2 bags,2026-03-14,2026-04-13,34.00,paid,2026-03-14,
INV-21359,cus_2cbttsvs,ashleyhernandez90@outlook.com,Monthly - 2 bags,2026-03-14,2026-04-13,34.00,paid,2026-03-14,
INV-21360,cus_9a85xep2,mary.morgan@me.com,Monthly - 1 bag,2026-03-15,2026-04-14,19.00,void,2026-03-15,subscription cancelled
INV-21361,cus_w76u4q66,cooper.angela@me.com,Monthly - 1 bag,2026-03-15,2026-04-14,19.00,paid,2026-03-15,
INV-21362,cus_3kzadwt9,jhall@icloud.com,Monthly - 2 bags,2026-03-15,2026-04-14,34.00,paid,2026-03-15,
INV-21363,cus_tujgpauj,fatimahernandez46@protonmail.com,Quarterly prepaid - 1 bag/mo,2026-03-16,2026-06-15,54.00,void,2026-03-16,subscription cancelled
INV-21365,cus_maru5wtf,jennifer_thompson@icloud.com,Quarterly prepaid - 1 bag/mo,2026-03-16,2026-06-15,54.00,void,2026-03-16,subscription cancelled
INV-21367,cus_k2zkxvpm,danaedwards97@outlook.com,Monthly - 1 bag,2026-03-16,2026-04-15,19.00,paid,2026-03-16,
INV-21370,cus_xbpcudx5,jessica.reed@icloud.com,Monthly - 2 bags,2026-03-16,2026-04-15,34.00,void,2026-03-16,subscription cancelled
INV-21373,cus_5jpvpfwc,sarah_king@gmail.com,Monthly - 1 bag,2026-03-16,2026-04-15,19.00,paid,2026-03-16,
INV-21376,cus_5fhkzens,dorothyross69@yahoo.com,Monthly - 1 bag,2026-03-16,2026-04-15,19.00,paid,2026-03-16,
INV-21379,cus_pqsnz3bu,sarah.chavez@aol.com,Monthly - 1 bag,2026-03-16,2026-04-15,19.00,paid,2026-03-16,
INV-21381,cus_uj9c336v,leila.jackson@aol.com,Monthly - 1 bag,2026-03-17,2026-04-16,19.00,paid,2026-03-17,
INV-21384,cus_p96eqebk,watson.patricia@protonmail.com,Monthly - 2 bags,2026-03-17,2026-04-16,34.00,paid,2026-03-17,
INV-21387,cus_p3fhh5kr,edwards.amy@protonmail.com,Monthly - 1 bag,2026-03-17,2026-04-16,19.00,failed,2026-03-17,
INV-21388,cus_jrmv8acs,angela_diaz@outlook.com,Quarterly prepaid - 1 bag/mo,2026-03-18,2026-06-17,54.00,paid,2026-03-18,
INV-21390,cus_hs2pa9tj,jeffreymyers16@hotmail.com,Monthly - 1 bag,2026-03-18,2026-04-17,19.00,paid,2026-03-18,
INV-21392,cus_883uwq3n,robert_johnson@gmail.com,Monthly - 1 bag,2026-03-18,2026-04-17,19.00,paid,2026-03-18,
INV-21395,cus_p3fhh5kr,edwards.amy@protonmail.com,Monthly - 1 bag,2026-03-17,2026-04-16,19.00,paid,2026-03-18,
INV-21398,cus_rtbjtd2v,gary.perez@aol.com,Monthly - 1 bag,2026-03-18,2026-04-17,19.00,paid,2026-03-18,
INV-21399,cus_avpddymw,hughes.nicholas@me.com,Monthly - 1 bag,2026-03-20,2026-04-19,19.00,paid,2026-03-20,
INV-21402,cus_5p7kae4d,bennett.michael@protonmail.com,Monthly - 1 bag,2026-03-20,2026-04-19,19.00,paid,2026-03-20,
INV-21403,cus_s3uhc2bc,nmorgan@outlook.com,Quarterly prepaid - 1 bag/mo,2026-03-21,2026-06-20,54.00,paid,2026-03-21,
INV-21404,cus_s2c55jqg,mensah.matthew@protonmail.com,Monthly - 1 bag,2026-03-21,2026-04-20,19.00,paid,2026-03-21,
INV-21405,cus_y2rvnner,lee.cynthia@me.com,Monthly - 1 bag,2026-03-21,2026-04-20,19.00,paid,2026-03-21,
INV-21408,cus_s98bu986,paul.rivera@protonmail.com,Monthly - 1 bag,2026-03-21,2026-04-20,19.00,paid,2026-03-21,
INV-21411,cus_56bgzcmd,amara.haddad@outlook.com,Monthly - 2 bags,2026-03-21,2026-04-20,34.00,paid,2026-03-21,
INV-21414,cus_vxk4uyjq,ingridanderson2@yahoo.com,Monthly - 2 bags,2026-03-21,2026-04-20,34.00,paid,2026-03-21,
INV-21415,cus_fy6wx4nc,sofia_wilson@me.com,Monthly - 1 bag,2026-03-22,2026-04-21,19.00,paid,2026-03-22,
INV-21416,cus_vy7kqma3,bettycook3@icloud.com,Monthly - 1 bag,2026-03-22,2026-04-21,19.00,paid,2026-03-22,
INV-21418,cus_ypzxnpt6,murphy.michael@gmail.com,Monthly - 1 bag,2026-03-22,2026-04-21,19.00,paid,2026-03-22,
INV-21420,cus_ac9k2wrg,williammyers93@protonmail.com,Monthly - 1 bag,2026-03-22,2026-04-21,19.00,void,2026-03-22,trial not converted
INV-21423,cus_j35gm8we,jmitchell@gmail.com,Monthly - 1 bag,2026-03-22,2026-04-21,0.00,paid,2026-03-22,first bag free
INV-21425,cus_gcf3zyvx,price.luis@gmail.com,Monthly - 1 bag,2026-03-23,2026-04-22,19.00,void,2026-03-23,subscription cancelled
INV-21428,cus_cgwfgywk,ronald_wood@me.com,Monthly - 1 bag,2026-03-23,2026-04-22,19.00,paid,2026-03-23,
INV-21429,cus_akjss796,ashley.murphy@yahoo.com,Monthly - 1 bag,2026-03-24,2026-04-23,19.00,void,2026-03-24,trial not converted
INV-21431,cus_f4hh49bn,angela_jackson@aol.com,Quarterly prepaid - 1 bag/mo,2026-03-24,2026-06-23,54.00,paid,2026-03-24,
INV-21434,cus_m8nvqzpd,christopher.alvarez@protonmail.com,Monthly - 2 bags,2026-03-24,2026-04-23,34.00,failed,2026-03-24,
INV-21437,cus_nw2hpupf,weiwright62@aol.com,Monthly - 2 bags,2026-03-24,2026-04-23,34.00,paid,2026-03-24,
INV-21438,cus_eg9eh2ad,brodriguez@me.com,Monthly - 2 bags,2026-03-25,2026-04-24,34.00,paid,2026-03-25,
INV-21439,cus_m8nvqzpd,christopher.alvarez@protonmail.com,Monthly - 2 bags,2026-03-24,2026-04-23,34.00,paid,2026-03-25,
INV-21442,cus_2rj8qrmt,dmiller@protonmail.com,Monthly - 1 bag,2026-03-25,2026-04-24,19.00,paid,2026-03-25,
INV-21444,cus_pdkzq3hh,jones.amy@protonmail.com,Monthly - 2 bags,2026-03-26,2026-04-25,34.00,paid,2026-03-26,
INV-21447,cus_9a8pmvmy,matthewwilson53@hotmail.com,Monthly - 1 bag,2026-03-26,2026-04-25,0.00,paid,2026-03-26,first bag free
INV-21448,cus_2m8mg9bb,alewis@me.com,Monthly - 1 bag,2026-03-27,2026-04-26,19.00,paid,2026-03-27,
INV-21450,cus_sf5jy5tk,laura_cox@hotmail.com,Monthly - 1 bag,2026-03-27,2026-04-26,19.00,paid,2026-03-27,
INV-21453,cus_5eeapqd4,gary.wright@outlook.com,Monthly - 1 bag,2026-03-27,2026-04-26,19.00,paid,2026-03-27,
INV-21454,cus_643cjds3,sarah_reed@protonmail.com,Monthly - 2 bags,2026-03-28,2026-04-27,34.00,paid,2026-03-28,
INV-21455,cus_fyy8uth6,johnbrooks53@protonmail.com,Monthly - 1 bag,2026-03-28,2026-04-27,19.00,paid,2026-03-28,
INV-21457,cus_pgz6kdqa,omar.green@protonmail.com,Quarterly prepaid - 1 bag/mo,2026-03-28,2026-06-27,54.00,paid,2026-03-28,
INV-21459,cus_r5zfreej,john_moore@yahoo.com,Monthly - 1 bag,2026-03-28,2026-04-27,19.00,paid,2026-03-28,
INV-21462,cus_rrtukftw,marcusdiaz65@icloud.com,Monthly - 1 bag,2026-03-28,2026-04-27,19.00,paid,2026-03-28,
INV-21465,cus_48aape7y,mateo.martin@protonmail.com,Monthly - 1 bag,2026-03-28,2026-04-27,19.00,paid,2026-03-28,
INV-21467,cus_8s9gdqwu,thomas.richardson@hotmail.com,Monthly - 1 bag,2026-04-02,2026-05-01,19.00,paid,2026-04-02,
INV-21469,cus_j34zk7g4,jacob_flores@gmail.com,Monthly - 2 bags,2026-04-02,2026-05-01,34.00,paid,2026-04-02,
INV-21472,cus_vgsd9ypk,rahul_parker@gmail.com,Monthly - 1 bag,2026-04-02,2026-05-01,19.00,paid,2026-04-02,
INV-21475,cus_ns2asbkz,gomez.eric@protonmail.com,Monthly - 2 bags,2026-04-02,2026-05-01,34.00,paid,2026-04-02,
INV-21476,cus_mt6c8x43,chloe.perez@hotmail.com,Monthly - 1 bag,2026-04-03,2026-05-02,19.00,paid,2026-04-03,
INV-21477,cus_vd9fzxur,pbrooks@me.com,Monthly - 1 bag,2026-04-03,2026-05-02,0.00,paid,2026-04-03,first bag free
INV-21478,cus_9gxn29nt,patel.jennifer@aol.com,Monthly - 1 bag,2026-04-03,2026-05-02,19.00,paid,2026-04-03,
INV-21480,cus_3bwmc4tx,carlos_johnson@yahoo.com,Monthly - 1 bag,2026-04-03,2026-05-02,19.00,paid,2026-04-03,
INV-21482,cus_awaugsgj,haddad.kevin@hotmail.com,Quarterly prepaid - 1 bag/mo,2026-04-03,2026-07-02,54.00,void,2026-04-03,subscription cancelled
INV-21485,cus_crxxgwmf,leila.ramirez@icloud.com,Monthly - 1 bag,2026-04-03,2026-05-02,19.00,paid,2026-04-03,
INV-21488,cus_fghfk74d,barbaraokafor8@outlook.com,Monthly - 1 bag,2026-04-03,2026-05-02,19.00,paid,2026-04-03,
INV-21491,cus_z6hveurp,adiaz@yahoo.com,Monthly - 2 bags,2026-04-03,2026-05-02,34.00,void,2026-04-03,subscription cancelled
INV-21492,cus_pkq8bhmq,anderson.dmitri@me.com,Monthly - 2 bags,2026-04-04,2026-05-03,34.00,paid,2026-04-04,
INV-21493,cus_xmbaa48k,clark.richard@aol.com,Monthly - 1 bag,2026-04-04,2026-05-03,19.00,paid,2026-04-04,
INV-21496,cus_v2e33ups,pmorris@gmail.com,Monthly - 1 bag,2026-04-04,2026-05-03,19.00,paid,2026-04-04,
INV-21499,cus_5umzkvay,michelleflores62@icloud.com,Monthly - 1 bag,2026-04-04,2026-05-03,19.00,paid,2026-04-04,
INV-21501,cus_d5y845dr,steven_johnson@icloud.com,Monthly - 2 bags,2026-04-05,2026-05-04,34.00,paid,2026-04-05,
INV-21504,cus_zkrzmssd,paulchavez4@protonmail.com,Monthly - 1 bag,2026-04-05,2026-05-04,19.00,failed,2026-04-05,
INV-21507,cus_4gyxc6pd,marcus_miller@hotmail.com,Monthly - 2 bags,2026-04-05,2026-05-04,34.00,paid,2026-04-05,
INV-21510,cus_nhyh3r9k,priya_robinson@yahoo.com,Monthly - 1 bag,2026-04-05,2026-05-04,19.00,paid,2026-04-05,
INV-21511,cus_zkrzmssd,paulchavez4@protonmail.com,Monthly - 1 bag,2026-04-05,2026-05-04,19.00,paid,2026-04-06,
INV-21512,cus_shmfw3f2,melissa_kim@outlook.com,Monthly - 1 bag,2026-04-06,2026-05-05,19.00,paid,2026-04-06,
INV-21514,cus_nghny7v3,deborahgutierrez9@gmail.com,Monthly - 1 bag,2026-04-06,2026-05-05,19.00,paid,2026-04-06,
INV-21517,cus_rj44nx26,deborahwright62@protonmail.com,Monthly - 1 bag,2026-04-06,2026-05-05,19.00,paid,2026-04-06,
INV-21520,cus_xak34nss,elizabeth.williams@aol.com,Monthly - 1 bag,2026-04-07,2026-05-06,19.00,paid,2026-04-07,
INV-21522,cus_6k9sq9ak,kimberlyallen21@gmail.com,Monthly - 1 bag,2026-04-08,2026-05-07,19.00,paid,2026-04-08,
INV-21524,cus_8dr7jd4b,carlos.morgan@gmail.com,Monthly - 1 bag,2026-04-08,2026-05-07,19.00,void,2026-04-08,subscription cancelled
INV-21526,cus_u8pk7hxk,cturner@gmail.com,Monthly - 2 bags,2026-04-08,2026-05-07,34.00,paid,2026-04-08,
INV-21529,cus_8kyyeecz,miller.margaret@protonmail.com,Monthly - 1 bag,2026-04-08,2026-05-07,19.00,paid,2026-04-08,
INV-21532,cus_yadgjf2m,mmorgan@gmail.com,Monthly - 2 bags,2026-04-08,2026-05-07,34.00,paid,2026-04-08,
INV-21533,cus_pm6tq5nm,wilson.amara@aol.com,Monthly - 1 bag,2026-04-09,2026-05-08,19.00,paid,2026-04-09,
INV-21536,cus_x738bwqq,stevenbennett49@hotmail.com,Monthly - 2 bags,2026-04-09,2026-05-08,34.00,paid,2026-04-09,
INV-21539,cus_d9wxzme8,rebeccaosei2@icloud.com,Monthly - 2 bags,2026-04-09,2026-05-08,34.00,paid,2026-04-09,
INV-21542,cus_y8u592zg,sofiamensah23@protonmail.com,Monthly - 1 bag,2026-04-09,2026-05-08,19.00,paid,2026-04-09,
INV-21545,cus_3bmq9ann,richardson.carol@protonmail.com,Monthly - 1 bag,2026-04-09,2026-05-08,19.00,paid,2026-04-09,
INV-21546,cus_6pupkhnu,collins.marcus@icloud.com,Monthly - 1 bag,2026-04-10,2026-05-09,19.00,paid,2026-04-10,
INV-21549,cus_q8emfrpv,aramos@yahoo.com,Monthly - 2 bags,2026-04-10,2026-05-09,34.00,paid,2026-04-10,
INV-21552,cus_wps3xhka,nbailey@me.com,Quarterly prepaid - 1 bag/mo,2026-04-10,2026-07-09,54.00,paid,2026-04-10,
INV-21555,cus_2efrxxee,priya.castillo@hotmail.com,Monthly - 1 bag,2026-04-10,2026-05-09,19.00,paid,2026-04-10,
INV-21558,cus_qwxvkrke,anna_gutierrez@outlook.com,Monthly - 1 bag,2026-04-10,2026-05-09,19.00,paid,2026-04-10,
INV-21561,cus_zquby2ye,chill@me.com,Monthly - 2 bags,2026-04-10,2026-05-09,34.00,paid,2026-04-10,
INV-21562,cus_5xtkseqm,sarahallen67@icloud.com,Monthly - 1 bag,2026-04-11,2026-05-10,19.00,paid,2026-04-11,
INV-21563,cus_trz5uraw,sandra_thomas@protonmail.com,Monthly - 1 bag,2026-04-11,2026-05-10,19.00,void,2026-04-11,subscription cancelled
INV-21565,cus_78mhefjz,sandra_rogers@gmail.com,Monthly - 2 bags,2026-04-11,2026-05-10,34.00,paid,2026-04-11,
INV-21567,cus_368y6wp6,dorothy_collins@yahoo.com,Monthly - 1 bag,2026-04-12,2026-05-11,19.00,paid,2026-04-12,
INV-21568,cus_6tqf7ghd,dwatson@yahoo.com,Monthly - 2 bags,2026-04-13,2026-05-12,34.00,paid,2026-04-13,
INV-21569,cus_b8xceusv,amorales@aol.com,Monthly - 2 bags,2026-04-13,2026-05-12,34.00,paid,2026-04-13,
INV-21571,cus_atdem82m,cook.eric@yahoo.com,Monthly - 1 bag,2026-04-13,2026-05-12,19.00,paid,2026-04-13,
INV-21573,cus_5nvmqtww,kevin.gomez@icloud.com,Monthly - 1 bag,2026-04-13,2026-05-12,0.00,paid,2026-04-13,first bag free
INV-21576,cus_8rw5tq82,angelasanchez92@outlook.com,Monthly - 1 bag,2026-04-13,2026-05-12,19.00,paid,2026-04-13,
INV-21577,cus_85ats8sn,timothy_lee@gmail.com,Quarterly prepaid - 1 bag/mo,2026-04-14,2026-07-13,54.00,paid,2026-04-14,
INV-21580,cus_2cbttsvs,ashleyhernandez90@outlook.com,Monthly - 2 bags,2026-04-14,2026-05-13,34.00,paid,2026-04-14,
INV-21583,cus_abjbts72,chaddad@aol.com,Monthly - 2 bags,2026-04-14,2026-05-13,34.00,paid,2026-04-14,
INV-21584,cus_w76u4q66,cooper.angela@me.com,Monthly - 1 bag,2026-04-15,2026-05-14,19.00,paid,2026-04-15,
INV-21585,cus_n97ffwdn,sharon_kelly@yahoo.com,Monthly - 1 bag,2026-04-15,2026-05-14,0.00,paid,2026-04-15,first bag free
INV-21587,cus_3kzadwt9,jhall@icloud.com,Monthly - 2 bags,2026-04-15,2026-05-14,34.00,paid,2026-04-15,
INV-21590,cus_3sgr6kbj,kimberly.martinez@me.com,Monthly - 2 bags,2026-04-15,2026-05-14,34.00,paid,2026-04-15,
INV-21593,cus_drz8vtzx,stephanienelson62@outlook.com,Monthly - 1 bag,2026-04-15,2026-05-14,19.00,paid,2026-04-15,
INV-21594,cus_pqsnz3bu,sarah.chavez@aol.com,Monthly - 1 bag,2026-04-16,2026-05-15,19.00,paid,2026-04-16,
INV-21596,cus_j86m39sr,jeffrey.lewis@hotmail.com,Monthly - 1 bag,2026-04-16,2026-05-15,0.00,paid,2026-04-16,first bag free
INV-21598,cus_k2zkxvpm,danaedwards97@outlook.com,Monthly - 1 bag,2026-04-16,2026-05-15,19.00,paid,2026-04-16,
INV-21601,cus_5fhkzens,dorothyross69@yahoo.com,Monthly - 1 bag,2026-04-16,2026-05-15,19.00,paid,2026-04-16,
INV-21604,cus_5jpvpfwc,sarah_king@gmail.com,Monthly - 1 bag,2026-04-16,2026-05-15,19.00,paid,2026-04-16,
INV-21605,cus_csuwtdeu,amara_parker@protonmail.com,Monthly - 1 bag,2026-04-17,2026-05-16,0.00,paid,2026-04-17,first bag free
INV-21607,cus_zppgwe2k,markyoung96@gmail.com,Monthly - 2 bags,2026-04-17,2026-05-16,0.00,paid,2026-04-17,first bag free
INV-21609,cus_p96eqebk,watson.patricia@protonmail.com,Monthly - 2 bags,2026-04-17,2026-05-16,34.00,paid,2026-04-17,
INV-21612,cus_uj9c336v,leila.jackson@aol.com,Monthly - 1 bag,2026-04-17,2026-05-16,19.00,paid,2026-04-17,
INV-21615,cus_p3fhh5kr,edwards.amy@protonmail.com,Monthly - 1 bag,2026-04-17,2026-05-16,19.00,paid,2026-04-17,
INV-21617,cus_rtbjtd2v,gary.perez@aol.com,Monthly - 1 bag,2026-04-18,2026-05-17,19.00,paid,2026-04-18,
INV-21619,cus_883uwq3n,robert_johnson@gmail.com,Monthly - 1 bag,2026-04-18,2026-05-17,19.00,paid,2026-04-18,
INV-21622,cus_hs2pa9tj,jeffreymyers16@hotmail.com,Monthly - 1 bag,2026-04-18,2026-05-17,19.00,paid,2026-04-18,
INV-21624,cus_nuj4v89x,angela_okafor@icloud.com,Quarterly prepaid - 1 bag/mo,2026-04-19,2026-07-18,54.00,paid,2026-04-19,
INV-21626,cus_faejyhve,jcook@protonmail.com,Quarterly prepaid - 1 bag/mo,2026-04-19,2026-07-18,54.00,paid,2026-04-19,
INV-21627,cus_qupujvbg,thomasbailey25@protonmail.com,Quarterly prepaid - 1 bag/mo,2026-04-20,2026-07-19,54.00,paid,2026-04-20,
INV-21628,cus_evu3dmbq,dana_morales@outlook.com,Quarterly prepaid - 1 bag/mo,2026-04-20,2026-07-19,54.00,paid,2026-04-20,
INV-21631,cus_avpddymw,hughes.nicholas@me.com,Monthly - 1 bag,2026-04-20,2026-05-19,19.00,paid,2026-04-20,
INV-21634,cus_5p7kae4d,bennett.michael@protonmail.com,Monthly - 1 bag,2026-04-20,2026-05-19,19.00,paid,2026-04-20,
INV-21635,cus_vxk4uyjq,ingridanderson2@yahoo.com,Monthly - 2 bags,2026-04-21,2026-05-20,34.00,paid,2026-04-21,
INV-21636,cus_y2rvnner,lee.cynthia@me.com,Monthly - 1 bag,2026-04-21,2026-05-20,19.00,failed,2026-04-21,
INV-21638,cus_s98bu986,paul.rivera@protonmail.com,Monthly - 1 bag,2026-04-21,2026-05-20,19.00,paid,2026-04-21,
INV-21641,cus_s2c55jqg,mensah.matthew@protonmail.com,Monthly - 1 bag,2026-04-21,2026-05-20,19.00,paid,2026-04-21,
INV-21644,cus_56bgzcmd,amara.haddad@outlook.com,Monthly - 2 bags,2026-04-21,2026-05-20,34.00,paid,2026-04-21,
INV-21646,cus_ypzxnpt6,murphy.michael@gmail.com,Monthly - 1 bag,2026-04-22,2026-05-21,19.00,paid,2026-04-22,
INV-21648,cus_j35gm8we,jmitchell@gmail.com,Monthly - 1 bag,2026-04-22,2026-05-21,19.00,paid,2026-04-22,
INV-21650,cus_fy6wx4nc,sofia_wilson@me.com,Monthly - 1 bag,2026-04-22,2026-05-21,19.00,paid,2026-04-22,
INV-21653,cus_vy7kqma3,bettycook3@icloud.com,Monthly - 1 bag,2026-04-22,2026-05-21,19.00,paid,2026-04-22,
INV-21656,cus_y2rvnner,lee.cynthia@me.com,Monthly - 1 bag,2026-04-21,2026-05-20,19.00,paid,2026-04-22,
INV-21658,cus_cgwfgywk,ronald_wood@me.com,Monthly - 1 bag,2026-04-23,2026-05-22,19.00,paid,2026-04-23,
INV-21659,cus_m8nvqzpd,christopher.alvarez@protonmail.com,Monthly - 2 bags,2026-04-24,2026-05-23,34.00,paid,2026-04-24,
INV-21661,cus_e3bwjjna,tomasz.anderson@yahoo.com,Monthly - 2 bags,2026-04-24,2026-05-23,34.00,paid,2026-04-24,
INV-21663,cus_8c9g9mg8,ashleystewart38@me.com,Monthly - 1 bag,2026-04-24,2026-05-23,0.00,paid,2026-04-24,first bag free
INV-21666,cus_nw2hpupf,weiwright62@aol.com,Monthly - 2 bags,2026-04-24,2026-05-23,34.00,paid,2026-04-24,
INV-21668,cus_eg9eh2ad,brodriguez@me.com,Monthly - 2 bags,2026-04-25,2026-05-24,34.00,paid,2026-04-25,
INV-21670,cus_2rj8qrmt,dmiller@protonmail.com,Monthly - 1 bag,2026-04-25,2026-05-24,19.00,paid,2026-04-25,
INV-21672,cus_pdkzq3hh,jones.amy@protonmail.com,Monthly - 2 bags,2026-04-26,2026-05-25,34.00,paid,2026-04-26,
INV-21674,cus_jb8aqw9k,david_kim@protonmail.com,Quarterly prepaid - 1 bag/mo,2026-04-26,2026-07-25,54.00,paid,2026-04-26,
INV-21677,cus_9a8pmvmy,matthewwilson53@hotmail.com,Quarterly prepaid - 1 bag/mo,2026-04-26,2026-07-25,54.00,paid,2026-04-26,
INV-21678,cus_sf5jy5tk,laura_cox@hotmail.com,Monthly - 1 bag,2026-04-27,2026-05-26,19.00,paid,2026-04-27,
INV-21680,cus_spk8n33f,amaraedwards77@outlook.com,Quarterly prepaid - 1 bag/mo,2026-04-27,2026-07-26,54.00,paid,2026-04-27,
INV-21682,cus_5eeapqd4,gary.wright@outlook.com,Monthly - 1 bag,2026-04-27,2026-05-26,19.00,paid,2026-04-27,
INV-21684,cus_2m8mg9bb,alewis@me.com,Monthly - 1 bag,2026-04-27,2026-05-26,19.00,paid,2026-04-27,
INV-21685,cus_gagx7eww,rahul.anderson@me.com,Quarterly prepaid - 1 bag/mo,2026-04-28,2026-07-27,54.00,paid,2026-04-28,
INV-21687,cus_rrtukftw,marcusdiaz65@icloud.com,Monthly - 1 bag,2026-04-28,2026-05-27,19.00,paid,2026-04-28,
INV-21690,cus_643cjds3,sarah_reed@protonmail.com,Monthly - 2 bags,2026-04-28,2026-05-27,34.00,paid,2026-04-28,
INV-21693,cus_r5zfreej,john_moore@yahoo.com,Monthly - 1 bag,2026-04-28,2026-05-27,19.00,paid,2026-04-28,
INV-21696,cus_y75gs546,hiroshijackson99@aol.com,Quarterly prepaid - 1 bag/mo,2026-04-28,2026-07-27,54.00,paid,2026-04-28,
INV-21699,cus_48aape7y,mateo.martin@protonmail.com,Monthly - 1 bag,2026-04-28,2026-05-27,19.00,paid,2026-04-28,
INV-21702,cus_fyy8uth6,johnbrooks53@protonmail.com,Monthly - 1 bag,2026-04-28,2026-05-27,19.00,paid,2026-04-28,
INV-21703,cus_vgsd9ypk,rahul_parker@gmail.com,Monthly - 1 bag,2026-05-02,2026-06-01,19.00,paid,2026-05-02,
INV-21705,cus_j34zk7g4,jacob_flores@gmail.com,Monthly - 2 bags,2026-05-02,2026-06-01,34.00,paid,2026-05-02,
INV-21708,cus_xaq2xex3,aishanguyen51@outlook.com,Monthly - 2 bags,2026-05-02,2026-06-01,0.00,paid,2026-05-02,first bag free
INV-21711,cus_ns2asbkz,gomez.eric@protonmail.com,Monthly - 2 bags,2026-05-02,2026-06-01,34.00,paid,2026-05-02,
INV-21714,cus_8s9gdqwu,thomas.richardson@hotmail.com,Monthly - 1 bag,2026-05-02,2026-06-01,19.00,paid,2026-05-02,
INV-21715,cus_9gxn29nt,patel.jennifer@aol.com,Monthly - 1 bag,2026-05-03,2026-06-02,19.00,paid,2026-05-03,
INV-21717,cus_fghfk74d,barbaraokafor8@outlook.com,Monthly - 1 bag,2026-05-03,2026-06-02,19.00,paid,2026-05-03,
INV-21719,cus_ujhnm2ed,patricia_jackson@aol.com,Monthly - 1 bag,2026-05-03,2026-06-02,0.00,paid,2026-05-03,first bag free
INV-21721,cus_3bwmc4tx,carlos_johnson@yahoo.com,Monthly - 1 bag,2026-05-03,2026-06-02,19.00,paid,2026-05-03,
INV-21724,cus_mt6c8x43,chloe.perez@hotmail.com,Monthly - 1 bag,2026-05-03,2026-06-02,19.00,failed,2026-05-03,
INV-21727,cus_vd9fzxur,pbrooks@me.com,Monthly - 1 bag,2026-05-03,2026-06-02,19.00,void,2026-05-03,trial not converted
INV-21730,cus_crxxgwmf,leila.ramirez@icloud.com,Monthly - 1 bag,2026-05-03,2026-06-02,19.00,paid,2026-05-03,
INV-21731,cus_eazrqyyv,joshua_stewart@aol.com,Monthly - 1 bag,2026-05-04,2026-06-03,19.00,paid,2026-05-04,
INV-21732,cus_xmbaa48k,clark.richard@aol.com,Monthly - 1 bag,2026-05-04,2026-06-03,19.00,paid,2026-05-04,
INV-21733,cus_pkq8bhmq,anderson.dmitri@me.com,Monthly - 2 bags,2026-05-04,2026-06-03,34.00,paid,2026-05-04,
INV-21735,cus_bmfm46v7,dflores@aol.com,Monthly - 1 bag,2026-05-04,2026-06-03,19.00,paid,2026-05-04,
INV-21737,cus_v2e33ups,pmorris@gmail.com,Monthly - 1 bag,2026-05-04,2026-06-03,19.00,paid,2026-05-04,
INV-21740,cus_5umzkvay,michelleflores62@icloud.com,Monthly - 1 bag,2026-05-04,2026-06-03,19.00,paid,2026-05-04,
INV-21743,cus_mt6c8x43,chloe.perez@hotmail.com,Monthly - 1 bag,2026-05-03,2026-06-02,19.00,paid,2026-05-04,
INV-21746,cus_47gkkzk6,angelatanaka71@outlook.com,Monthly - 2 bags,2026-05-04,2026-06-03,34.00,paid,2026-05-04,
INV-21747,cus_zkrzmssd,paulchavez4@protonmail.com,Monthly - 1 bag,2026-05-05,2026-06-04,19.00,paid,2026-05-05,
INV-21749,cus_4gyxc6pd,marcus_miller@hotmail.com,Monthly - 2 bags,2026-05-05,2026-06-04,34.00,paid,2026-05-05,
INV-21752,cus_d5y845dr,steven_johnson@icloud.com,Monthly - 2 bags,2026-05-05,2026-06-04,34.00,paid,2026-05-05,
INV-21755,cus_nhyh3r9k,priya_robinson@yahoo.com,Monthly - 1 bag,2026-05-05,2026-06-04,19.00,paid,2026-05-05,
INV-21757,cus_nghny7v3,deborahgutierrez9@gmail.com,Monthly - 1 bag,2026-05-06,2026-06-05,19.00,paid,2026-05-06,
INV-21760,cus_shmfw3f2,melissa_kim@outlook.com,Monthly - 1 bag,2026-05-06,2026-06-05,19.00,paid,2026-05-06,
INV-21763,cus_rj44nx26,deborahwright62@protonmail.com,Monthly - 1 bag,2026-05-06,2026-06-05,19.00,paid,2026-05-06,
INV-21766,cus_xak34nss,elizabeth.williams@aol.com,Monthly - 1 bag,2026-05-07,2026-06-06,19.00,paid,2026-05-07,
INV-21767,cus_r6brs2v8,moore.nicholas@aol.com,Monthly - 1 bag,2026-05-08,2026-06-07,19.00,paid,2026-05-08,
INV-21768,cus_8kyyeecz,miller.margaret@protonmail.com,Monthly - 1 bag,2026-05-08,2026-06-07,19.00,paid,2026-05-08,
INV-21769,cus_yadgjf2m,mmorgan@gmail.com,Monthly - 2 bags,2026-05-08,2026-06-07,34.00,paid,2026-05-08,
INV-21771,cus_u8pk7hxk,cturner@gmail.com,Monthly - 2 bags,2026-05-08,2026-06-07,34.00,paid,2026-05-08,
INV-21774,cus_6k9sq9ak,kimberlyallen21@gmail.com,Monthly - 1 bag,2026-05-08,2026-06-07,19.00,paid,2026-05-08,
INV-21775,cus_x738bwqq,stevenbennett49@hotmail.com,Monthly - 2 bags,2026-05-09,2026-06-08,34.00,paid,2026-05-09,
INV-21776,cus_d9wxzme8,rebeccaosei2@icloud.com,Monthly - 2 bags,2026-05-09,2026-06-08,34.00,failed,2026-05-09,
INV-21777,cus_pm6tq5nm,wilson.amara@aol.com,Monthly - 1 bag,2026-05-09,2026-06-08,19.00,paid,2026-05-09,
INV-21779,cus_u4658jb5,barbara.mensah@yahoo.com,Quarterly prepaid - 1 bag/mo,2026-05-09,2026-08-08,54.00,paid,2026-05-09,
INV-21782,cus_6gx5ft6q,osei.elizabeth@aol.com,Quarterly prepaid - 1 bag/mo,2026-05-09,2026-08-08,54.00,paid,2026-05-09,
INV-21785,cus_3bmq9ann,richardson.carol@protonmail.com,Monthly - 1 bag,2026-05-09,2026-06-08,19.00,paid,2026-05-09,
INV-21788,cus_y8u592zg,sofiamensah23@protonmail.com,Monthly - 1 bag,2026-05-09,2026-06-08,19.00,failed,2026-05-09,
INV-21789,cus_6pupkhnu,collins.marcus@icloud.com,Monthly - 1 bag,2026-05-10,2026-06-09,19.00,paid,2026-05-10,
INV-21790,cus_q8emfrpv,aramos@yahoo.com,Monthly - 2 bags,2026-05-10,2026-06-09,34.00,paid,2026-05-10,
INV-21792,cus_d9wxzme8,rebeccaosei2@icloud.com,Monthly - 2 bags,2026-05-09,2026-06-08,34.00,paid,2026-05-10,
INV-21795,cus_qwxvkrke,anna_gutierrez@outlook.com,Monthly - 1 bag,2026-05-10,2026-06-09,19.00,paid,2026-05-10,
INV-21798,cus_2efrxxee,priya.castillo@hotmail.com,Monthly - 1 bag,2026-05-10,2026-06-09,19.00,paid,2026-05-10,
INV-21801,cus_y8u592zg,sofiamensah23@protonmail.com,Monthly - 1 bag,2026-05-09,2026-06-08,19.00,paid,2026-05-10,
INV-21804,cus_zquby2ye,chill@me.com,Monthly - 2 bags,2026-05-10,2026-06-09,34.00,paid,2026-05-10,
INV-21805,cus_78mhefjz,sandra_rogers@gmail.com,Monthly - 2 bags,2026-05-11,2026-06-10,34.00,paid,2026-05-11,
INV-21808,cus_5xtkseqm,sarahallen67@icloud.com,Monthly - 1 bag,2026-05-11,2026-06-10,19.00,paid,2026-05-11,
INV-21809,cus_368y6wp6,dorothy_collins@yahoo.com,Monthly - 1 bag,2026-05-12,2026-06-11,19.00,paid,2026-05-12,
INV-21810,cus_a2tjcj4m,marcusedwards11@gmail.com,Quarterly prepaid - 1 bag/mo,2026-05-12,2026-08-11,54.00,paid,2026-05-12,
INV-21811,cus_ug9tqs5n,georgereed54@gmail.com,Monthly - 1 bag,2026-05-12,2026-06-11,0.00,paid,2026-05-12,first bag free
INV-21812,cus_b8xceusv,amorales@aol.com,Monthly - 2 bags,2026-05-13,2026-06-12,34.00,paid,2026-05-13,
INV-21813,cus_6tqf7ghd,dwatson@yahoo.com,Monthly - 2 bags,2026-05-13,2026-06-12,34.00,paid,2026-05-13,
INV-21815,cus_5nvmqtww,kevin.gomez@icloud.com,Monthly - 1 bag,2026-05-13,2026-06-12,19.00,void,2026-05-13,trial not converted
INV-21817,cus_atdem82m,cook.eric@yahoo.com,Monthly - 1 bag,2026-05-13,2026-06-12,19.00,paid,2026-05-13,
INV-21820,cus_8rw5tq82,angelasanchez92@outlook.com,Monthly - 1 bag,2026-05-13,2026-06-12,19.00,paid,2026-05-13,
INV-21821,cus_abjbts72,chaddad@aol.com,Monthly - 2 bags,2026-05-14,2026-06-13,34.00,paid,2026-05-14,
INV-21822,cus_2cbttsvs,ashleyhernandez90@outlook.com,Monthly - 2 bags,2026-05-14,2026-06-13,34.00,paid,2026-05-14,
INV-21823,cus_n97ffwdn,sharon_kelly@yahoo.com,Monthly - 1 bag,2026-05-15,2026-06-14,19.00,void,2026-05-15,trial not converted
INV-21824,cus_drz8vtzx,stephanienelson62@outlook.com,Monthly - 1 bag,2026-05-15,2026-06-14,19.00,paid,2026-05-15,
INV-21825,cus_w76u4q66,cooper.angela@me.com,Monthly - 1 bag,2026-05-15,2026-06-14,19.00,paid,2026-05-15,
INV-21828,cus_3sgr6kbj,kimberly.martinez@me.com,Monthly - 2 bags,2026-05-15,2026-06-14,34.00,paid,2026-05-15,
INV-21831,cus_3kzadwt9,jhall@icloud.com,Monthly - 2 bags,2026-05-15,2026-06-14,34.00,paid,2026-05-15,
INV-21832,cus_bb4wa73g,richard.white@me.com,Monthly - 2 bags,2026-05-16,2026-06-15,34.00,paid,2026-05-16,
INV-21833,cus_pqsnz3bu,sarah.chavez@aol.com,Monthly - 1 bag,2026-05-16,2026-06-15,19.00,paid,2026-05-16,
INV-21834,cus_k2zkxvpm,danaedwards97@outlook.com,Monthly - 1 bag,2026-05-16,2026-06-15,19.00,paid,2026-05-16,
INV-21836,cus_5fhkzens,dorothyross69@yahoo.com,Monthly - 1 bag,2026-05-16,2026-06-15,19.00,paid,2026-05-16,
INV-21838,cus_j86m39sr,jeffrey.lewis@hotmail.com,Monthly - 1 bag,2026-05-16,2026-06-15,19.00,paid,2026-05-16,
INV-21841,cus_5jpvpfwc,sarah_king@gmail.com,Monthly - 1 bag,2026-05-16,2026-06-15,19.00,paid,2026-05-16,
INV-21844,cus_7mm8n3ub,marygonzalez82@yahoo.com,Monthly - 1 bag,2026-05-16,2026-06-15,19.00,paid,2026-05-16,
INV-21845,cus_uj9c336v,leila.jackson@aol.com,Monthly - 1 bag,2026-05-17,2026-06-16,19.00,paid,2026-05-17,
INV-21846,cus_tatb6meh,sofia_clark@gmail.com,Quarterly prepaid - 1 bag/mo,2026-05-17,2026-08-16,54.00,paid,2026-05-17,
INV-21847,cus_csuwtdeu,amara_parker@protonmail.com,Monthly - 1 bag,2026-05-17,2026-06-16,19.00,paid,2026-05-17,
INV-21848,cus_78gdzxvc,wilson.dorothy@protonmail.com,Quarterly prepaid - 1 bag/mo,2026-05-17,2026-08-16,54.00,paid,2026-05-17,
INV-21849,cus_p96eqebk,watson.patricia@protonmail.com,Monthly - 2 bags,2026-05-17,2026-06-16,34.00,paid,2026-05-17,
INV-21851,cus_p3fhh5kr,edwards.amy@protonmail.com,Monthly - 1 bag,2026-05-17,2026-06-16,19.00,paid,2026-05-17,
INV-21853,cus_zppgwe2k,markyoung96@gmail.com,Monthly - 2 bags,2026-05-17,2026-06-16,34.00,paid,2026-05-17,
INV-21855,cus_tmadrzrn,okafor.dorothy@protonmail.com,Monthly - 1 bag,2026-05-17,2026-06-16,19.00,paid,2026-05-17,
INV-21856,cus_rtbjtd2v,gary.perez@aol.com,Monthly - 1 bag,2026-05-18,2026-06-17,19.00,paid,2026-05-18,
INV-21857,cus_qeyzthqs,reed.barbara@aol.com,Monthly - 1 bag,2026-05-18,2026-06-17,0.00,paid,2026-05-18,first bag free
INV-21859,cus_hs2pa9tj,jeffreymyers16@hotmail.com,Monthly - 1 bag,2026-05-18,2026-06-17,19.00,paid,2026-05-18,
INV-21862,cus_883uwq3n,robert_johnson@gmail.com,Monthly - 1 bag,2026-05-18,2026-06-17,19.00,paid,2026-05-18,
INV-21865,cus_gm8mt4p9,nicholas_bailey@yahoo.com,Monthly - 1 bag,2026-05-19,2026-06-18,19.00,paid,2026-05-19,
INV-21868,cus_te4c7tzf,mitchell.jason@icloud.com,Monthly - 1 bag,2026-05-19,2026-06-18,0.00,paid,2026-05-19,first bag free
INV-21871,cus_ttxquqf4,donald.alvarez@icloud.com,Monthly - 1 bag,2026-05-19,2026-06-18,0.00,paid,2026-05-19,first bag free
INV-21873,cus_5p7kae4d,bennett.michael@protonmail.com,Monthly - 1 bag,2026-05-20,2026-06-19,19.00,paid,2026-05-20,
INV-21875,cus_avpddymw,hughes.nicholas@me.com,Monthly - 1 bag,2026-05-20,2026-06-19,19.00,paid,2026-05-20,
INV-21876,cus_y2rvnner,lee.cynthia@me.com,Monthly - 1 bag,2026-05-21,2026-06-20,19.00,paid,2026-05-21,
INV-21878,cus_56bgzcmd,amara.haddad@outlook.com,Monthly - 2 bags,2026-05-21,2026-06-20,34.00,paid,2026-05-21,
INV-21880,cus_s2c55jqg,mensah.matthew@protonmail.com,Monthly - 1 bag,2026-05-21,2026-06-20,19.00,paid,2026-05-21,
INV-21883,cus_vxk4uyjq,ingridanderson2@yahoo.com,Monthly - 2 bags,2026-05-21,2026-06-20,34.00,paid,2026-05-21,
INV-21886,cus_s98bu986,paul.rivera@protonmail.com,Monthly - 1 bag,2026-05-21,2026-06-20,19.00,paid,2026-05-21,
INV-21887,cus_vy7kqma3,bettycook3@icloud.com,Monthly - 1 bag,2026-05-22,2026-06-21,19.00,paid,2026-05-22,
INV-21888,cus_ypzxnpt6,murphy.michael@gmail.com,Monthly - 1 bag,2026-05-22,2026-06-21,19.00,void,2026-05-22,subscription cancelled
INV-21890,cus_fy6wx4nc,sofia_wilson@me.com,Monthly - 1 bag,2026-05-22,2026-06-21,19.00,paid,2026-05-22,
INV-21892,cus_j35gm8we,jmitchell@gmail.com,Monthly - 1 bag,2026-05-22,2026-06-21,19.00,paid,2026-05-22,
INV-21894,cus_cgwfgywk,ronald_wood@me.com,Monthly - 1 bag,2026-05-23,2026-06-22,19.00,paid,2026-05-23,
INV-21895,cus_m8nvqzpd,christopher.alvarez@protonmail.com,Monthly - 2 bags,2026-05-24,2026-06-23,34.00,paid,2026-05-24,
INV-21897,cus_nw2hpupf,weiwright62@aol.com,Monthly - 2 bags,2026-05-24,2026-06-23,34.00,void,2026-05-24,subscription cancelled
INV-21900,cus_hj8s73wu,karenbrown3@gmail.com,Quarterly prepaid - 1 bag/mo,2026-05-24,2026-08-23,54.00,paid,2026-05-24,
INV-21903,cus_8c9g9mg8,ashleystewart38@me.com,Monthly - 1 bag,2026-05-24,2026-06-23,19.00,void,2026-05-24,trial not converted
INV-21906,cus_e3bwjjna,tomasz.anderson@yahoo.com,Monthly - 2 bags,2026-05-24,2026-06-23,34.00,paid,2026-05-24,
INV-21907,cus_eg9eh2ad,brodriguez@me.com,Monthly - 2 bags,2026-05-25,2026-06-24,34.00,paid,2026-05-25,
INV-21909,cus_2rj8qrmt,dmiller@protonmail.com,Monthly - 1 bag,2026-05-25,2026-06-24,19.00,paid,2026-05-25,
INV-21911,cus_82xzhdym,stephanie.mitchell@aol.com,Quarterly prepaid - 1 bag/mo,2026-05-25,2026-08-24,54.00,paid,2026-05-25,
INV-21913,cus_u8u9ffpv,lindqvist.elizabeth@icloud.com,Monthly - 1 bag,2026-05-25,2026-06-24,19.00,paid,2026-05-25,
INV-21916,cus_pdkzq3hh,jones.amy@protonmail.com,Monthly - 2 bags,2026-05-26,2026-06-25,34.00,paid,2026-05-26,
INV-21918,cus_5eeapqd4,gary.wright@outlook.com,Monthly - 1 bag,2026-05-27,2026-06-26,19.00,paid,2026-05-27,
INV-21920,cus_gffuf99e,emily_clark@outlook.com,Monthly - 1 bag,2026-05-27,2026-06-26,19.00,failed,2026-05-27,
INV-21923,cus_sf5jy5tk,laura_cox@hotmail.com,Monthly - 1 bag,2026-05-27,2026-06-26,19.00,paid,2026-05-27,
INV-21926,cus_2m8mg9bb,alewis@me.com,Monthly - 1 bag,2026-05-27,2026-06-26,19.00,paid,2026-05-27,
INV-21927,cus_464g5ucu,angelahill41@hotmail.com,Quarterly prepaid - 1 bag/mo,2026-05-28,2026-08-27,54.00,paid,2026-05-28,
INV-21928,cus_rrtukftw,marcusdiaz65@icloud.com,Monthly - 1 bag,2026-05-28,2026-06-27,19.00,paid,2026-05-28,
INV-21929,cus_fyy8uth6,johnbrooks53@protonmail.com,Monthly - 1 bag,2026-05-28,2026-06-27,19.00,paid,2026-05-28,
INV-21931,cus_48aape7y,mateo.martin@protonmail.com,Monthly - 1 bag,2026-05-28,2026-06-27,19.00,paid,2026-05-28,
INV-21933,cus_r5zfreej,john_moore@yahoo.com,Monthly - 1 bag,2026-05-28,2026-06-27,19.00,paid,2026-05-28,
INV-21936,cus_643cjds3,sarah_reed@protonmail.com,Monthly - 2 bags,2026-05-28,2026-06-27,34.00,paid,2026-05-28,
INV-21939,cus_gffuf99e,emily_clark@outlook.com,Monthly - 1 bag,2026-05-27,2026-06-26,19.00,paid,2026-05-28,
INV-21941,cus_8s9gdqwu,thomas.richardson@hotmail.com,Monthly - 1 bag,2026-06-02,2026-07-01,19.00,paid,2026-06-02,
INV-21943,cus_ns2asbkz,gomez.eric@protonmail.com,Monthly - 2 bags,2026-06-02,2026-07-01,34.00,paid,2026-06-02,
INV-21945,cus_gttpd87z,ashley_ross@outlook.com,Quarterly prepaid - 1 bag/mo,2026-06-02,2026-09-01,54.00,paid,2026-06-02,
INV-21948,cus_j34zk7g4,jacob_flores@gmail.com,Monthly - 2 bags,2026-06-02,2026-07-01,34.00,void,2026-06-02,subscription cancelled
INV-21951,cus_vgsd9ypk,rahul_parker@gmail.com,Monthly - 1 bag,2026-06-02,2026-07-01,19.00,paid,2026-06-02,
INV-21954,cus_xaq2xex3,aishanguyen51@outlook.com,Monthly - 2 bags,2026-06-02,2026-07-01,34.00,paid,2026-06-02,
INV-21955,cus_uswzymar,mthompson@icloud.com,Monthly - 1 bag,2026-06-03,2026-07-02,0.00,paid,2026-06-03,first bag free
INV-21956,cus_9gxn29nt,patel.jennifer@aol.com,Monthly - 1 bag,2026-06-03,2026-07-02,19.00,paid,2026-06-03,
INV-21957,cus_crxxgwmf,leila.ramirez@icloud.com,Monthly - 1 bag,2026-06-03,2026-07-02,19.00,paid,2026-06-03,
INV-21959,cus_3rzqkdk4,sofia_allen@outlook.com,Quarterly prepaid - 1 bag/mo,2026-06-03,2026-09-02,54.00,paid,2026-06-03,
INV-21961,cus_mt6c8x43,chloe.perez@hotmail.com,Monthly - 1 bag,2026-06-03,2026-07-02,19.00,paid,2026-06-03,
INV-21964,cus_fghfk74d,barbaraokafor8@outlook.com,Monthly - 1 bag,2026-06-03,2026-07-02,19.00,paid,2026-06-03,
INV-21967,cus_3bwmc4tx,carlos_johnson@yahoo.com,Monthly - 1 bag,2026-06-03,2026-07-02,19.00,paid,2026-06-03,
INV-21970,cus_ujhnm2ed,patricia_jackson@aol.com,Monthly - 1 bag,2026-06-03,2026-07-02,19.00,void,2026-06-03,trial not converted
INV-21971,cus_pkq8bhmq,anderson.dmitri@me.com,Monthly - 2 bags,2026-06-04,2026-07-03,34.00,void,2026-06-04,subscription cancelled
INV-21972,cus_47gkkzk6,angelatanaka71@outlook.com,Monthly - 2 bags,2026-06-04,2026-07-03,34.00,paid,2026-06-04,
INV-21973,cus_v2e33ups,pmorris@gmail.com,Monthly - 1 bag,2026-06-04,2026-07-03,19.00,paid,2026-06-04,
INV-21975,cus_xmbaa48k,clark.richard@aol.com,Monthly - 1 bag,2026-06-04,2026-07-03,19.00,paid,2026-06-04,
INV-21978,cus_bmfm46v7,dflores@aol.com,Monthly - 1 bag,2026-06-04,2026-07-03,19.00,void,2026-06-04,subscription cancelled
INV-21981,cus_eazrqyyv,joshua_stewart@aol.com,Monthly - 1 bag,2026-06-04,2026-07-03,19.00,paid,2026-06-04,
INV-21984,cus_5umzkvay,michelleflores62@icloud.com,Monthly - 1 bag,2026-06-04,2026-07-03,19.00,paid,2026-06-04,
INV-21985,cus_4gyxc6pd,marcus_miller@hotmail.com,Monthly - 2 bags,2026-06-05,2026-07-04,34.00,paid,2026-06-05,
INV-21986,cus_zkrzmssd,paulchavez4@protonmail.com,Monthly - 1 bag,2026-06-05,2026-07-04,19.00,paid,2026-06-05,
INV-21987,cus_nhyh3r9k,priya_robinson@yahoo.com,Monthly - 1 bag,2026-06-05,2026-07-04,19.00,paid,2026-06-05,
INV-21989,cus_926pk4ps,joshua.mendoza@gmail.com,Monthly - 1 bag,2026-06-05,2026-07-04,0.00,paid,2026-06-05,first bag free
INV-21992,cus_d5y845dr,steven_johnson@icloud.com,Monthly - 2 bags,2026-06-05,2026-07-04,34.00,paid,2026-06-05,
INV-21993,cus_k4d74adv,deborah.clark@hotmail.com,Quarterly prepaid - 1 bag/mo,2026-06-06,2026-09-05,54.00,paid,2026-06-06,
INV-21995,cus_nghny7v3,deborahgutierrez9@gmail.com,Monthly - 1 bag,2026-06-06,2026-07-05,19.00,paid,2026-06-06,
INV-21998,cus_shmfw3f2,melissa_kim@outlook.com,Monthly - 1 bag,2026-06-06,2026-07-05,19.00,paid,2026-06-06,
INV-22001,cus_nvbnd56h,tomasz.gutierrez@protonmail.com,Quarterly prepaid - 1 bag/mo,2026-06-06,2026-09-05,54.00,void,2026-06-06,subscription cancelled
INV-22004,cus_rj44nx26,deborahwright62@protonmail.com,Monthly - 1 bag,2026-06-06,2026-07-05,19.00,paid,2026-06-06,
INV-22007,cus_3285xdug,djackson@aol.com,Monthly - 2 bags,2026-06-07,2026-07-06,0.00,paid,2026-06-07,first bag free
INV-22010,cus_xak34nss,elizabeth.williams@aol.com,Monthly - 1 bag,2026-06-07,2026-07-06,19.00,failed,2026-06-07,
INV-22011,cus_r6brs2v8,moore.nicholas@aol.com,Monthly - 1 bag,2026-06-08,2026-07-07,19.00,paid,2026-06-08,
INV-22012,cus_u8pk7hxk,cturner@gmail.com,Monthly - 2 bags,2026-06-08,2026-07-07,34.00,paid,2026-06-08,
INV-22013,cus_yadgjf2m,mmorgan@gmail.com,Monthly - 2 bags,2026-06-08,2026-07-07,34.00,paid,2026-06-08,
INV-22014,cus_xak34nss,elizabeth.williams@aol.com,Monthly - 1 bag,2026-06-07,2026-07-06,19.00,paid,2026-06-08,
INV-22016,cus_bv84vfnq,young.ashley@gmail.com,Quarterly prepaid - 1 bag/mo,2026-06-08,2026-09-07,54.00,paid,2026-06-08,
INV-22019,cus_6k9sq9ak,kimberlyallen21@gmail.com,Monthly - 1 bag,2026-06-08,2026-07-07,19.00,void,2026-06-08,subscription cancelled
INV-22022,cus_8kyyeecz,miller.margaret@protonmail.com,Monthly - 1 bag,2026-06-08,2026-07-07,19.00,paid,2026-06-08,
INV-22023,cus_vdbf555t,omar.cruz@protonmail.com,Quarterly prepaid - 1 bag/mo,2026-06-09,2026-09-08,54.00,paid,2026-06-09,
INV-22024,cus_pm6tq5nm,wilson.amara@aol.com,Monthly - 1 bag,2026-06-09,2026-07-08,19.00,paid,2026-06-09,
INV-22026,cus_x738bwqq,stevenbennett49@hotmail.com,Monthly - 2 bags,2026-06-09,2026-07-08,34.00,paid,2026-06-09,
INV-22028,cus_y8u592zg,sofiamensah23@protonmail.com,Monthly - 1 bag,2026-06-09,2026-07-08,19.00,paid,2026-06-09,
INV-22031,cus_3bmq9ann,richardson.carol@protonmail.com,Monthly - 1 bag,2026-06-09,2026-07-08,19.00,paid,2026-06-09,
INV-22034,cus_d9wxzme8,rebeccaosei2@icloud.com,Monthly - 2 bags,2026-06-09,2026-07-08,34.00,paid,2026-06-09,
INV-22035,cus_2efrxxee,priya.castillo@hotmail.com,Monthly - 1 bag,2026-06-10,2026-07-09,19.00,paid,2026-06-10,
INV-22036,cus_q8emfrpv,aramos@yahoo.com,Monthly - 2 bags,2026-06-10,2026-07-09,34.00,paid,2026-06-10,
INV-22038,cus_zquby2ye,chill@me.com,Monthly - 2 bags,2026-06-10,2026-07-09,34.00,paid,2026-06-10,
INV-22040,cus_6pupkhnu,collins.marcus@icloud.com,Monthly - 1 bag,2026-06-10,2026-07-09,19.00,paid,2026-06-10,
INV-22043,cus_qwxvkrke,anna_gutierrez@outlook.com,Monthly - 1 bag,2026-06-10,2026-07-09,19.00,paid,2026-06-10,
INV-22045,cus_5xtkseqm,sarahallen67@icloud.com,Monthly - 1 bag,2026-06-11,2026-07-10,19.00,paid,2026-06-11,
INV-22048,cus_78mhefjz,sandra_rogers@gmail.com,Monthly - 2 bags,2026-06-11,2026-07-10,34.00,paid,2026-06-11,
INV-22049,cus_368y6wp6,dorothy_collins@yahoo.com,Monthly - 1 bag,2026-06-12,2026-07-11,19.00,paid,2026-06-12,
INV-22050,cus_ug9tqs5n,georgereed54@gmail.com,Monthly - 1 bag,2026-06-12,2026-07-11,19.00,paid,2026-06-12,
INV-22052,cus_fdeb8g6q,elizabeth.allen@yahoo.com,Quarterly prepaid - 1 bag/mo,2026-06-13,2026-09-12,54.00,void,2026-06-13,subscription cancelled
INV-22054,cus_atdem82m,cook.eric@yahoo.com,Monthly - 1 bag,2026-06-13,2026-07-12,19.00,paid,2026-06-13,
INV-22056,cus_6tqf7ghd,dwatson@yahoo.com,Monthly - 2 bags,2026-06-13,2026-07-12,34.00,paid,2026-06-13,
INV-22059,cus_b8xceusv,amorales@aol.com,Monthly - 2 bags,2026-06-13,2026-07-12,34.00,paid,2026-06-13,
INV-22062,cus_8rw5tq82,angelasanchez92@outlook.com,Monthly - 1 bag,2026-06-13,2026-07-12,19.00,paid,2026-06-13,
INV-22065,cus_2cbttsvs,ashleyhernandez90@outlook.com,Monthly - 2 bags,2026-06-14,2026-07-13,34.00,paid,2026-06-14,
INV-22068,cus_abjbts72,chaddad@aol.com,Monthly - 2 bags,2026-06-14,2026-07-13,34.00,paid,2026-06-14,
INV-22069,cus_w76u4q66,cooper.angela@me.com,Monthly - 1 bag,2026-06-15,2026-07-14,19.00,paid,2026-06-15,
INV-22070,cus_drz8vtzx,stephanienelson62@outlook.com,Monthly - 1 bag,2026-06-15,2026-07-14,19.00,paid,2026-06-15,
INV-22071,cus_3sgr6kbj,kimberly.martinez@me.com,Monthly - 2 bags,2026-06-15,2026-07-14,34.00,paid,2026-06-15,
INV-22074,cus_3kzadwt9,jhall@icloud.com,Monthly - 2 bags,2026-06-15,2026-07-14,34.00,paid,2026-06-15,
INV-22075,cus_bb4wa73g,richard.white@me.com,Monthly - 2 bags,2026-06-16,2026-07-15,34.00,paid,2026-06-16,
INV-22077,cus_7mm8n3ub,marygonzalez82@yahoo.com,Monthly - 1 bag,2026-06-16,2026-07-15,19.00,paid,2026-06-16,
INV-22079,cus_k2zkxvpm,danaedwards97@outlook.com,Monthly - 1 bag,2026-06-16,2026-07-15,19.00,paid,2026-06-16,
INV-22081,cus_5jpvpfwc,sarah_king@gmail.com,Monthly - 1 bag,2026-06-16,2026-07-15,19.00,paid,2026-06-16,
INV-22083,cus_j86m39sr,jeffrey.lewis@hotmail.com,Monthly - 1 bag,2026-06-16,2026-07-15,19.00,paid,2026-06-16,
INV-22086,cus_pqsnz3bu,sarah.chavez@aol.com,Monthly - 1 bag,2026-06-16,2026-07-15,19.00,paid,2026-06-16,
INV-22089,cus_5fhkzens,dorothyross69@yahoo.com,Monthly - 1 bag,2026-06-16,2026-07-15,19.00,paid,2026-06-16,
INV-22091,cus_p96eqebk,watson.patricia@protonmail.com,Monthly - 2 bags,2026-06-17,2026-07-16,34.00,paid,2026-06-17,
INV-22093,cus_zppgwe2k,markyoung96@gmail.com,Monthly - 2 bags,2026-06-17,2026-07-16,34.00,paid,2026-06-17,
INV-22095,cus_tmadrzrn,okafor.dorothy@protonmail.com,Monthly - 1 bag,2026-06-17,2026-07-16,19.00,paid,2026-06-17,
INV-22098,cus_csuwtdeu,amara_parker@protonmail.com,Monthly - 1 bag,2026-06-17,2026-07-16,19.00,paid,2026-06-17,
INV-22101,cus_p3fhh5kr,edwards.amy@protonmail.com,Monthly - 1 bag,2026-06-17,2026-07-16,19.00,paid,2026-06-17,
INV-22104,cus_uj9c336v,leila.jackson@aol.com,Monthly - 1 bag,2026-06-17,2026-07-16,19.00,paid,2026-06-17,
INV-22105,cus_hs2pa9tj,jeffreymyers16@hotmail.com,Monthly - 1 bag,2026-06-18,2026-07-17,19.00,failed,2026-06-18,
INV-22107,cus_jrmv8acs,angela_diaz@outlook.com,Quarterly prepaid - 1 bag/mo,2026-06-18,2026-09-17,54.00,paid,2026-06-18,
INV-22109,cus_ah9kqy9y,lnelson@hotmail.com,Monthly - 1 bag,2026-06-18,2026-07-17,0.00,paid,2026-06-18,first bag free
INV-22112,cus_qeyzthqs,reed.barbara@aol.com,Monthly - 1 bag,2026-06-18,2026-07-17,19.00,void,2026-06-18,trial not converted
INV-22115,cus_rtbjtd2v,gary.perez@aol.com,Monthly - 1 bag,2026-06-18,2026-07-17,19.00,paid,2026-06-18,
INV-22118,cus_883uwq3n,robert_johnson@gmail.com,Monthly - 1 bag,2026-06-18,2026-07-17,19.00,failed,2026-06-18,
INV-22119,cus_hs2pa9tj,jeffreymyers16@hotmail.com,Monthly - 1 bag,2026-06-18,2026-07-17,19.00,paid,2026-06-19,
INV-22120,cus_fgnptmdq,dross@yahoo.com,Monthly - 1 bag,2026-06-19,2026-07-18,0.00,paid,2026-06-19,first bag free
INV-22122,cus_te4c7tzf,mitchell.jason@icloud.com,Monthly - 1 bag,2026-06-19,2026-07-18,19.00,void,2026-06-19,trial not converted
INV-22124,cus_ttxquqf4,donald.alvarez@icloud.com,Monthly - 1 bag,2026-06-19,2026-07-18,19.00,void,2026-06-19,trial not converted
INV-22127,cus_883uwq3n,robert_johnson@gmail.com,Monthly - 1 bag,2026-06-18,2026-07-17,19.00,paid,2026-06-19,
INV-22130,cus_gm8mt4p9,nicholas_bailey@yahoo.com,Monthly - 1 bag,2026-06-19,2026-07-18,19.00,paid,2026-06-19,
INV-22131,cus_avpddymw,hughes.nicholas@me.com,Monthly - 1 bag,2026-06-20,2026-07-19,19.00,paid,2026-06-20,
INV-22134,cus_5p7kae4d,bennett.michael@protonmail.com,Monthly - 1 bag,2026-06-20,2026-07-19,19.00,paid,2026-06-20,
INV-22135,cus_56bgzcmd,amara.haddad@outlook.com,Monthly - 2 bags,2026-06-21,2026-07-20,34.00,paid,2026-06-21,
INV-22136,cus_vxk4uyjq,ingridanderson2@yahoo.com,Monthly - 2 bags,2026-06-21,2026-07-20,34.00,failed,2026-06-21,
INV-22137,cus_y2rvnner,lee.cynthia@me.com,Monthly - 1 bag,2026-06-21,2026-07-20,19.00,paid,2026-06-21,
INV-22138,cus_s98bu986,paul.rivera@protonmail.com,Monthly - 1 bag,2026-06-21,2026-07-20,19.00,paid,2026-06-21,
INV-22140,cus_au76bv5g,steven_taylor@outlook.com,Quarterly prepaid - 1 bag/mo,2026-06-21,2026-09-20,54.00,paid,2026-06-21,
INV-22142,cus_s2c55jqg,mensah.matthew@protonmail.com,Monthly - 1 bag,2026-06-21,2026-07-20,19.00,paid,2026-06-21,
INV-22145,cus_s3uhc2bc,nmorgan@outlook.com,Quarterly prepaid - 1 bag/mo,2026-06-21,2026-09-20,54.00,paid,2026-06-21,
INV-22146,cus_vy7kqma3,bettycook3@icloud.com,Monthly - 1 bag,2026-06-22,2026-07-21,19.00,failed,2026-06-22,
INV-22147,cus_j35gm8we,jmitchell@gmail.com,Monthly - 1 bag,2026-06-22,2026-07-21,19.00,paid,2026-06-22,
INV-22149,cus_fy6wx4nc,sofia_wilson@me.com,Monthly - 1 bag,2026-06-22,2026-07-21,19.00,paid,2026-06-22,
INV-22151,cus_yjgtwj5p,kevingray32@hotmail.com,Quarterly prepaid - 1 bag/mo,2026-06-22,2026-09-21,54.00,paid,2026-06-22,
INV-22153,cus_vxk4uyjq,ingridanderson2@yahoo.com,Monthly - 2 bags,2026-06-21,2026-07-20,34.00,paid,2026-06-22,
INV-22154,cus_vy7kqma3,bettycook3@icloud.com,Monthly - 1 bag,2026-06-22,2026-07-21,19.00,paid,2026-06-23,
INV-22155,cus_tfe3e7zr,kimberlycollins47@protonmail.com,Monthly - 1 bag,2026-06-23,2026-07-22,0.00,paid,2026-06-23,first bag free
INV-22157,cus_cgwfgywk,ronald_wood@me.com,Monthly - 1 bag,2026-06-23,2026-07-22,19.00,paid,2026-06-23,
INV-22158,cus_m8nvqzpd,christopher.alvarez@protonmail.com,Monthly - 2 bags,2026-06-24,2026-07-23,34.00,paid,2026-06-24,
INV-22160,cus_jup6dzpr,leila.ruiz@aol.com,Monthly - 1 bag,2026-06-24,2026-07-23,0.00,paid,2026-06-24,first bag free
INV-22163,cus_zwrmva3u,dmitri_williams@gmail.com,Monthly - 2 bags,2026-06-24,2026-07-23,34.00,paid,2026-06-24,
INV-22166,cus_e3bwjjna,tomasz.anderson@yahoo.com,Monthly - 2 bags,2026-06-24,2026-07-23,34.00,paid,2026-06-24,
INV-22169,cus_f4hh49bn,angela_jackson@aol.com,Quarterly prepaid - 1 bag/mo,2026-06-24,2026-09-23,54.00,paid,2026-06-24,
INV-22170,cus_u8u9ffpv,lindqvist.elizabeth@icloud.com,Monthly - 1 bag,2026-06-25,2026-07-24,19.00,paid,2026-06-25,
INV-22171,cus_eg9eh2ad,brodriguez@me.com,Monthly - 2 bags,2026-06-25,2026-07-24,34.00,paid,2026-06-25,
INV-22173,cus_2rj8qrmt,dmiller@protonmail.com,Monthly - 1 bag,2026-06-25,2026-07-24,19.00,paid,2026-06-25,
INV-22175,cus_zhdhmmyh,daniel_gomez@me.com,Monthly - 1 bag,2026-06-25,2026-07-24,19.00,paid,2026-06-25,
INV-22177,cus_6bsh24pq,rramos@aol.com,Monthly - 1 bag,2026-06-25,2026-07-24,19.00,paid,2026-06-25,
INV-22178,cus_pdkzq3hh,jones.amy@protonmail.com,Monthly - 2 bags,2026-06-26,2026-07-25,34.00,paid,2026-06-26,
INV-22179,cus_sf5jy5tk,laura_cox@hotmail.com,Monthly - 1 bag,2026-06-27,2026-07-26,19.00,paid,2026-06-27,
INV-22180,cus_5eeapqd4,gary.wright@outlook.com,Monthly - 1 bag,2026-06-27,2026-07-26,19.00,paid,2026-06-27,
INV-22181,cus_gffuf99e,emily_clark@outlook.com,Monthly - 1 bag,2026-06-27,2026-07-26,19.00,paid,2026-06-27,
INV-22184,cus_2m8mg9bb,alewis@me.com,Monthly - 1 bag,2026-06-27,2026-07-26,19.00,paid,2026-06-27,
INV-22186,cus_fyy8uth6,johnbrooks53@protonmail.com,Monthly - 1 bag,2026-06-28,2026-07-27,19.00,paid,2026-06-28,
INV-22188,cus_pgz6kdqa,omar.green@protonmail.com,Quarterly prepaid - 1 bag/mo,2026-06-28,2026-09-27,54.00,paid,2026-06-28,
INV-22191,cus_643cjds3,sarah_reed@protonmail.com,Monthly - 2 bags,2026-06-28,2026-07-27,34.00,paid,2026-06-28,
INV-22194,cus_rrtukftw,marcusdiaz65@icloud.com,Monthly - 1 bag,2026-06-28,2026-07-27,19.00,failed,2026-06-28,
INV-22197,cus_r5zfreej,john_moore@yahoo.com,Monthly - 1 bag,2026-06-28,2026-07-27,19.00,paid,2026-06-28,
INV-22200,cus_48aape7y,mateo.martin@protonmail.com,Monthly - 1 bag,2026-06-28,2026-07-27,19.00,paid,2026-06-28,
INV-22201,cus_rrtukftw,marcusdiaz65@icloud.com,Monthly - 1 bag,2026-06-28,2026-07-27,19.00,paid,2026-06-29,
INV-22202,cus_8s9gdqwu,thomas.richardson@hotmail.com,Monthly - 1 bag,2026-07-02,2026-08-01,19.00,paid,2026-07-02,
INV-22203,cus_xaq2xex3,aishanguyen51@outlook.com,Monthly - 2 bags,2026-07-02,2026-08-01,34.00,paid,2026-07-02,
INV-22205,cus_vgsd9ypk,rahul_parker@gmail.com,Monthly - 1 bag,2026-07-02,2026-08-01,19.00,paid,2026-07-02,
INV-22207,cus_ns2asbkz,gomez.eric@protonmail.com,Monthly - 2 bags,2026-07-02,2026-08-01,34.00,paid,2026-07-02,
INV-22208,cus_9gxn29nt,patel.jennifer@aol.com,Monthly - 1 bag,2026-07-03,2026-08-02,19.00,paid,2026-07-03,
INV-22209,cus_uswzymar,mthompson@icloud.com,Monthly - 1 bag,2026-07-03,2026-08-02,19.00,paid,2026-07-03,
INV-22210,cus_3bwmc4tx,carlos_johnson@yahoo.com,Monthly - 1 bag,2026-07-03,2026-08-02,19.00,paid,2026-07-03,
INV-22213,cus_fghfk74d,barbaraokafor8@outlook.com,Monthly - 1 bag,2026-07-03,2026-08-02,19.00,paid,2026-07-03,
INV-22216,cus_mt6c8x43,chloe.perez@hotmail.com,Monthly - 1 bag,2026-07-03,2026-08-02,19.00,paid,2026-07-03,
INV-22219,cus_crxxgwmf,leila.ramirez@icloud.com,Monthly - 1 bag,2026-07-03,2026-08-02,19.00,paid,2026-07-03,
INV-22220,cus_47gkkzk6,angelatanaka71@outlook.com,Monthly - 2 bags,2026-07-04,2026-08-03,34.00,paid,2026-07-04,
INV-22221,cus_eazrqyyv,joshua_stewart@aol.com,Monthly - 1 bag,2026-07-04,2026-08-03,19.00,paid,2026-07-04,
INV-22223,cus_5umzkvay,michelleflores62@icloud.com,Monthly - 1 bag,2026-07-04,2026-08-03,19.00,paid,2026-07-04,
INV-22225,cus_xmbaa48k,clark.richard@aol.com,Monthly - 1 bag,2026-07-04,2026-08-03,19.00,paid,2026-07-04,
INV-22228,cus_v2e33ups,pmorris@gmail.com,Monthly - 1 bag,2026-07-04,2026-08-03,19.00,paid,2026-07-04,
INV-22229,cus_926pk4ps,joshua.mendoza@gmail.com,Monthly - 1 bag,2026-07-05,2026-08-04,19.00,void,2026-07-05,trial not converted
INV-22231,cus_nhyh3r9k,priya_robinson@yahoo.com,Monthly - 1 bag,2026-07-05,2026-08-04,19.00,paid,2026-07-05,
INV-22233,cus_d5y845dr,steven_johnson@icloud.com,Monthly - 2 bags,2026-07-05,2026-08-04,34.00,paid,2026-07-05,
INV-22236,cus_zkrzmssd,paulchavez4@protonmail.com,Monthly - 1 bag,2026-07-05,2026-08-04,19.00,paid,2026-07-05,
INV-22239,cus_4gyxc6pd,marcus_miller@hotmail.com,Monthly - 2 bags,2026-07-05,2026-08-04,34.00,paid,2026-07-05,
