Check #,Opened,Server,Menu Group,Item,Parent Item,Qty,Gross Price,Discount,Discount Reason,Net Price,Voided
37101,07/01/2026 07:47 AM,Ines,Coffee & Tea,Cappuccino,,1,4.75,0.00,,4.75,No
37101,07/01/2026 07:47 AM,Ines,Modifiers,+ Oat milk,Cappuccino,1,0.75,0.00,,0.75,No
37101,07/01/2026 07:47 AM,Ines,Breakfast,Avocado Toast,,1,11.00,0.00,,11.00,No
37101,07/01/2026 07:47 AM,Ines,Bakery,Chocolate Chip Cookie,,1,2.75,0.00,,2.75,No
37102,07/01/2026 01:11 PM,Rashid,Coffee & Tea,Cold Brew,,1,4.50,0.00,,4.50,No
37102,07/01/2026 01:11 PM,Rashid,Modifiers,+ Oat milk,Cold Brew,1,0.75,0.00,,0.75,No
37102,07/01/2026 01:11 PM,Rashid,Bakery,Chocolate Chip Cookie,,1,2.75,0.00,,2.75,No
37102,07/01/2026 01:11 PM,Rashid,Breakfast,Avocado Toast,,1,11.00,11.00,Comp - manager,0.00,No
37103,07/01/2026 12:41 PM,Kai,Lunch,Greek Salad,,1,12.00,0.00,,12.00,No
37103,07/01/2026 12:41 PM,Kai,Lunch,Soup of the Day,,1,7.00,0.00,,7.00,No
37103,07/01/2026 12:41 PM,Kai,Bakery,Croissant,,1,3.75,0.00,,3.75,No
37104,07/01/2026 01:42 PM,Rashid,Coffee & Tea,Latte,,1,5.25,0.00,,5.25,No
37104,07/01/2026 01:42 PM,Rashid,Modifiers,+ Vanilla syrup,Latte,1,0.60,0.00,,0.60,No
37105,07/01/2026 11:37 AM,Theo,Lunch,Turkey Club,,1,13.50,0.00,,13.50,No
37105,07/01/2026 11:37 AM,Theo,Modifiers,+ Add bacon,Turkey Club,1,2.50,0.00,,2.50,No
37105,07/01/2026 11:37 AM,Theo,Lunch,Greek Salad,,1,12.00,0.00,,12.00,No
37106,07/01/2026 11:04 AM,Ines,Breakfast,Oatmeal Bowl,,1,7.50,0.00,,7.50,No
37106,07/01/2026 11:04 AM,Ines,Coffee & Tea,Drip Coffee,,1,3.00,0.00,,3.00,No
37106,07/01/2026 11:04 AM,Ines,Lunch,Turkey Club,,1,13.50,0.00,,13.50,No
37106,07/01/2026 11:04 AM,Ines,Modifiers,+ Add bacon,Turkey Club,1,2.50,0.00,,2.50,No
37107,07/01/2026 01:52 PM,Theo,Coffee & Tea,Chai Tea,,1,4.75,0.00,,4.75,No
37108,07/01/2026 08:02 AM,Ines,Bakery,Croissant,,1,3.75,0.00,,3.75,No
37109,07/01/2026 12:27 PM,Maribel,Breakfast,Avocado Toast,,1,11.00,0.00,,11.00,No
37109,07/01/2026 12:27 PM,Maribel,Bakery,Blueberry Muffin,,1,3.50,0.00,,3.50,No
37109,07/01/2026 12:27 PM,Maribel,Bakery,Blueberry Muffin,,1,3.50,0.00,,3.50,No
37110,07/01/2026 12:36 PM,Kai,Coffee & Tea,Drip Coffee,,1,3.00,0.00,,3.00,No
37110,07/01/2026 12:36 PM,Kai,Breakfast,Oatmeal Bowl,,1,7.50,0.00,,7.50,No
37110,07/01/2026 12:36 PM,Kai,Coffee & Tea,Latte,,1,5.25,0.00,,5.25,No
37110,07/01/2026 12:36 PM,Kai,Modifiers,+ Oat milk,Latte,1,0.75,0.00,,0.75,No
37110,07/01/2026 12:36 PM,Kai,Modifiers,+ Extra shot,Latte,1,1.00,0.00,,1.00,No
37111,07/01/2026 02:29 PM,Rashid,Coffee & Tea,Drip Coffee,,1,3.00,0.00,,3.00,No
37112,07/01/2026 01:57 PM,Ines,Coffee & Tea,Cappuccino,,1,4.75,0.00,,4.75,No
37112,07/01/2026 01:57 PM,Ines,Modifiers,+ Oat milk,Cappuccino,1,0.75,0.00,,0.75,No
37112,07/01/2026 01:57 PM,Ines,Modifiers,+ Extra shot,Cappuccino,1,1.00,0.00,,1.00,No
37113,07/01/2026 08:05 AM,Kai,Bakery,Blueberry Muffin,,1,3.50,0.00,,3.50,No
37114,07/01/2026 08:38 AM,Rashid,Coffee & Tea,Chai Tea,,1,4.75,0.00,,4.75,No
37114,07/01/2026 08:38 AM,Rashid,Coffee & Tea,Cappuccino,,1,4.75,0.00,,4.75,No
37114,07/01/2026 08:38 AM,Rashid,Lunch,Soup of the Day,,1,7.00,0.00,,7.00,No
37115,07/01/2026 08:52 AM,Ines,Bakery,Blueberry Muffin,,1,3.50,0.00,,3.50,No
37116,07/01/2026 07:27 AM,Theo,Bakery,Croissant,,1,3.75,0.00,,3.75,No
37116,07/01/2026 07:27 AM,Theo,Coffee & Tea,Drip Coffee,,1,3.00,0.00,,3.00,No
37116,07/01/2026 07:27 AM,Theo,Coffee & Tea,Cappuccino,,1,4.75,0.00,,4.75,No
37116,07/01/2026 07:27 AM,Theo,Modifiers,+ Extra shot,Cappuccino,1,1.00,0.00,,1.00,No
37117,07/01/2026 11:57 AM,Maribel,Coffee & Tea,Drip Coffee,,1,3.00,0.00,,3.00,No
37117,07/01/2026 11:57 AM,Maribel,Lunch,Soup of the Day,,1,7.00,0.00,,7.00,No
37118,07/01/2026 08:29 AM,Kai,Coffee & Tea,Latte,,1,5.25,0.00,,5.25,No
37118,07/01/2026 08:29 AM,Kai,Modifiers,+ Oat milk,Latte,1,0.75,0.00,,0.75,No
37119,07/01/2026 12:02 PM,Theo,Breakfast,Breakfast Sandwich,,1,9.50,0.00,,9.50,No
37119,07/01/2026 12:02 PM,Theo,Lunch,Turkey Club,,1,13.50,0.00,,13.50,No
37119,07/01/2026 12:02 PM,Theo,Modifiers,+ Add bacon,Turkey Club,1,2.50,0.00,,2.50,No
37120,07/01/2026 07:40 AM,Ines,Breakfast,Oatmeal Bowl,,1,7.50,0.00,,7.50,No
37120,07/01/2026 07:40 AM,Ines,Coffee & Tea,Drip Coffee,,1,3.00,0.00,,3.00,No
37121,07/01/2026 07:58 AM,Theo,Coffee & Tea,Cold Brew,,1,4.50,0.00,,4.50,No
37121,07/01/2026 07:58 AM,Theo,Modifiers,+ Oat milk,Cold Brew,1,0.75,0.00,,0.75,No
37122,07/01/2026 11:01 AM,Rashid,Lunch,Soup of the Day,,1,7.00,0.00,,7.00,No
37123,07/01/2026 09:36 AM,Maribel,Bakery,Blueberry Muffin,,1,3.50,1.75,Staff meal 50%,1.75,No
37124,07/01/2026 10:18 AM,Rashid,Breakfast,Avocado Toast,,1,11.00,0.00,,11.00,No
37124,07/01/2026 10:18 AM,Rashid,Modifiers,+ Add egg,Avocado Toast,1,1.50,0.00,,1.50,No
37124,07/01/2026 10:18 AM,Rashid,Breakfast,Breakfast Sandwich,,1,9.50,0.00,,9.50,No
37125,07/01/2026 01:51 PM,Ines,Lunch,Greek Salad,,1,12.00,0.00,,12.00,No
37125,07/01/2026 01:51 PM,Ines,Bakery,Croissant,,1,3.75,0.00,,3.75,No
37126,07/01/2026 07:43 AM,Maribel,Lunch,Soup of the Day,,1,7.00,0.00,,7.00,No
37127,07/01/2026 07:42 AM,Maribel,Bakery,Chocolate Chip Cookie,,1,2.75,1.38,Staff meal 50%,1.37,No
37128,07/01/2026 07:47 AM,Rashid,Coffee & Tea,Latte,,1,5.25,0.00,,5.25,No
37128,07/01/2026 07:47 AM,Rashid,Lunch,Greek Salad,,1,12.00,0.00,,12.00,No
37129,07/01/2026 10:45 AM,Theo,Bakery,Blueberry Muffin,,1,3.50,0.00,,3.50,No
37129,07/01/2026 10:45 AM,Theo,Coffee & Tea,Chai Tea,,1,4.75,0.00,,4.75,No
37129,07/01/2026 10:45 AM,Theo,Coffee & Tea,Chai Tea,,1,4.75,0.00,,4.75,No
37130,07/01/2026 09:34 AM,Ines,Bakery,Chocolate Chip Cookie,,1,2.75,0.00,,2.75,No
37130,07/01/2026 09:34 AM,Ines,Breakfast,Avocado Toast,,1,11.00,0.00,,11.00,No
37131,07/01/2026 02:43 PM,Rashid,Breakfast,Avocado Toast,,1,11.00,0.00,,11.00,No
37131,07/01/2026 02:43 PM,Rashid,Coffee & Tea,Drip Coffee,,1,3.00,0.00,,3.00,No
37132,07/01/2026 02:38 PM,Rashid,Breakfast,Oatmeal Bowl,,1,7.50,0.00,,7.50,No
37133,07/01/2026 12:31 PM,Kai,Coffee & Tea,Drip Coffee,,1,3.00,0.00,,3.00,No
37134,07/01/2026 02:24 PM,Ines,Coffee & Tea,Cold Brew,,1,4.50,0.00,,4.50,No
37134,07/01/2026 02:24 PM,Ines,Breakfast,Breakfast Sandwich,,1,9.50,0.00,,9.50,No
37134,07/01/2026 02:24 PM,Ines,Modifiers,+ Add bacon,Breakfast Sandwich,1,2.50,0.00,,2.50,No
37135,07/01/2026 10:26 AM,Kai,Coffee & Tea,Chai Tea,,1,4.75,0.00,,4.75,No
37136,07/01/2026 08:02 AM,Maribel,Lunch,Turkey Club,,1,13.50,6.75,Staff meal 50%,6.75,No
37136,07/01/2026 08:02 AM,Maribel,Modifiers,+ Add bacon,Turkey Club,1,2.50,1.25,Staff meal 50%,1.25,No
37136,07/01/2026 08:02 AM,Maribel,Coffee & Tea,Cappuccino,,1,4.75,2.38,Staff meal 50%,2.37,No
37136,07/01/2026 08:02 AM,Maribel,Modifiers,+ Extra shot,Cappuccino,1,1.00,0.50,Staff meal 50%,0.50,No
37137,07/01/2026 10:51 AM,Ines,Breakfast,Breakfast Sandwich,,1,9.50,0.00,,9.50,No
37137,07/01/2026 10:51 AM,Ines,Modifiers,+ Add bacon,Breakfast Sandwich,1,2.50,0.00,,2.50,No
37137,07/01/2026 10:51 AM,Ines,Modifiers,+ Add avocado,Breakfast Sandwich,1,2.00,0.00,,2.00,No
37137,07/01/2026 10:51 AM,Ines,Lunch,Greek Salad,,1,12.00,0.00,,12.00,No
37137,07/01/2026 10:51 AM,Ines,Modifiers,+ Add avocado,Greek Salad,1,2.00,0.00,,2.00,No
37137,07/01/2026 10:51 AM,Ines,Coffee & Tea,Latte,,1,5.25,0.00,,5.25,No
37138,07/01/2026 11:19 AM,Rashid,Coffee & Tea,Drip Coffee,,1,3.00,0.00,,3.00,No
37139,07/01/2026 09:46 AM,Kai,Coffee & Tea,Drip Coffee,,1,3.00,0.00,,3.00,No
37140,07/01/2026 08:28 AM,Theo,Bakery,Blueberry Muffin,,1,3.50,0.00,,3.50,No
37140,07/01/2026 08:28 AM,Theo,Bakery,Blueberry Muffin,,1,3.50,0.00,,3.50,No
37140,07/01/2026 08:28 AM,Theo,Breakfast,Oatmeal Bowl,,1,7.50,0.00,,7.50,No
37141,07/01/2026 01:07 PM,Kai,Breakfast,Breakfast Sandwich,,1,9.50,0.00,,9.50,No
37141,07/01/2026 01:07 PM,Kai,Modifiers,+ Add bacon,Breakfast Sandwich,1,2.50,0.00,,2.50,No
37141,07/01/2026 01:07 PM,Kai,Modifiers,+ Add egg,Breakfast Sandwich,1,1.50,0.00,,1.50,No
37141,07/01/2026 01:07 PM,Kai,Modifiers,+ Add avocado,Breakfast Sandwich,1,2.00,0.00,,2.00,No
37141,07/01/2026 01:07 PM,Kai,Breakfast,Avocado Toast,,1,11.00,0.00,,11.00,No
37141,07/01/2026 01:07 PM,Kai,Modifiers,+ Gluten-free bread,Avocado Toast,1,1.50,0.00,,1.50,No
37141,07/01/2026 01:07 PM,Kai,Coffee & Tea,Drip Coffee,,1,3.00,0.00,,3.00,No
37142,07/01/2026 10:44 AM,Theo,Lunch,Turkey Club,,1,13.50,0.00,,13.50,No
37143,07/01/2026 12:23 PM,Ines,Bakery,Croissant,,1,3.75,0.00,,3.75,No
37143,07/01/2026 12:23 PM,Ines,Bakery,Chocolate Chip Cookie,,1,2.75,0.00,,2.75,No
37144,07/01/2026 02:42 PM,Rashid,Bakery,Chocolate Chip Cookie,,1,2.75,0.00,,2.75,No
37145,07/01/2026 11:22 AM,Ines,Bakery,Chocolate Chip Cookie,,1,2.75,0.00,,2.75,No
37145,07/01/2026 11:22 AM,Ines,Coffee & Tea,Chai Tea,,1,4.75,0.00,,4.75,No
37146,07/01/2026 11:43 AM,Rashid,Coffee & Tea,Chai Tea,,1,4.75,0.00,,4.75,No
37146,07/01/2026 11:43 AM,Rashid,Bakery,Blueberry Muffin,,1,3.50,0.00,,3.50,No
37146,07/01/2026 11:43 AM,Rashid,Lunch,Soup of the Day,,1,7.00,0.00,,7.00,No
37147,07/01/2026 07:56 AM,Ines,Bakery,Chocolate Chip Cookie,,1,2.75,0.00,,2.75,No
37147,07/01/2026 07:56 AM,Ines,Coffee & Tea,Chai Tea,,1,4.75,0.00,,4.75,No
37147,07/01/2026 07:56 AM,Ines,Lunch,Turkey Club,,1,13.50,0.00,,13.50,No
37147,07/01/2026 07:56 AM,Ines,Modifiers,+ Add bacon,Turkey Club,1,2.50,0.00,,2.50,No
37148,07/01/2026 10:06 AM,Ines,Lunch,Turkey Club,,1,13.50,0.00,,13.50,No
37148,07/01/2026 10:06 AM,Ines,Modifiers,+ Add bacon,Turkey Club,1,2.50,0.00,,2.50,No
37148,07/01/2026 10:06 AM,Ines,Breakfast,Breakfast Sandwich,,1,9.50,0.00,,9.50,No
37148,07/01/2026 10:06 AM,Ines,Modifiers,+ Add bacon,Breakfast Sandwich,1,2.50,0.00,,2.50,No
37149,07/01/2026 09:58 AM,Theo,Breakfast,Oatmeal Bowl,,1,7.50,0.00,,7.50,No
37150,07/01/2026 08:01 AM,Kai,Breakfast,Breakfast Sandwich,,1,9.50,0.00,,9.50,No
37150,07/01/2026 08:01 AM,Kai,Modifiers,+ Add bacon,Breakfast Sandwich,1,2.50,0.00,,2.50,No
37150,07/01/2026 08:01 AM,Kai,Coffee & Tea,Chai Tea,,1,4.75,0.00,,4.75,No
37150,07/01/2026 08:01 AM,Kai,Lunch,Turkey Club,,1,13.50,0.00,,13.50,No
37150,07/01/2026 08:01 AM,Kai,Modifiers,+ Add bacon,Turkey Club,1,2.50,0.00,,2.50,No
37150,07/01/2026 08:01 AM,Kai,Modifiers,+ Gluten-free bread,Turkey Club,1,1.50,0.00,,1.50,No
37151,07/02/2026 09:40 AM,Rashid,Lunch,Soup of the Day,,1,7.00,0.00,,7.00,No
37151,07/02/2026 09:40 AM,Rashid,Coffee & Tea,Chai Tea,,1,4.75,0.00,,4.75,No
37151,07/02/2026 09:40 AM,Rashid,Lunch,Greek Salad,,1,12.00,0.00,,12.00,No
37152,07/02/2026 12:41 PM,Ines,Breakfast,Avocado Toast,,1,11.00,0.00,,11.00,No
37152,07/02/2026 12:41 PM,Ines,Coffee & Tea,Drip Coffee,,1,3.00,0.00,,3.00,No
37152,07/02/2026 12:41 PM,Ines,Coffee & Tea,Chai Tea,,1,4.75,0.00,,4.75,No
37153,07/02/2026 12:15 PM,Maribel,Breakfast,Avocado Toast,,1,11.00,0.00,,11.00,No
37153,07/02/2026 12:15 PM,Maribel,Coffee & Tea,Cold Brew,,1,4.50,0.00,,4.50,No
37153,07/02/2026 12:15 PM,Maribel,Modifiers,+ Oat milk,Cold Brew,1,0.75,0.00,,0.75,No
37154,07/02/2026 01:28 PM,Rashid,Coffee & Tea,Chai Tea,,1,4.75,0.00,,4.75,No
37155,07/02/2026 01:35 PM,Ines,Lunch,Greek Salad,,1,12.00,0.00,,12.00,No
37155,07/02/2026 01:35 PM,Ines,Modifiers,+ No onions,Greek Salad,1,0.00,0.00,,0.00,No
37156,07/02/2026 02:47 PM,Maribel,Breakfast,Breakfast Sandwich,,1,9.50,0.00,,9.50,No
37156,07/02/2026 02:47 PM,Maribel,Modifiers,+ Add egg,Breakfast Sandwich,1,1.50,0.00,,1.50,No
37157,07/02/2026 10:38 AM,Kai,Bakery,Blueberry Muffin,,1,3.50,0.00,,3.50,No
37158,07/02/2026 01:43 PM,Theo,Breakfast,Oatmeal Bowl,,1,7.50,0.00,,7.50,No
37158,07/02/2026 01:43 PM,Theo,Bakery,Blueberry Muffin,,1,3.50,0.00,,3.50,No
37159,07/02/2026 02:22 PM,Maribel,Coffee & Tea,Cold Brew,,1,4.50,0.00,,4.50,No
37159,07/02/2026 02:22 PM,Maribel,Bakery,Croissant,,1,3.75,0.00,,3.75,No
37160,07/02/2026 07:31 AM,Ines,Coffee & Tea,Cold Brew,,1,4.50,0.00,,4.50,No
37161,07/02/2026 01:01 PM,Rashid,Lunch,Turkey Club,,1,13.50,0.00,,13.50,No
37161,07/02/2026 01:01 PM,Rashid,Coffee & Tea,Latte,,1,5.25,0.00,,5.25,No
37162,07/02/2026 02:55 PM,Maribel,Lunch,Soup of the Day,,1,7.00,3.50,Staff meal 50%,3.50,No
37162,07/02/2026 02:55 PM,Maribel,Coffee & Tea,Drip Coffee,,1,3.00,1.50,Staff meal 50%,1.50,No
37163,07/02/2026 10:37 AM,Rashid,Coffee & Tea,Cappuccino,,1,4.75,0.00,,4.75,No
37163,07/02/2026 10:37 AM,Rashid,Lunch,Soup of the Day,,1,7.00,0.00,,7.00,No
37164,07/02/2026 10:25 AM,Kai,Coffee & Tea,Latte,,1,5.25,0.00,,5.25,No
37164,07/02/2026 10:25 AM,Kai,Bakery,Croissant,,1,3.75,0.00,,3.75,No
37164,07/02/2026 10:25 AM,Kai,Bakery,Blueberry Muffin,,1,3.50,0.00,,3.50,No
37165,07/02/2026 07:25 AM,Kai,Coffee & Tea,Cold Brew,,1,4.50,0.00,,4.50,No
37165,07/02/2026 07:25 AM,Kai,Modifiers,+ Oat milk,Cold Brew,1,0.75,0.00,,0.75,No
37165,07/02/2026 07:25 AM,Kai,Coffee & Tea,Drip Coffee,,1,3.00,0.00,,3.00,No
37166,07/02/2026 12:14 PM,Kai,Bakery,Blueberry Muffin,,1,3.50,1.75,Staff meal 50%,1.75,No
37167,07/02/2026 12:38 PM,Rashid,Breakfast,Avocado Toast,,1,11.00,11.00,Comp - manager,0.00,No
37168,07/02/2026 07:54 AM,Ines,Coffee & Tea,Latte,,1,5.25,0.00,,5.25,No
37168,07/02/2026 07:54 AM,Ines,Bakery,Blueberry Muffin,,1,3.50,0.00,,3.50,No
37169,07/02/2026 12:57 PM,Rashid,Coffee & Tea,Cappuccino,,1,4.75,0.00,,4.75,No
37169,07/02/2026 12:57 PM,Rashid,Modifiers,+ Oat milk,Cappuccino,1,0.75,0.00,,0.75,No
37169,07/02/2026 12:57 PM,Rashid,Modifiers,+ Extra shot,Cappuccino,1,1.00,0.00,,1.00,No
37170,07/02/2026 12:35 PM,Rashid,Breakfast,Breakfast Sandwich,,1,9.50,0.00,,9.50,No
37170,07/02/2026 12:35 PM,Rashid,Modifiers,+ Add bacon,Breakfast Sandwich,1,2.50,0.00,,2.50,No
37170,07/02/2026 12:35 PM,Rashid,Modifiers,+ Add egg,Breakfast Sandwich,1,1.50,0.00,,1.50,No
37170,07/02/2026 12:35 PM,Rashid,Coffee & Tea,Drip Coffee,,1,3.00,0.00,,3.00,No
37171,07/02/2026 09:49 AM,Maribel,Bakery,Chocolate Chip Cookie,,1,2.75,0.00,,2.75,No
37171,07/02/2026 09:49 AM,Maribel,Breakfast,Breakfast Sandwich,,1,9.50,0.00,,9.50,No
37171,07/02/2026 09:49 AM,Maribel,Modifiers,+ Add egg,Breakfast Sandwich,1,1.50,0.00,,1.50,No
37171,07/02/2026 09:49 AM,Maribel,Modifiers,+ Add avocado,Breakfast Sandwich,1,2.00,0.00,,2.00,No
37172,07/02/2026 10:32 AM,Ines,Coffee & Tea,Drip Coffee,,1,3.00,0.00,,3.00,No
37173,07/02/2026 02:45 PM,Theo,Coffee & Tea,Latte,,1,5.25,0.00,,5.25,No
37173,07/02/2026 02:45 PM,Theo,Modifiers,+ Vanilla syrup,Latte,1,0.60,0.00,,0.60,No
37174,07/02/2026 02:57 PM,Theo,Bakery,Blueberry Muffin,,1,3.50,0.00,,3.50,No
37174,07/02/2026 02:57 PM,Theo,Coffee & Tea,Drip Coffee,,1,3.00,0.00,,3.00,No
37174,07/02/2026 02:57 PM,Theo,Bakery,Chocolate Chip Cookie,,1,2.75,0.00,,2.75,No
37175,07/02/2026 07:43 AM,Rashid,Bakery,Croissant,,1,3.75,0.00,,3.75,No
37176,07/02/2026 02:02 PM,Rashid,Breakfast,Breakfast Sandwich,,1,9.50,0.00,,9.50,No
37176,07/02/2026 02:02 PM,Rashid,Modifiers,+ Add bacon,Breakfast Sandwich,1,2.50,0.00,,2.50,No
37176,07/02/2026 02:02 PM,Rashid,Coffee & Tea,Chai Tea,,1,4.75,0.00,,4.75,No
37177,07/02/2026 12:05 PM,Theo,Bakery,Chocolate Chip Cookie,,1,2.75,0.00,,2.75,No
37178,07/02/2026 11:42 AM,Theo,Coffee & Tea,Latte,,1,5.25,0.00,,5.25,No
37178,07/02/2026 11:42 AM,Theo,Modifiers,+ Oat milk,Latte,1,0.75,0.00,,0.75,No
37179,07/02/2026 08:58 AM,Maribel,Bakery,Chocolate Chip Cookie,,1,2.75,0.00,,2.75,No
37180,07/02/2026 07:07 AM,Rashid,Breakfast,Avocado Toast,,1,11.00,0.00,,11.00,No
37181,07/02/2026 01:38 PM,Rashid,Bakery,Croissant,,1,3.75,0.00,,3.75,No
37181,07/02/2026 01:38 PM,Rashid,Coffee & Tea,Drip Coffee,,1,3.00,0.00,,3.00,No
37182,07/02/2026 01:09 PM,Theo,Breakfast,Avocado Toast,,1,11.00,0.00,,11.00,No
37182,07/02/2026 01:09 PM,Theo,Modifiers,+ Gluten-free bread,Avocado Toast,1,1.50,0.00,,1.50,No
37183,07/02/2026 11:18 AM,Rashid,Lunch,Turkey Club,,1,13.50,0.00,,13.50,No
37184,07/02/2026 09:30 AM,Ines,Coffee & Tea,Cold Brew,,1,4.50,0.00,,4.50,No
37185,07/02/2026 07:19 AM,Rashid,Coffee & Tea,Latte,,1,5.25,0.00,,5.25,No
37186,07/02/2026 10:02 AM,Theo,Coffee & Tea,Drip Coffee,,1,3.00,0.00,,3.00,No
37186,07/02/2026 10:02 AM,Theo,Coffee & Tea,Latte,,1,5.25,0.00,,5.25,No
37186,07/02/2026 10:02 AM,Theo,Modifiers,+ Oat milk,Latte,1,0.75,0.00,,0.75,No
37186,07/02/2026 10:02 AM,Theo,Lunch,Soup of the Day,,1,7.00,0.00,,7.00,No
37187,07/02/2026 11:26 AM,Maribel,Coffee & Tea,Latte,,1,5.25,0.00,,5.25,No
37187,07/02/2026 11:26 AM,Maribel,Modifiers,+ Oat milk,Latte,1,0.75,0.00,,0.75,No
37187,07/02/2026 11:26 AM,Maribel,Breakfast,Breakfast Sandwich,,1,9.50,0.00,,9.50,No
37187,07/02/2026 11:26 AM,Maribel,Modifiers,+ Add egg,Breakfast Sandwich,1,1.50,0.00,,1.50,No
37188,07/02/2026 09:26 AM,Maribel,Coffee & Tea,Cold Brew,,1,4.50,0.00,,4.50,No
37189,07/02/2026 10:09 AM,Theo,Coffee & Tea,Drip Coffee,,1,3.00,0.00,,3.00,No
37190,07/02/2026 07:40 AM,Theo,Bakery,Chocolate Chip Cookie,,1,2.75,0.00,,2.75,No
37190,07/02/2026 07:40 AM,Theo,Coffee & Tea,Cold Brew,,1,4.50,0.00,,4.50,No
37190,07/02/2026 07:40 AM,Theo,Coffee & Tea,Latte,,1,5.25,0.00,,5.25,No
37190,07/02/2026 07:40 AM,Theo,Modifiers,+ Oat milk,Latte,1,0.75,0.00,,0.75,No
37191,07/02/2026 12:35 PM,Kai,Coffee & Tea,Latte,,1,5.25,0.00,,5.25,No
37191,07/02/2026 12:35 PM,Kai,Modifiers,+ Extra shot,Latte,1,1.00,0.00,,1.00,No
37192,07/02/2026 10:34 AM,Ines,Coffee & Tea,Latte,,1,5.25,0.00,,5.25,No
37192,07/02/2026 10:34 AM,Ines,Coffee & Tea,Latte,,1,5.25,0.00,,5.25,No
37192,07/02/2026 10:34 AM,Ines,Modifiers,+ Oat milk,Latte,1,0.75,0.00,,0.75,No
37192,07/02/2026 10:34 AM,Ines,Modifiers,+ Vanilla syrup,Latte,1,0.60,0.00,,0.60,No
37193,07/02/2026 10:18 AM,Theo,Lunch,Greek Salad,,1,12.00,0.00,,12.00,No
37193,07/02/2026 10:18 AM,Theo,Breakfast,Oatmeal Bowl,,1,7.50,0.00,,7.50,No
37193,07/02/2026 10:18 AM,Theo,Coffee & Tea,Drip Coffee,,1,3.00,0.00,,3.00,No
37194,07/02/2026 08:58 AM,Ines,Coffee & Tea,Chai Tea,,1,4.75,0.00,,4.75,No
37195,07/02/2026 02:58 PM,Maribel,Coffee & Tea,Latte,,1,5.25,0.00,,0.00,Yes
37195,07/02/2026 02:58 PM,Maribel,Modifiers,+ Vanilla syrup,Latte,1,0.60,0.00,,0.00,Yes
37195,07/02/2026 02:58 PM,Maribel,Coffee & Tea,Cappuccino,,1,4.75,0.00,,4.75,No
37196,07/03/2026 01:30 PM,Theo,Coffee & Tea,Latte,,1,5.25,0.00,,5.25,No
37196,07/03/2026 01:30 PM,Theo,Bakery,Croissant,,1,3.75,0.00,,3.75,No
37197,07/03/2026 02:52 PM,Theo,Bakery,Blueberry Muffin,,1,3.50,0.00,,3.50,No
37197,07/03/2026 02:52 PM,Theo,Coffee & Tea,Latte,,1,5.25,0.00,,5.25,No
37198,07/03/2026 12:03 PM,Theo,Breakfast,Breakfast Sandwich,,1,9.50,0.00,,9.50,No
37198,07/03/2026 12:03 PM,Theo,Modifiers,+ Add bacon,Breakfast Sandwich,1,2.50,0.00,,2.50,No
37199,07/03/2026 02:30 PM,Theo,Breakfast,Breakfast Sandwich,,1,9.50,0.00,,9.50,No
37199,07/03/2026 02:30 PM,Theo,Modifiers,+ Add bacon,Breakfast Sandwich,1,2.50,0.00,,2.50,No
37199,07/03/2026 02:30 PM,Theo,Coffee & Tea,Latte,,1,5.25,0.00,,5.25,No
37199,07/03/2026 02:30 PM,Theo,Modifiers,+ Extra shot,Latte,1,1.00,0.00,,1.00,No
37200,07/03/2026 10:23 AM,Maribel,Bakery,Chocolate Chip Cookie,,1,2.75,1.38,Staff meal 50%,1.37,No
37200,07/03/2026 10:23 AM,Maribel,Coffee & Tea,Drip Coffee,,1,3.00,1.50,Staff meal 50%,1.50,No
37200,07/03/2026 10:23 AM,Maribel,Bakery,Chocolate Chip Cookie,,1,2.75,1.38,Staff meal 50%,1.37,No
37201,07/03/2026 12:03 PM,Maribel,Coffee & Tea,Drip Coffee,,1,3.00,0.00,,3.00,No
37202,07/03/2026 02:37 PM,Rashid,Coffee & Tea,Cappuccino,,1,4.75,0.00,,4.75,No
37202,07/03/2026 02:37 PM,Rashid,Modifiers,+ Extra shot,Cappuccino,1,1.00,0.00,,1.00,No
37202,07/03/2026 02:37 PM,Rashid,Breakfast,Avocado Toast,,1,11.00,0.00,,11.00,No
37202,07/03/2026 02:37 PM,Rashid,Coffee & Tea,Drip Coffee,,1,3.00,0.00,,3.00,No
37203,07/03/2026 09:56 AM,Theo,Bakery,Chocolate Chip Cookie,,1,2.75,0.00,,2.75,No
37203,07/03/2026 09:56 AM,Theo,Coffee & Tea,Cappuccino,,1,4.75,0.00,,4.75,No
37203,07/03/2026 09:56 AM,Theo,Coffee & Tea,Drip Coffee,,1,3.00,0.00,,3.00,No
37204,07/03/2026 08:25 AM,Maribel,Bakery,Blueberry Muffin,,1,3.50,0.00,,3.50,No
37205,07/03/2026 07:35 AM,Ines,Coffee & Tea,Latte,,1,5.25,0.00,,5.25,No
37205,07/03/2026 07:35 AM,Ines,Modifiers,+ Oat milk,Latte,1,0.75,0.00,,0.75,No
37206,07/03/2026 09:28 AM,Theo,Breakfast,Breakfast Sandwich,,1,9.50,9.50,Comp - manager,0.00,No
37206,07/03/2026 09:28 AM,Theo,Bakery,Blueberry Muffin,,1,3.50,3.50,Comp - manager,0.00,No
37206,07/03/2026 09:28 AM,Theo,Breakfast,Avocado Toast,,1,11.00,11.00,Comp - manager,0.00,No
37207,07/03/2026 12:47 PM,Theo,Lunch,Soup of the Day,,1,7.00,0.00,,7.00,No
37207,07/03/2026 12:47 PM,Theo,Bakery,Chocolate Chip Cookie,,1,2.75,0.00,,2.75,No
37208,07/03/2026 09:18 AM,Theo,Breakfast,Breakfast Sandwich,,1,9.50,0.00,,9.50,No
37208,07/03/2026 09:18 AM,Theo,Breakfast,Breakfast Sandwich,,1,9.50,0.00,,9.50,No
37208,07/03/2026 09:18 AM,Theo,Coffee & Tea,Cappuccino,,1,4.75,0.00,,4.75,No
37209,07/03/2026 10:11 AM,Maribel,Coffee & Tea,Drip Coffee,,1,3.00,0.00,,3.00,No
37210,07/03/2026 11:11 AM,Rashid,Bakery,Chocolate Chip Cookie,,1,2.75,0.00,,2.75,No
37211,07/03/2026 10:33 AM,Maribel,Coffee & Tea,Latte,,1,5.25,0.00,,5.25,No
37211,07/03/2026 10:33 AM,Maribel,Modifiers,+ Vanilla syrup,Latte,1,0.60,0.00,,0.60,No
37211,07/03/2026 10:33 AM,Maribel,Coffee & Tea,Chai Tea,,1,4.75,0.00,,4.75,No
37212,07/03/2026 12:15 PM,Theo,Breakfast,Breakfast Sandwich,,1,9.50,0.00,,9.50,No
37212,07/03/2026 12:15 PM,Theo,Modifiers,+ Add bacon,Breakfast Sandwich,1,2.50,0.00,,2.50,No
37212,07/03/2026 12:15 PM,Theo,Coffee & Tea,Cappuccino,,1,4.75,0.00,,4.75,No
37212,07/03/2026 12:15 PM,Theo,Coffee & Tea,Drip Coffee,,1,3.00,0.00,,3.00,No
37213,07/03/2026 02:46 PM,Maribel,Lunch,Soup of the Day,,1,7.00,0.00,,7.00,No
37213,07/03/2026 02:46 PM,Maribel,Lunch,Soup of the Day,,1,7.00,0.00,,7.00,No
37213,07/03/2026 02:46 PM,Maribel,Coffee & Tea,Chai Tea,,1,4.75,0.00,,4.75,No
37214,07/03/2026 09:47 AM,Rashid,Coffee & Tea,Drip Coffee,,1,3.00,0.00,,3.00,No
37214,07/03/2026 09:47 AM,Rashid,Bakery,Blueberry Muffin,,1,3.50,0.00,,3.50,No
37215,07/03/2026 02:30 PM,Maribel,Breakfast,Avocado Toast,,1,11.00,0.00,,11.00,No
37215,07/03/2026 02:30 PM,Maribel,Coffee & Tea,Latte,,1,5.25,0.00,,5.25,No
37215,07/03/2026 02:30 PM,Maribel,Modifiers,+ Oat milk,Latte,1,0.75,0.00,,0.75,No
37215,07/03/2026 02:30 PM,Maribel,Modifiers,+ Extra shot,Latte,1,1.00,0.00,,1.00,No
37215,07/03/2026 02:30 PM,Maribel,Bakery,Chocolate Chip Cookie,,1,2.75,0.00,,2.75,No
37216,07/03/2026 01:38 PM,Kai,Bakery,Chocolate Chip Cookie,,1,2.75,0.00,,2.75,No
37216,07/03/2026 01:38 PM,Kai,Coffee & Tea,Latte,,1,5.25,0.00,,5.25,No
37217,07/03/2026 10:07 AM,Maribel,Lunch,Turkey Club,,1,13.50,13.50,Comp - manager,0.00,No
37217,07/03/2026 10:07 AM,Maribel,Modifiers,+ Add bacon,Turkey Club,1,2.50,2.50,Comp - manager,0.00,No
37217,07/03/2026 10:07 AM,Maribel,Coffee & Tea,Drip Coffee,,1,3.00,3.00,Comp - manager,0.00,No
37218,07/03/2026 08:40 AM,Kai,Breakfast,Avocado Toast,,1,11.00,0.00,,11.00,No
37218,07/03/2026 08:40 AM,Kai,Modifiers,+ Add egg,Avocado Toast,1,1.50,0.00,,1.50,No
37219,07/03/2026 07:11 AM,Rashid,Bakery,Croissant,,1,3.75,0.00,,3.75,No
37219,07/03/2026 07:11 AM,Rashid,Coffee & Tea,Chai Tea,,1,4.75,0.00,,4.75,No
37220,07/03/2026 10:02 AM,Maribel,Breakfast,Oatmeal Bowl,,1,7.50,0.00,,7.50,No
37220,07/03/2026 10:02 AM,Maribel,Coffee & Tea,Drip Coffee,,1,3.00,0.00,,3.00,No
37220,07/03/2026 10:02 AM,Maribel,Lunch,Greek Salad,,1,12.00,0.00,,12.00,No
37220,07/03/2026 10:02 AM,Maribel,Modifiers,+ Add avocado,Greek Salad,1,2.00,0.00,,2.00,No
37221,07/03/2026 09:05 AM,Kai,Breakfast,Breakfast Sandwich,,1,9.50,0.00,,9.50,No
37221,07/03/2026 09:05 AM,Kai,Modifiers,+ Add bacon,Breakfast Sandwich,1,2.50,0.00,,2.50,No
37221,07/03/2026 09:05 AM,Kai,Modifiers,+ Add egg,Breakfast Sandwich,1,1.50,0.00,,1.50,No
37221,07/03/2026 09:05 AM,Kai,Coffee & Tea,Cold Brew,,1,4.50,0.00,,4.50,No
37221,07/03/2026 09:05 AM,Kai,Coffee & Tea,Latte,,1,5.25,0.00,,5.25,No
37221,07/03/2026 09:05 AM,Kai,Modifiers,+ Extra shot,Latte,1,1.00,0.00,,1.00,No
37222,07/03/2026 07:33 AM,Maribel,Coffee & Tea,Cold Brew,,1,4.50,0.00,,4.50,No
37222,07/03/2026 07:33 AM,Maribel,Breakfast,Oatmeal Bowl,,1,7.50,0.00,,7.50,No
37223,07/03/2026 11:20 AM,Rashid,Breakfast,Oatmeal Bowl,,1,7.50,0.00,,7.50,No
37223,07/03/2026 11:20 AM,Rashid,Breakfast,Breakfast Sandwich,,1,9.50,0.00,,9.50,No
37223,07/03/2026 11:20 AM,Rashid,Modifiers,+ Add bacon,Breakfast Sandwich,1,2.50,0.00,,2.50,No
37223,07/03/2026 11:20 AM,Rashid,Coffee & Tea,Drip Coffee,,1,3.00,0.00,,3.00,No
37224,07/03/2026 08:52 AM,Ines,Breakfast,Breakfast Sandwich,,1,9.50,0.00,,9.50,No
37224,07/03/2026 08:52 AM,Ines,Modifiers,+ Add egg,Breakfast Sandwich,1,1.50,0.00,,1.50,No
37224,07/03/2026 08:52 AM,Ines,Modifiers,+ Add avocado,Breakfast Sandwich,1,2.00,0.00,,2.00,No
37224,07/03/2026 08:52 AM,Ines,Coffee & Tea,Latte,,1,5.25,0.00,,5.25,No
37224,07/03/2026 08:52 AM,Ines,Lunch,Greek Salad,,1,12.00,0.00,,12.00,No
37225,07/03/2026 11:15 AM,Theo,Coffee & Tea,Drip Coffee,,1,3.00,0.00,,3.00,No
37226,07/03/2026 08:56 AM,Theo,Breakfast,Breakfast Sandwich,,1,9.50,0.00,,9.50,No
37227,07/03/2026 12:40 PM,Theo,Bakery,Blueberry Muffin,,1,3.50,0.00,,3.50,No
37227,07/03/2026 12:40 PM,Theo,Lunch,Greek Salad,,1,12.00,0.00,,12.00,No
37228,07/03/2026 08:44 AM,Rashid,Bakery,Chocolate Chip Cookie,,1,2.75,0.00,,2.75,No
37228,07/03/2026 08:44 AM,Rashid,Lunch,Turkey Club,,1,13.50,0.00,,13.50,No
37228,07/03/2026 08:44 AM,Rashid,Modifiers,+ Add bacon,Turkey Club,1,2.50,0.00,,2.50,No
37228,07/03/2026 08:44 AM,Rashid,Bakery,Croissant,,1,3.75,0.00,,3.75,No
37229,07/03/2026 07:19 AM,Kai,Coffee & Tea,Drip Coffee,,1,3.00,0.00,,3.00,No
37230,07/03/2026 07:05 AM,Ines,Bakery,Chocolate Chip Cookie,,1,2.75,1.38,Staff meal 50%,1.37,No
37231,07/03/2026 08:08 AM,Rashid,Breakfast,Breakfast Sandwich,,1,9.50,0.00,,9.50,No
37231,07/03/2026 08:08 AM,Rashid,Modifiers,+ Add bacon,Breakfast Sandwich,1,2.50,0.00,,2.50,No
37231,07/03/2026 08:08 AM,Rashid,Modifiers,+ Add egg,Breakfast Sandwich,1,1.50,0.00,,1.50,No
37231,07/03/2026 08:08 AM,Rashid,Lunch,Greek Salad,,1,12.00,0.00,,12.00,No
37232,07/03/2026 09:01 AM,Ines,Coffee & Tea,Latte,,1,5.25,0.00,,5.25,No
37233,07/03/2026 02:37 PM,Maribel,Coffee & Tea,Latte,,1,5.25,0.00,,5.25,No
37233,07/03/2026 02:37 PM,Maribel,Coffee & Tea,Drip Coffee,,1,3.00,0.00,,3.00,No
37234,07/03/2026 10:00 AM,Rashid,Coffee & Tea,Chai Tea,,1,4.75,4.75,Comp - manager,0.00,No
37234,07/03/2026 10:00 AM,Rashid,Coffee & Tea,Drip Coffee,,1,3.00,3.00,Comp - manager,0.00,No
37235,07/03/2026 12:52 PM,Maribel,Coffee & Tea,Cold Brew,,1,4.50,0.00,,4.50,No
37235,07/03/2026 12:52 PM,Maribel,Coffee & Tea,Chai Tea,,1,4.75,0.00,,4.75,No
37236,07/03/2026 07:16 AM,Theo,Breakfast,Avocado Toast,,1,11.00,0.00,,11.00,No
37237,07/04/2026 07:22 AM,Maribel,Coffee & Tea,Cold Brew,,1,4.50,4.50,Comp - manager,0.00,No
37237,07/04/2026 07:22 AM,Maribel,Modifiers,+ Oat milk,Cold Brew,1,0.75,0.75,Comp - manager,0.00,No
37237,07/04/2026 07:22 AM,Maribel,Coffee & Tea,Drip Coffee,,1,3.00,3.00,Comp - manager,0.00,No
37237,07/04/2026 07:22 AM,Maribel,Coffee & Tea,Latte,,1,5.25,5.25,Comp - manager,0.00,No
37237,07/04/2026 07:22 AM,Maribel,Modifiers,+ Oat milk,Latte,1,0.75,0.75,Comp - manager,0.00,No
37238,07/04/2026 02:04 PM,Kai,Lunch,Greek Salad,,1,12.00,0.00,,12.00,No
37238,07/04/2026 02:04 PM,Kai,Modifiers,+ No onions,Greek Salad,1,0.00,0.00,,0.00,No
37238,07/04/2026 02:04 PM,Kai,Breakfast,Breakfast Sandwich,,1,9.50,0.00,,9.50,No
37238,07/04/2026 02:04 PM,Kai,Modifiers,+ Add bacon,Breakfast Sandwich,1,2.50,0.00,,2.50,No
37238,07/04/2026 02:04 PM,Kai,Breakfast,Breakfast Sandwich,,1,9.50,0.00,,9.50,No
37238,07/04/2026 02:04 PM,Kai,Modifiers,+ Add egg,Breakfast Sandwich,1,1.50,0.00,,1.50,No
37239,07/04/2026 11:41 AM,Theo,Coffee & Tea,Latte,,1,5.25,0.00,,5.25,No
37239,07/04/2026 11:41 AM,Theo,Breakfast,Breakfast Sandwich,,1,9.50,0.00,,9.50,No
37240,07/04/2026 09:09 AM,Ines,Bakery,Chocolate Chip Cookie,,1,2.75,0.00,,2.75,No
37241,07/04/2026 10:41 AM,Maribel,Bakery,Chocolate Chip Cookie,,1,2.75,0.00,,2.75,No
37242,07/04/2026 12:11 PM,Kai,Breakfast,Breakfast Sandwich,,1,9.50,0.00,,9.50,No
37242,07/04/2026 12:11 PM,Kai,Breakfast,Avocado Toast,,1,11.00,0.00,,11.00,No
37243,07/04/2026 09:26 AM,Maribel,Coffee & Tea,Latte,,1,5.25,0.00,,5.25,No
37243,07/04/2026 09:26 AM,Maribel,Modifiers,+ Oat milk,Latte,1,0.75,0.00,,0.75,No
37243,07/04/2026 09:26 AM,Maribel,Coffee & Tea,Latte,,1,5.25,0.00,,5.25,No
37244,07/04/2026 10:12 AM,Theo,Lunch,Soup of the Day,,1,7.00,0.00,,7.00,No
37244,07/04/2026 10:12 AM,Theo,Breakfast,Avocado Toast,,1,11.00,0.00,,11.00,No
37245,07/04/2026 01:18 PM,Maribel,Breakfast,Avocado Toast,,1,11.00,0.00,,11.00,No
37246,07/04/2026 01:11 PM,Maribel,Coffee & Tea,Latte,,1,5.25,0.00,,5.25,No
37246,07/04/2026 01:11 PM,Maribel,Modifiers,+ Oat milk,Latte,1,0.75,0.00,,0.75,No
37246,07/04/2026 01:11 PM,Maribel,Modifiers,+ Vanilla syrup,Latte,1,0.60,0.00,,0.60,No
37246,07/04/2026 01:11 PM,Maribel,Bakery,Blueberry Muffin,,1,3.50,0.00,,3.50,No
37247,07/04/2026 11:43 AM,Ines,Breakfast,Avocado Toast,,1,11.00,0.00,,11.00,No
37247,07/04/2026 11:43 AM,Ines,Breakfast,Breakfast Sandwich,,1,9.50,0.00,,9.50,No
37247,07/04/2026 11:43 AM,Ines,Coffee & Tea,Drip Coffee,,1,3.00,0.00,,3.00,No
37248,07/04/2026 10:02 AM,Maribel,Coffee & Tea,Latte,,1,5.25,0.00,,5.25,No
37248,07/04/2026 10:02 AM,Maribel,Modifiers,+ Oat milk,Latte,1,0.75,0.00,,0.75,No
37248,07/04/2026 10:02 AM,Maribel,Modifiers,+ Extra shot,Latte,1,1.00,0.00,,1.00,No
37249,07/04/2026 11:08 AM,Maribel,Lunch,Turkey Club,,1,13.50,0.00,,13.50,No
37249,07/04/2026 11:08 AM,Maribel,Modifiers,+ Gluten-free bread,Turkey Club,1,1.50,0.00,,1.50,No
37250,07/04/2026 01:39 PM,Rashid,Coffee & Tea,Latte,,1,5.25,5.25,Comp - manager,0.00,No
37250,07/04/2026 01:39 PM,Rashid,Modifiers,+ Vanilla syrup,Latte,1,0.60,0.60,Comp - manager,0.00,No
37251,07/04/2026 11:40 AM,Theo,Lunch,Soup of the Day,,1,7.00,0.00,,7.00,No
37252,07/04/2026 07:57 AM,Kai,Lunch,Soup of the Day,,1,7.00,0.00,,7.00,No
37253,07/04/2026 01:39 PM,Ines,Breakfast,Breakfast Sandwich,,1,9.50,0.00,,9.50,No
37254,07/04/2026 08:13 AM,Theo,Lunch,Greek Salad,,1,12.00,0.00,,12.00,No
37254,07/04/2026 08:13 AM,Theo,Modifiers,+ Add avocado,Greek Salad,1,2.00,0.00,,2.00,No
37254,07/04/2026 08:13 AM,Theo,Modifiers,+ No onions,Greek Salad,1,0.00,0.00,,0.00,No
37254,07/04/2026 08:13 AM,Theo,Bakery,Blueberry Muffin,,1,3.50,0.00,,3.50,No
37254,07/04/2026 08:13 AM,Theo,Breakfast,Avocado Toast,,1,11.00,0.00,,11.00,No
37255,07/04/2026 09:48 AM,Theo,Coffee & Tea,Drip Coffee,,1,3.00,0.00,,3.00,No
37256,07/04/2026 01:09 PM,Ines,Bakery,Croissant,,1,3.75,0.00,,3.75,No
37257,07/04/2026 12:20 PM,Theo,Breakfast,Breakfast Sandwich,,1,9.50,0.00,,9.50,No
37258,07/04/2026 01:07 PM,Rashid,Lunch,Soup of the Day,,1,7.00,0.00,,7.00,No
37258,07/04/2026 01:07 PM,Rashid,Coffee & Tea,Drip Coffee,,1,3.00,0.00,,3.00,No
37258,07/04/2026 01:07 PM,Rashid,Coffee & Tea,Cappuccino,,1,4.75,0.00,,4.75,No
37259,07/04/2026 12:23 PM,Ines,Lunch,Greek Salad,,1,12.00,0.00,,12.00,No
37259,07/04/2026 12:23 PM,Ines,Breakfast,Avocado Toast,,1,11.00,0.00,,11.00,No
37260,07/04/2026 02:44 PM,Theo,Breakfast,Breakfast Sandwich,,1,9.50,0.00,,9.50,No
37260,07/04/2026 02:44 PM,Theo,Modifiers,+ Add bacon,Breakfast Sandwich,1,2.50,0.00,,2.50,No
37260,07/04/2026 02:44 PM,Theo,Bakery,Chocolate Chip Cookie,,1,2.75,0.00,,2.75,No
37261,07/04/2026 12:55 PM,Theo,Lunch,Greek Salad,,1,12.00,0.00,,12.00,No
37261,07/04/2026 12:55 PM,Theo,Coffee & Tea,Drip Coffee,,1,3.00,0.00,,3.00,No
37262,07/04/2026 08:29 AM,Kai,Coffee & Tea,Latte,,1,5.25,0.00,,5.25,No
37262,07/04/2026 08:29 AM,Kai,Breakfast,Avocado Toast,,1,11.00,0.00,,11.00,No
37263,07/04/2026 01:34 PM,Ines,Bakery,Chocolate Chip Cookie,,1,2.75,0.00,,2.75,No
37263,07/04/2026 01:34 PM,Ines,Bakery,Chocolate Chip Cookie,,1,2.75,0.00,,2.75,No
37264,07/04/2026 09:42 AM,Ines,Bakery,Croissant,,1,3.75,0.00,,3.75,No
37264,07/04/2026 09:42 AM,Ines,Coffee & Tea,Latte,,1,5.25,0.00,,5.25,No
37264,07/04/2026 09:42 AM,Ines,Modifiers,+ Extra shot,Latte,1,1.00,0.00,,1.00,No
37264,07/04/2026 09:42 AM,Ines,Modifiers,+ Vanilla syrup,Latte,1,0.60,0.00,,0.60,No
37264,07/04/2026 09:42 AM,Ines,Breakfast,Avocado Toast,,1,11.00,0.00,,11.00,No
37265,07/04/2026 09:39 AM,Theo,Bakery,Chocolate Chip Cookie,,1,2.75,0.00,,2.75,No
37266,07/04/2026 11:09 AM,Rashid,Coffee & Tea,Latte,,1,5.25,0.00,,5.25,No
37266,07/04/2026 11:09 AM,Rashid,Coffee & Tea,Drip Coffee,,1,3.00,0.00,,3.00,No
37266,07/04/2026 11:09 AM,Rashid,Coffee & Tea,Cappuccino,,1,4.75,0.00,,4.75,No
37267,07/04/2026 08:25 AM,Ines,Coffee & Tea,Latte,,1,5.25,0.00,,5.25,No
37267,07/04/2026 08:25 AM,Ines,Breakfast,Avocado Toast,,1,11.00,0.00,,11.00,No
37267,07/04/2026 08:25 AM,Ines,Coffee & Tea,Chai Tea,,1,4.75,0.00,,4.75,No
37268,07/04/2026 11:35 AM,Theo,Coffee & Tea,Cappuccino,,1,4.75,0.00,,4.75,No
37269,07/04/2026 11:10 AM,Rashid,Coffee & Tea,Cold Brew,,1,4.50,0.00,,4.50,No
37269,07/04/2026 11:10 AM,Rashid,Coffee & Tea,Drip Coffee,,1,3.00,0.00,,3.00,No
37269,07/04/2026 11:10 AM,Rashid,Breakfast,Avocado Toast,,1,11.00,0.00,,11.00,No
37270,07/04/2026 08:13 AM,Maribel,Coffee & Tea,Latte,,1,5.25,0.00,,5.25,No
37270,07/04/2026 08:13 AM,Maribel,Modifiers,+ Oat milk,Latte,1,0.75,0.00,,0.75,No
37271,07/04/2026 09:39 AM,Ines,Bakery,Blueberry Muffin,,1,3.50,0.00,,3.50,No
37272,07/04/2026 01:47 PM,Kai,Bakery,Croissant,,1,3.75,0.00,,3.75,No
37273,07/04/2026 12:25 PM,Theo,Bakery,Chocolate Chip Cookie,,1,2.75,0.00,,2.75,No
37274,07/04/2026 09:52 AM,Rashid,Coffee & Tea,Cappuccino,,1,4.75,0.00,,4.75,No
37275,07/05/2026 08:19 AM,Ines,Coffee & Tea,Drip Coffee,,1,3.00,0.00,,3.00,No
37276,07/05/2026 09:02 AM,Rashid,Lunch,Greek Salad,,1,12.00,0.00,,12.00,No
37277,07/05/2026 08:55 AM,Maribel,Bakery,Blueberry Muffin,,1,3.50,0.00,,3.50,No
37277,07/05/2026 08:55 AM,Maribel,Breakfast,Avocado Toast,,1,11.00,0.00,,11.00,No
37277,07/05/2026 08:55 AM,Maribel,Modifiers,+ Add egg,Avocado Toast,1,1.50,0.00,,1.50,No
37278,07/05/2026 10:18 AM,Ines,Coffee & Tea,Cappuccino,,1,4.75,0.00,,4.75,No
37278,07/05/2026 10:18 AM,Ines,Modifiers,+ Oat milk,Cappuccino,1,0.75,0.00,,0.75,No
37278,07/05/2026 10:18 AM,Ines,Bakery,Blueberry Muffin,,1,3.50,0.00,,3.50,No
37278,07/05/2026 10:18 AM,Ines,Breakfast,Avocado Toast,,1,11.00,0.00,,11.00,No
37278,07/05/2026 10:18 AM,Ines,Modifiers,+ Gluten-free bread,Avocado Toast,1,1.50,0.00,,1.50,No
37279,07/05/2026 01:17 PM,Kai,Coffee & Tea,Latte,,1,5.25,0.00,,5.25,No
37279,07/05/2026 01:17 PM,Kai,Modifiers,+ Oat milk,Latte,1,0.75,0.00,,0.75,No
37280,07/05/2026 10:52 AM,Ines,Bakery,Croissant,,1,3.75,0.00,,3.75,No
37280,07/05/2026 10:52 AM,Ines,Coffee & Tea,Latte,,1,5.25,0.00,,5.25,No
37281,07/05/2026 01:27 PM,Theo,Breakfast,Breakfast Sandwich,,1,9.50,0.00,,9.50,No
37282,07/05/2026 01:38 PM,Rashid,Coffee & Tea,Drip Coffee,,1,3.00,0.00,,3.00,No
37283,07/05/2026 09:06 AM,Maribel,Breakfast,Oatmeal Bowl,,1,7.50,0.00,,7.50,No
37284,07/05/2026 12:57 PM,Maribel,Lunch,Soup of the Day,,1,7.00,7.00,Comp - manager,0.00,No
37284,07/05/2026 12:57 PM,Maribel,Coffee & Tea,Latte,,1,5.25,0.00,,5.25,No
37284,07/05/2026 12:57 PM,Maribel,Modifiers,+ Oat milk,Latte,1,0.75,0.00,,0.75,No
37284,07/05/2026 12:57 PM,Maribel,Modifiers,+ Vanilla syrup,Latte,1,0.60,0.00,,0.60,No
37284,07/05/2026 12:57 PM,Maribel,Coffee & Tea,Cold Brew,,1,4.50,0.00,,4.50,No
37285,07/05/2026 09:38 AM,Ines,Coffee & Tea,Latte,,1,5.25,0.00,,5.25,No
37285,07/05/2026 09:38 AM,Ines,Modifiers,+ Oat milk,Latte,1,0.75,0.00,,0.75,No
37285,07/05/2026 09:38 AM,Ines,Modifiers,+ Extra shot,Latte,1,1.00,0.00,,1.00,No
37285,07/05/2026 09:38 AM,Ines,Coffee & Tea,Cappuccino,,1,4.75,0.00,,4.75,No
37285,07/05/2026 09:38 AM,Ines,Breakfast,Breakfast Sandwich,,1,9.50,0.00,,9.50,No
37285,07/05/2026 09:38 AM,Ines,Modifiers,+ Add egg,Breakfast Sandwich,1,1.50,0.00,,1.50,No
37286,07/05/2026 08:52 AM,Theo,Breakfast,Avocado Toast,,1,11.00,0.00,,11.00,No
37286,07/05/2026 08:52 AM,Theo,Coffee & Tea,Drip Coffee,,1,3.00,0.00,,3.00,No
37287,07/05/2026 12:48 PM,Kai,Breakfast,Breakfast Sandwich,,1,9.50,0.00,,9.50,No
37287,07/05/2026 12:48 PM,Kai,Breakfast,Breakfast Sandwich,,1,9.50,0.00,,9.50,No
37287,07/05/2026 12:48 PM,Kai,Modifiers,+ Add bacon,Breakfast Sandwich,1,2.50,0.00,,2.50,No
37287,07/05/2026 12:48 PM,Kai,Modifiers,+ Add egg,Breakfast Sandwich,1,1.50,0.00,,1.50,No
37287,07/05/2026 12:48 PM,Kai,Coffee & Tea,Chai Tea,,1,4.75,0.00,,4.75,No
37288,07/05/2026 02:22 PM,Rashid,Coffee & Tea,Cold Brew,,1,4.50,0.00,,4.50,No
37288,07/05/2026 02:22 PM,Rashid,Modifiers,+ Oat milk,Cold Brew,1,0.75,0.00,,0.75,No
37288,07/05/2026 02:22 PM,Rashid,Bakery,Croissant,,1,3.75,0.00,,3.75,No
37288,07/05/2026 02:22 PM,Rashid,Coffee & Tea,Cappuccino,,1,4.75,0.00,,4.75,No
37289,07/05/2026 07:35 AM,Maribel,Coffee & Tea,Latte,,1,5.25,0.00,,5.25,No
37289,07/05/2026 07:35 AM,Maribel,Bakery,Blueberry Muffin,,1,3.50,0.00,,3.50,No
37290,07/05/2026 10:40 AM,Maribel,Bakery,Chocolate Chip Cookie,,1,2.75,0.00,,2.75,No
37290,07/05/2026 10:40 AM,Maribel,Coffee & Tea,Cappuccino,,1,4.75,0.00,,4.75,No
37291,07/05/2026 02:57 PM,Maribel,Coffee & Tea,Latte,,1,5.25,0.00,,5.25,No
37291,07/05/2026 02:57 PM,Maribel,Lunch,Soup of the Day,,1,7.00,0.00,,7.00,No
37292,07/05/2026 02:31 PM,Theo,Bakery,Blueberry Muffin,,1,3.50,0.00,,3.50,No
37292,07/05/2026 02:31 PM,Theo,Coffee & Tea,Cappuccino,,1,4.75,0.00,,4.75,No
37293,07/05/2026 10:36 AM,Theo,Coffee & Tea,Latte,,1,5.25,0.00,,5.25,No
37294,07/05/2026 10:20 AM,Kai,Breakfast,Breakfast Sandwich,,1,9.50,0.00,,9.50,No
37294,07/05/2026 10:20 AM,Kai,Modifiers,+ Add egg,Breakfast Sandwich,1,1.50,0.00,,1.50,No
37295,07/05/2026 08:11 AM,Ines,Coffee & Tea,Cappuccino,,1,4.75,0.00,,4.75,No
37295,07/05/2026 08:11 AM,Ines,Modifiers,+ Extra shot,Cappuccino,1,1.00,0.00,,1.00,No
37296,07/05/2026 09:29 AM,Maribel,Breakfast,Avocado Toast,,1,11.00,0.00,,11.00,No
37296,07/05/2026 09:29 AM,Maribel,Bakery,Chocolate Chip Cookie,,1,2.75,0.00,,2.75,No
37296,07/05/2026 09:29 AM,Maribel,Bakery,Chocolate Chip Cookie,,1,2.75,0.00,,2.75,No
37297,07/05/2026 07:08 AM,Maribel,Bakery,Blueberry Muffin,,1,3.50,0.00,,3.50,No
37297,07/05/2026 07:08 AM,Maribel,Bakery,Croissant,,1,3.75,0.00,,3.75,No
37298,07/05/2026 01:38 PM,Theo,Lunch,Soup of the Day,,1,7.00,0.00,,7.00,No
37299,07/05/2026 08:11 AM,Rashid,Coffee & Tea,Drip Coffee,,1,3.00,0.00,,3.00,No
37299,07/05/2026 08:11 AM,Rashid,Coffee & Tea,Drip Coffee,,1,3.00,0.00,,3.00,No
37300,07/05/2026 12:01 PM,Kai,Coffee & Tea,Drip Coffee,,1,3.00,0.00,,3.00,No
37301,07/05/2026 11:38 AM,Maribel,Breakfast,Breakfast Sandwich,,1,9.50,0.00,,9.50,No
37302,07/05/2026 08:00 AM,Kai,Coffee & Tea,Latte,,1,5.25,0.00,,5.25,No
37302,07/05/2026 08:00 AM,Kai,Modifiers,+ Vanilla syrup,Latte,1,0.60,0.00,,0.60,No
37302,07/05/2026 08:00 AM,Kai,Coffee & Tea,Cold Brew,,1,4.50,0.00,,4.50,No
37303,07/05/2026 01:06 PM,Maribel,Bakery,Blueberry Muffin,,1,3.50,0.00,,3.50,No
37303,07/05/2026 01:06 PM,Maribel,Coffee & Tea,Cappuccino,,1,4.75,0.00,,4.75,No
37303,07/05/2026 01:06 PM,Maribel,Coffee & Tea,Drip Coffee,,1,3.00,0.00,,3.00,No
37304,07/05/2026 08:36 AM,Rashid,Coffee & Tea,Drip Coffee,,1,3.00,0.00,,3.00,No
37304,07/05/2026 08:36 AM,Rashid,Coffee & Tea,Drip Coffee,,1,3.00,0.00,,3.00,No
37304,07/05/2026 08:36 AM,Rashid,Coffee & Tea,Latte,,1,5.25,0.00,,5.25,No
37305,07/05/2026 12:50 PM,Kai,Bakery,Blueberry Muffin,,1,3.50,0.00,,3.50,No
37306,07/05/2026 11:25 AM,Maribel,Breakfast,Breakfast Sandwich,,1,9.50,0.00,,9.50,No
37306,07/05/2026 11:25 AM,Maribel,Modifiers,+ Add bacon,Breakfast Sandwich,1,2.50,0.00,,2.50,No
37306,07/05/2026 11:25 AM,Maribel,Modifiers,+ Add avocado,Breakfast Sandwich,1,2.00,0.00,,2.00,No
37307,07/05/2026 08:12 AM,Theo,Breakfast,Breakfast Sandwich,,1,9.50,0.00,,9.50,No
37307,07/05/2026 08:12 AM,Theo,Modifiers,+ Add egg,Breakfast Sandwich,1,1.50,0.00,,1.50,No
37307,07/05/2026 08:12 AM,Theo,Lunch,Soup of the Day,,1,7.00,0.00,,7.00,No
37308,07/05/2026 08:08 AM,Maribel,Bakery,Chocolate Chip Cookie,,1,2.75,0.00,,2.75,No
37308,07/05/2026 08:08 AM,Maribel,Breakfast,Breakfast Sandwich,,1,9.50,0.00,,9.50,No
37308,07/05/2026 08:08 AM,Maribel,Modifiers,+ Add bacon,Breakfast Sandwich,1,2.50,0.00,,2.50,No
37308,07/05/2026 08:08 AM,Maribel,Coffee & Tea,Drip Coffee,,1,3.00,0.00,,3.00,No
37309,07/05/2026 02:03 PM,Ines,Coffee & Tea,Latte,,1,5.25,0.00,,5.25,No
37309,07/05/2026 02:03 PM,Ines,Modifiers,+ Extra shot,Latte,1,1.00,0.00,,1.00,No
37310,07/05/2026 11:54 AM,Kai,Bakery,Chocolate Chip Cookie,,1,2.75,0.00,,2.75,No
37311,07/05/2026 09:28 AM,Maribel,Bakery,Blueberry Muffin,,1,3.50,0.00,,3.50,No
37311,07/05/2026 09:28 AM,Maribel,Bakery,Chocolate Chip Cookie,,1,2.75,0.00,,2.75,No
37312,07/05/2026 08:37 AM,Theo,Coffee & Tea,Latte,,1,5.25,0.00,,5.25,No
37312,07/05/2026 08:37 AM,Theo,Modifiers,+ Extra shot,Latte,1,1.00,0.00,,1.00,No
37313,07/05/2026 07:21 AM,Maribel,Bakery,Chocolate Chip Cookie,,1,2.75,0.00,,2.75,No
37314,07/05/2026 02:15 PM,Theo,Coffee & Tea,Drip Coffee,,1,3.00,0.00,,3.00,No
37314,07/05/2026 02:15 PM,Theo,Coffee & Tea,Drip Coffee,,1,3.00,0.00,,3.00,No
37315,07/06/2026 02:39 PM,Kai,Breakfast,Avocado Toast,,1,11.00,0.00,,11.00,No
37315,07/06/2026 02:39 PM,Kai,Modifiers,+ Gluten-free bread,Avocado Toast,1,1.50,0.00,,1.50,No
37316,07/06/2026 01:23 PM,Maribel,Breakfast,Breakfast Sandwich,,1,9.50,0.00,,9.50,No
37316,07/06/2026 01:23 PM,Maribel,Modifiers,+ Add bacon,Breakfast Sandwich,1,2.50,0.00,,2.50,No
37316,07/06/2026 01:23 PM,Maribel,Coffee & Tea,Chai Tea,,1,4.75,0.00,,4.75,No
37317,07/06/2026 02:59 PM,Maribel,Bakery,Blueberry Muffin,,1,3.50,0.00,,3.50,No
37317,07/06/2026 02:59 PM,Maribel,Bakery,Blueberry Muffin,,1,3.50,0.00,,3.50,No
37317,07/06/2026 02:59 PM,Maribel,Breakfast,Breakfast Sandwich,,1,9.50,0.00,,9.50,No
37318,07/06/2026 11:36 AM,Maribel,Coffee & Tea,Cold Brew,,1,4.50,0.00,,4.50,No
37318,07/06/2026 11:36 AM,Maribel,Modifiers,+ Oat milk,Cold Brew,1,0.75,0.00,,0.75,No
37318,07/06/2026 11:36 AM,Maribel,Bakery,Croissant,,1,3.75,0.00,,3.75,No
37319,07/06/2026 02:07 PM,Kai,Coffee & Tea,Cappuccino,,1,4.75,0.00,,4.75,No
37319,07/06/2026 02:07 PM,Kai,Modifiers,+ Oat milk,Cappuccino,1,0.75,0.00,,0.75,No
37320,07/06/2026 01:41 PM,Kai,Bakery,Croissant,,1,3.75,0.00,,3.75,No
37320,07/06/2026 01:41 PM,Kai,Bakery,Blueberry Muffin,,1,3.50,0.00,,3.50,No
37321,07/06/2026 02:51 PM,Kai,Coffee & Tea,Latte,,1,5.25,0.00,,5.25,No
37321,07/06/2026 02:51 PM,Kai,Bakery,Chocolate Chip Cookie,,1,2.75,0.00,,2.75,No
37321,07/06/2026 02:51 PM,Kai,Bakery,Croissant,,1,3.75,0.00,,3.75,No
37322,07/06/2026 10:12 AM,Kai,Coffee & Tea,Cappuccino,,1,4.75,0.00,,4.75,No
37322,07/06/2026 10:12 AM,Kai,Modifiers,+ Extra shot,Cappuccino,1,1.00,0.00,,1.00,No
37322,07/06/2026 10:12 AM,Kai,Coffee & Tea,Cold Brew,,1,4.50,0.00,,4.50,No
37323,07/06/2026 10:28 AM,Maribel,Coffee & Tea,Chai Tea,,1,4.75,0.00,,4.75,No
37324,07/06/2026 08:11 AM,Theo,Bakery,Croissant,,1,3.75,0.00,,3.75,No
37325,07/06/2026 02:28 PM,Rashid,Breakfast,Avocado Toast,,1,11.00,0.00,,11.00,No
37325,07/06/2026 02:28 PM,Rashid,Breakfast,Oatmeal Bowl,,1,7.50,0.00,,7.50,No
37326,07/06/2026 10:54 AM,Kai,Coffee & Tea,Cold Brew,,1,4.50,0.00,,4.50,No
37327,07/06/2026 02:19 PM,Kai,Lunch,Turkey Club,,1,13.50,0.00,,13.50,No
37327,07/06/2026 02:19 PM,Kai,Modifiers,+ Add bacon,Turkey Club,1,2.50,0.00,,2.50,No
37327,07/06/2026 02:19 PM,Kai,Modifiers,+ No onions,Turkey Club,1,0.00,0.00,,0.00,No
37327,07/06/2026 02:19 PM,Kai,Lunch,Greek Salad,,1,12.00,0.00,,12.00,No
37327,07/06/2026 02:19 PM,Kai,Modifiers,+ No onions,Greek Salad,1,0.00,0.00,,0.00,No
37327,07/06/2026 02:19 PM,Kai,Coffee & Tea,Latte,,1,5.25,0.00,,5.25,No
37328,07/06/2026 01:27 PM,Ines,Lunch,Greek Salad,,1,12.00,0.00,,12.00,No
37328,07/06/2026 01:27 PM,Ines,Modifiers,+ Add avocado,Greek Salad,1,2.00,0.00,,2.00,No
37328,07/06/2026 01:27 PM,Ines,Modifiers,+ No onions,Greek Salad,1,0.00,0.00,,0.00,No
37328,07/06/2026 01:27 PM,Ines,Breakfast,Oatmeal Bowl,,1,7.50,0.00,,7.50,No
37329,07/06/2026 02:17 PM,Ines,Lunch,Turkey Club,,1,13.50,0.00,,13.50,No
37330,07/06/2026 10:25 AM,Kai,Breakfast,Avocado Toast,,1,11.00,0.00,,11.00,No
37330,07/06/2026 10:25 AM,Kai,Lunch,Soup of the Day,,1,7.00,0.00,,7.00,No
37331,07/06/2026 12:16 PM,Maribel,Coffee & Tea,Drip Coffee,,1,3.00,0.00,,3.00,No
37332,07/06/2026 12:13 PM,Theo,Bakery,Chocolate Chip Cookie,,1,2.75,0.00,,2.75,No
37332,07/06/2026 12:13 PM,Theo,Coffee & Tea,Chai Tea,,1,4.75,0.00,,4.75,No
37333,07/06/2026 12:23 PM,Rashid,Bakery,Chocolate Chip Cookie,,1,2.75,0.00,,2.75,No
37333,07/06/2026 12:23 PM,Rashid,Breakfast,Oatmeal Bowl,,1,7.50,0.00,,7.50,No
37333,07/06/2026 12:23 PM,Rashid,Breakfast,Oatmeal Bowl,,1,7.50,0.00,,7.50,No
37334,07/06/2026 02:01 PM,Maribel,Breakfast,Oatmeal Bowl,,1,7.50,0.00,,7.50,No
37334,07/06/2026 02:01 PM,Maribel,Bakery,Croissant,,1,3.75,0.00,,3.75,No
37335,07/06/2026 11:16 AM,Kai,Coffee & Tea,Chai Tea,,1,4.75,0.00,,4.75,No
37335,07/06/2026 11:16 AM,Kai,Bakery,Chocolate Chip Cookie,,1,2.75,0.00,,2.75,No
37335,07/06/2026 11:16 AM,Kai,Breakfast,Oatmeal Bowl,,1,7.50,0.00,,7.50,No
37336,07/06/2026 08:44 AM,Rashid,Coffee & Tea,Cold Brew,,1,4.50,0.00,,4.50,No
37336,07/06/2026 08:44 AM,Rashid,Coffee & Tea,Latte,,1,5.25,0.00,,5.25,No
37336,07/06/2026 08:44 AM,Rashid,Coffee & Tea,Cappuccino,,1,4.75,0.00,,4.75,No
37336,07/06/2026 08:44 AM,Rashid,Modifiers,+ Extra shot,Cappuccino,1,1.00,0.00,,1.00,No
37337,07/06/2026 02:14 PM,Ines,Coffee & Tea,Latte,,1,5.25,0.00,,5.25,No
37338,07/06/2026 10:34 AM,Kai,Bakery,Blueberry Muffin,,1,3.50,0.00,,3.50,No
37339,07/06/2026 02:15 PM,Kai,Breakfast,Breakfast Sandwich,,1,9.50,0.00,,9.50,No
37339,07/06/2026 02:15 PM,Kai,Lunch,Soup of the Day,,1,7.00,0.00,,7.00,No
37340,07/06/2026 08:25 AM,Kai,Breakfast,Avocado Toast,,1,11.00,11.00,Comp - manager,0.00,No
37341,07/06/2026 11:51 AM,Kai,Bakery,Croissant,,1,3.75,0.00,,3.75,No
37341,07/06/2026 11:51 AM,Kai,Breakfast,Oatmeal Bowl,,1,7.50,0.00,,7.50,No
37342,07/06/2026 09:19 AM,Maribel,Breakfast,Breakfast Sandwich,,1,9.50,0.00,,9.50,No
37342,07/06/2026 09:19 AM,Maribel,Modifiers,+ Add bacon,Breakfast Sandwich,1,2.50,0.00,,2.50,No
37343,07/06/2026 08:16 AM,Rashid,Lunch,Soup of the Day,,1,7.00,0.00,,7.00,No
37343,07/06/2026 08:16 AM,Rashid,Lunch,Turkey Club,,1,13.50,0.00,,13.50,No
37343,07/06/2026 08:16 AM,Rashid,Modifiers,+ Add bacon,Turkey Club,1,2.50,0.00,,2.50,No
37344,07/06/2026 02:59 PM,Kai,Coffee & Tea,Latte,,1,5.25,0.00,,5.25,No
37344,07/06/2026 02:59 PM,Kai,Modifiers,+ Oat milk,Latte,1,0.75,0.00,,0.75,No
37345,07/06/2026 07:38 AM,Rashid,Coffee & Tea,Cappuccino,,1,4.75,0.00,,4.75,No
37345,07/06/2026 07:38 AM,Rashid,Breakfast,Avocado Toast,,1,11.00,0.00,,11.00,No
37345,07/06/2026 07:38 AM,Rashid,Breakfast,Oatmeal Bowl,,1,7.50,0.00,,7.50,No
37346,07/06/2026 10:12 AM,Rashid,Coffee & Tea,Drip Coffee,,1,3.00,0.00,,3.00,No
37346,07/06/2026 10:12 AM,Rashid,Lunch,Turkey Club,,1,13.50,0.00,,13.50,No
37346,07/06/2026 10:12 AM,Rashid,Modifiers,+ Gluten-free bread,Turkey Club,1,1.50,0.00,,1.50,No
37347,07/06/2026 01:28 PM,Maribel,Bakery,Croissant,,1,3.75,0.00,,3.75,No
37347,07/06/2026 01:28 PM,Maribel,Lunch,Turkey Club,,1,13.50,0.00,,13.50,No
37347,07/06/2026 01:28 PM,Maribel,Modifiers,+ Add bacon,Turkey Club,1,2.50,0.00,,2.50,No
37347,07/06/2026 01:28 PM,Maribel,Modifiers,+ Gluten-free bread,Turkey Club,1,1.50,0.00,,1.50,No
37348,07/06/2026 08:39 AM,Ines,Coffee & Tea,Cold Brew,,1,4.50,0.00,,4.50,No
37348,07/06/2026 08:39 AM,Ines,Modifiers,+ Oat milk,Cold Brew,1,0.75,0.00,,0.75,No
37349,07/06/2026 11:59 AM,Kai,Bakery,Blueberry Muffin,,1,3.50,0.00,,3.50,No
37350,07/06/2026 10:50 AM,Theo,Coffee & Tea,Drip Coffee,,1,3.00,0.00,,3.00,No
37350,07/06/2026 10:50 AM,Theo,Coffee & Tea,Latte,,1,5.25,0.00,,5.25,No
37351,07/06/2026 09:53 AM,Kai,Coffee & Tea,Drip Coffee,,1,3.00,0.00,,3.00,No
37351,07/06/2026 09:53 AM,Kai,Coffee & Tea,Drip Coffee,,1,3.00,0.00,,3.00,No
37352,07/06/2026 02:54 PM,Kai,Coffee & Tea,Cold Brew,,1,4.50,0.00,,4.50,No
37352,07/06/2026 02:54 PM,Kai,Modifiers,+ Vanilla syrup,Cold Brew,1,0.60,0.00,,0.60,No
37352,07/06/2026 02:54 PM,Kai,Coffee & Tea,Latte,,1,5.25,0.00,,5.25,No
37353,07/06/2026 11:30 AM,Maribel,Bakery,Croissant,,1,3.75,0.00,,3.75,No
37353,07/06/2026 11:30 AM,Maribel,Breakfast,Avocado Toast,,1,11.00,0.00,,11.00,No
37353,07/06/2026 11:30 AM,Maribel,Lunch,Greek Salad,,1,12.00,0.00,,12.00,No
37354,07/06/2026 12:10 PM,Theo,Coffee & Tea,Cold Brew,,1,4.50,0.00,,4.50,No
37355,07/07/2026 09:10 AM,Maribel,Bakery,Blueberry Muffin,,1,3.50,0.00,,3.50,No
37355,07/07/2026 09:10 AM,Maribel,Coffee & Tea,Cold Brew,,1,4.50,0.00,,4.50,No
37356,07/07/2026 02:28 PM,Maribel,Breakfast,Avocado Toast,,1,11.00,0.00,,11.00,No
37356,07/07/2026 02:28 PM,Maribel,Coffee & Tea,Drip Coffee,,1,3.00,0.00,,3.00,No
37356,07/07/2026 02:28 PM,Maribel,Coffee & Tea,Drip Coffee,,1,3.00,0.00,,3.00,No
37357,07/07/2026 07:53 AM,Kai,Breakfast,Breakfast Sandwich,,1,9.50,0.00,,9.50,No
37357,07/07/2026 07:53 AM,Kai,Modifiers,+ Add bacon,Breakfast Sandwich,1,2.50,0.00,,2.50,No
37357,07/07/2026 07:53 AM,Kai,Coffee & Tea,Cold Brew,,1,4.50,0.00,,4.50,No
37357,07/07/2026 07:53 AM,Kai,Modifiers,+ Vanilla syrup,Cold Brew,1,0.60,0.00,,0.60,No
37358,07/07/2026 07:19 AM,Theo,Breakfast,Breakfast Sandwich,,1,9.50,9.50,Comp - manager,0.00,No
37358,07/07/2026 07:19 AM,Theo,Modifiers,+ Add bacon,Breakfast Sandwich,1,2.50,2.50,Comp - manager,0.00,No
37358,07/07/2026 07:19 AM,Theo,Breakfast,Oatmeal Bowl,,1,7.50,7.50,Comp - manager,0.00,No
37358,07/07/2026 07:19 AM,Theo,Bakery,Chocolate Chip Cookie,,1,2.75,2.75,Comp - manager,0.00,No
37359,07/07/2026 10:34 AM,Ines,Coffee & Tea,Latte,,1,5.25,0.00,,5.25,No
37359,07/07/2026 10:34 AM,Ines,Coffee & Tea,Chai Tea,,1,4.75,0.00,,4.75,No
37360,07/07/2026 12:12 PM,Maribel,Coffee & Tea,Drip Coffee,,1,3.00,0.00,,3.00,No
37361,07/07/2026 01:13 PM,Rashid,Bakery,Croissant,,1,3.75,0.00,,3.75,No
37361,07/07/2026 01:13 PM,Rashid,Bakery,Blueberry Muffin,,1,3.50,0.00,,3.50,No
37362,07/07/2026 12:07 PM,Rashid,Lunch,Turkey Club,,1,13.50,0.00,,13.50,No
37363,07/07/2026 01:29 PM,Theo,Coffee & Tea,Chai Tea,,1,4.75,0.00,,4.75,No
37364,07/07/2026 11:49 AM,Maribel,Coffee & Tea,Chai Tea,,1,4.75,0.00,,4.75,No
37364,07/07/2026 11:49 AM,Maribel,Coffee & Tea,Drip Coffee,,1,3.00,0.00,,3.00,No
37364,07/07/2026 11:49 AM,Maribel,Coffee & Tea,Latte,,1,5.25,0.00,,5.25,No
37365,07/07/2026 10:24 AM,Maribel,Coffee & Tea,Chai Tea,,1,4.75,0.00,,4.75,No
37365,07/07/2026 10:24 AM,Maribel,Bakery,Croissant,,1,3.75,0.00,,3.75,No
37365,07/07/2026 10:24 AM,Maribel,Breakfast,Oatmeal Bowl,,1,7.50,0.00,,7.50,No
37366,07/07/2026 12:01 PM,Theo,Breakfast,Avocado Toast,,1,11.00,0.00,,11.00,No
37367,07/07/2026 08:03 AM,Theo,Breakfast,Breakfast Sandwich,,1,9.50,0.00,,9.50,No
37367,07/07/2026 08:03 AM,Theo,Modifiers,+ Add bacon,Breakfast Sandwich,1,2.50,0.00,,2.50,No
37367,07/07/2026 08:03 AM,Theo,Breakfast,Oatmeal Bowl,,1,7.50,0.00,,7.50,No
37367,07/07/2026 08:03 AM,Theo,Bakery,Blueberry Muffin,,1,3.50,0.00,,3.50,No
37368,07/07/2026 07:27 AM,Ines,Lunch,Soup of the Day,,1,7.00,0.00,,7.00,No
37368,07/07/2026 07:27 AM,Ines,Breakfast,Breakfast Sandwich,,1,9.50,0.00,,9.50,No
37369,07/07/2026 01:39 PM,Theo,Coffee & Tea,Latte,,1,5.25,2.62,Staff meal 50%,2.63,No
37369,07/07/2026 01:39 PM,Theo,Coffee & Tea,Drip Coffee,,1,3.00,1.50,Staff meal 50%,1.50,No
37369,07/07/2026 01:39 PM,Theo,Breakfast,Breakfast Sandwich,,1,9.50,4.75,Staff meal 50%,4.75,No
37370,07/07/2026 10:08 AM,Kai,Lunch,Turkey Club,,1,13.50,0.00,,13.50,No
37370,07/07/2026 10:08 AM,Kai,Modifiers,+ Gluten-free bread,Turkey Club,1,1.50,0.00,,1.50,No
37370,07/07/2026 10:08 AM,Kai,Bakery,Croissant,,1,3.75,0.00,,3.75,No
37370,07/07/2026 10:08 AM,Kai,Coffee & Tea,Latte,,1,5.25,0.00,,5.25,No
37371,07/07/2026 09:18 AM,Rashid,Coffee & Tea,Cappuccino,,1,4.75,0.00,,4.75,No
37372,07/07/2026 01:35 PM,Theo,Bakery,Chocolate Chip Cookie,,1,2.75,0.00,,0.00,Yes
37372,07/07/2026 01:35 PM,Theo,Coffee & Tea,Drip Coffee,,1,3.00,0.00,,3.00,No
37373,07/07/2026 11:56 AM,Maribel,Coffee & Tea,Latte,,1,5.25,0.00,,5.25,No
37373,07/07/2026 11:56 AM,Maribel,Breakfast,Breakfast Sandwich,,1,9.50,0.00,,9.50,No
37374,07/07/2026 09:19 AM,Rashid,Bakery,Chocolate Chip Cookie,,1,2.75,0.00,,2.75,No
37374,07/07/2026 09:19 AM,Rashid,Breakfast,Avocado Toast,,1,11.00,0.00,,11.00,No
37374,07/07/2026 09:19 AM,Rashid,Breakfast,Oatmeal Bowl,,1,7.50,0.00,,7.50,No
37375,07/07/2026 01:56 PM,Rashid,Breakfast,Breakfast Sandwich,,1,9.50,0.00,,9.50,No
37375,07/07/2026 01:56 PM,Rashid,Coffee & Tea,Cappuccino,,1,4.75,0.00,,4.75,No
37375,07/07/2026 01:56 PM,Rashid,Modifiers,+ Oat milk,Cappuccino,1,0.75,0.00,,0.75,No
37375,07/07/2026 01:56 PM,Rashid,Breakfast,Breakfast Sandwich,,1,9.50,0.00,,9.50,No
37375,07/07/2026 01:56 PM,Rashid,Modifiers,+ Add bacon,Breakfast Sandwich,1,2.50,0.00,,2.50,No
37376,07/07/2026 12:48 PM,Theo,Coffee & Tea,Latte,,1,5.25,0.00,,5.25,No
37376,07/07/2026 12:48 PM,Theo,Modifiers,+ Vanilla syrup,Latte,1,0.60,0.00,,0.60,No
37376,07/07/2026 12:48 PM,Theo,Coffee & Tea,Chai Tea,,1,4.75,0.00,,4.75,No
37377,07/07/2026 02:39 PM,Rashid,Coffee & Tea,Cappuccino,,1,4.75,0.00,,4.75,No
37377,07/07/2026 02:39 PM,Rashid,Modifiers,+ Extra shot,Cappuccino,1,1.00,0.00,,1.00,No
37377,07/07/2026 02:39 PM,Rashid,Lunch,Turkey Club,,1,13.50,0.00,,13.50,No
37378,07/07/2026 07:39 AM,Ines,Coffee & Tea,Drip Coffee,,1,3.00,0.00,,3.00,No
37378,07/07/2026 07:39 AM,Ines,Lunch,Soup of the Day,,1,7.00,0.00,,7.00,No
37379,07/07/2026 09:58 AM,Maribel,Coffee & Tea,Drip Coffee,,1,3.00,0.00,,3.00,No
37379,07/07/2026 09:58 AM,Maribel,Bakery,Croissant,,1,3.75,0.00,,3.75,No
37380,07/07/2026 09:33 AM,Maribel,Bakery,Chocolate Chip Cookie,,1,2.75,0.00,,2.75,No
37380,07/07/2026 09:33 AM,Maribel,Bakery,Chocolate Chip Cookie,,1,2.75,0.00,,2.75,No
37380,07/07/2026 09:33 AM,Maribel,Coffee & Tea,Drip Coffee,,1,3.00,0.00,,3.00,No
37381,07/07/2026 02:40 PM,Ines,Coffee & Tea,Drip Coffee,,1,3.00,0.00,,3.00,No
37381,07/07/2026 02:40 PM,Ines,Breakfast,Breakfast Sandwich,,1,9.50,0.00,,9.50,No
37381,07/07/2026 02:40 PM,Ines,Modifiers,+ Add bacon,Breakfast Sandwich,1,2.50,0.00,,2.50,No
37381,07/07/2026 02:40 PM,Ines,Modifiers,+ Add egg,Breakfast Sandwich,1,1.50,0.00,,1.50,No
37382,07/07/2026 07:33 AM,Rashid,Coffee & Tea,Drip Coffee,,1,3.00,0.00,,3.00,No
37383,07/07/2026 02:35 PM,Rashid,Coffee & Tea,Cappuccino,,1,4.75,0.00,,4.75,No
37383,07/07/2026 02:35 PM,Rashid,Breakfast,Breakfast Sandwich,,1,9.50,0.00,,9.50,No
37383,07/07/2026 02:35 PM,Rashid,Modifiers,+ Add bacon,Breakfast Sandwich,1,2.50,0.00,,2.50,No
37384,07/07/2026 08:32 AM,Theo,Lunch,Turkey Club,,1,13.50,0.00,,13.50,No
37385,07/07/2026 01:35 PM,Theo,Breakfast,Breakfast Sandwich,,1,9.50,0.00,,9.50,No
37385,07/07/2026 01:35 PM,Theo,Modifiers,+ Add bacon,Breakfast Sandwich,1,2.50,0.00,,2.50,No
37385,07/07/2026 01:35 PM,Theo,Modifiers,+ Add avocado,Breakfast Sandwich,1,2.00,0.00,,2.00,No
37385,07/07/2026 01:35 PM,Theo,Coffee & Tea,Drip Coffee,,1,3.00,0.00,,3.00,No
37386,07/07/2026 07:49 AM,Maribel,Breakfast,Breakfast Sandwich,,1,9.50,0.00,,9.50,No
37386,07/07/2026 07:49 AM,Maribel,Modifiers,+ Add egg,Breakfast Sandwich,1,1.50,0.00,,1.50,No
37386,07/07/2026 07:49 AM,Maribel,Coffee & Tea,Latte,,1,5.25,0.00,,5.25,No
37386,07/07/2026 07:49 AM,Maribel,Modifiers,+ Oat milk,Latte,1,0.75,0.00,,0.75,No
37387,07/07/2026 12:58 PM,Maribel,Coffee & Tea,Latte,,1,5.25,2.62,Staff meal 50%,2.63,No
37387,07/07/2026 12:58 PM,Maribel,Modifiers,+ Oat milk,Latte,1,0.75,0.38,Staff meal 50%,0.37,No
37387,07/07/2026 12:58 PM,Maribel,Bakery,Blueberry Muffin,,1,3.50,1.75,Staff meal 50%,1.75,No
37388,07/07/2026 10:22 AM,Kai,Lunch,Greek Salad,,1,12.00,0.00,,12.00,No
37389,07/07/2026 11:44 AM,Theo,Coffee & Tea,Drip Coffee,,1,3.00,0.00,,3.00,No
37389,07/07/2026 11:44 AM,Theo,Bakery,Croissant,,1,3.75,0.00,,3.75,No
37390,07/07/2026 08:00 AM,Theo,Coffee & Tea,Latte,,1,5.25,0.00,,5.25,No
37390,07/07/2026 08:00 AM,Theo,Coffee & Tea,Drip Coffee,,1,3.00,0.00,,3.00,No
37391,07/07/2026 03:00 PM,Maribel,Coffee & Tea,Cappuccino,,1,4.75,4.75,Comp - manager,0.00,No
37391,07/07/2026 03:00 PM,Maribel,Modifiers,+ Oat milk,Cappuccino,1,0.75,0.75,Comp - manager,0.00,No
37392,07/07/2026 09:01 AM,Kai,Breakfast,Oatmeal Bowl,,1,7.50,0.00,,7.50,No
37393,07/07/2026 01:19 PM,Kai,Bakery,Blueberry Muffin,,1,3.50,0.00,,3.50,No
37394,07/07/2026 11:44 AM,Ines,Coffee & Tea,Drip Coffee,,1,3.00,0.00,,3.00,No
37395,07/07/2026 01:43 PM,Theo,Coffee & Tea,Cold Brew,,1,4.50,0.00,,4.50,No
37395,07/07/2026 01:43 PM,Theo,Coffee & Tea,Latte,,1,5.25,0.00,,5.25,No
37396,07/07/2026 07:58 AM,Kai,Breakfast,Oatmeal Bowl,,1,7.50,0.00,,7.50,No
37396,07/07/2026 07:58 AM,Kai,Bakery,Chocolate Chip Cookie,,1,2.75,0.00,,2.75,No
37397,07/07/2026 11:03 AM,Maribel,Bakery,Blueberry Muffin,,1,3.50,0.00,,3.50,No
37397,07/07/2026 11:03 AM,Maribel,Breakfast,Breakfast Sandwich,,1,9.50,0.00,,9.50,No
37398,07/07/2026 11:17 AM,Rashid,Lunch,Turkey Club,,1,13.50,0.00,,13.50,No
37399,07/08/2026 12:01 PM,Theo,Bakery,Croissant,,1,3.75,0.00,,3.75,No
37399,07/08/2026 12:01 PM,Theo,Coffee & Tea,Drip Coffee,,1,3.00,0.00,,3.00,No
37399,07/08/2026 12:01 PM,Theo,Coffee & Tea,Drip Coffee,,1,3.00,0.00,,3.00,No
37400,07/08/2026 08:06 AM,Rashid,Coffee & Tea,Latte,,1,5.25,0.00,,5.25,No
37400,07/08/2026 08:06 AM,Rashid,Modifiers,+ Oat milk,Latte,1,0.75,0.00,,0.75,No
37400,07/08/2026 08:06 AM,Rashid,Coffee & Tea,Drip Coffee,,1,3.00,0.00,,3.00,No
37401,07/08/2026 12:44 PM,Kai,Coffee & Tea,Latte,,1,5.25,0.00,,5.25,No
37401,07/08/2026 12:44 PM,Kai,Modifiers,+ Vanilla syrup,Latte,1,0.60,0.00,,0.60,No
37401,07/08/2026 12:44 PM,Kai,Coffee & Tea,Drip Coffee,,1,3.00,0.00,,3.00,No
37402,07/08/2026 08:08 AM,Ines,Bakery,Blueberry Muffin,,1,3.50,0.00,,3.50,No
37402,07/08/2026 08:08 AM,Ines,Coffee & Tea,Cappuccino,,1,4.75,0.00,,4.75,No
37402,07/08/2026 08:08 AM,Ines,Breakfast,Oatmeal Bowl,,1,7.50,0.00,,7.50,No
37403,07/08/2026 09:28 AM,Kai,Lunch,Turkey Club,,1,13.50,0.00,,13.50,No
37403,07/08/2026 09:28 AM,Kai,Modifiers,+ Add bacon,Turkey Club,1,2.50,0.00,,2.50,No
37403,07/08/2026 09:28 AM,Kai,Coffee & Tea,Latte,,1,5.25,0.00,,5.25,No
37404,07/08/2026 10:28 AM,Ines,Lunch,Greek Salad,,1,12.00,0.00,,12.00,No
37404,07/08/2026 10:28 AM,Ines,Bakery,Chocolate Chip Cookie,,1,2.75,0.00,,2.75,No
37405,07/08/2026 01:29 PM,Ines,Lunch,Soup of the Day,,1,7.00,0.00,,7.00,No
37406,07/08/2026 10:19 AM,Maribel,Coffee & Tea,Drip Coffee,,1,3.00,0.00,,3.00,No
37406,07/08/2026 10:19 AM,Maribel,Coffee & Tea,Cold Brew,,1,4.50,0.00,,4.50,No
37406,07/08/2026 10:19 AM,Maribel,Modifiers,+ Vanilla syrup,Cold Brew,1,0.60,0.00,,0.60,No
37406,07/08/2026 10:19 AM,Maribel,Breakfast,Oatmeal Bowl,,1,7.50,0.00,,7.50,No
37407,07/08/2026 08:11 AM,Maribel,Coffee & Tea,Chai Tea,,1,4.75,0.00,,4.75,No
37407,07/08/2026 08:11 AM,Maribel,Breakfast,Breakfast Sandwich,,1,9.50,0.00,,9.50,No
37407,07/08/2026 08:11 AM,Maribel,Modifiers,+ Add bacon,Breakfast Sandwich,1,2.50,0.00,,2.50,No
37407,07/08/2026 08:11 AM,Maribel,Lunch,Turkey Club,,1,13.50,0.00,,13.50,No
37407,07/08/2026 08:11 AM,Maribel,Modifiers,+ Add bacon,Turkey Club,1,2.50,0.00,,2.50,No
37408,07/08/2026 12:50 PM,Maribel,Coffee & Tea,Latte,,1,5.25,0.00,,5.25,No
37408,07/08/2026 12:50 PM,Maribel,Modifiers,+ Vanilla syrup,Latte,1,0.60,0.00,,0.60,No
37408,07/08/2026 12:50 PM,Maribel,Breakfast,Oatmeal Bowl,,1,7.50,0.00,,7.50,No
37408,07/08/2026 12:50 PM,Maribel,Coffee & Tea,Drip Coffee,,1,3.00,0.00,,3.00,No
37409,07/08/2026 11:14 AM,Ines,Lunch,Greek Salad,,1,12.00,0.00,,0.00,Yes
37409,07/08/2026 11:14 AM,Ines,Modifiers,+ Add avocado,Greek Salad,1,2.00,0.00,,0.00,Yes
37409,07/08/2026 11:14 AM,Ines,Bakery,Chocolate Chip Cookie,,1,2.75,0.00,,2.75,No
37410,07/08/2026 12:48 PM,Kai,Breakfast,Avocado Toast,,1,11.00,0.00,,11.00,No
37410,07/08/2026 12:48 PM,Kai,Modifiers,+ Add egg,Avocado Toast,1,1.50,0.00,,1.50,No
37410,07/08/2026 12:48 PM,Kai,Breakfast,Breakfast Sandwich,,1,9.50,0.00,,9.50,No
37410,07/08/2026 12:48 PM,Kai,Modifiers,+ Add bacon,Breakfast Sandwich,1,2.50,0.00,,2.50,No
37411,07/08/2026 11:16 AM,Kai,Lunch,Turkey Club,,1,13.50,0.00,,13.50,No
37411,07/08/2026 11:16 AM,Kai,Breakfast,Breakfast Sandwich,,1,9.50,0.00,,9.50,No
37411,07/08/2026 11:16 AM,Kai,Coffee & Tea,Cappuccino,,1,4.75,0.00,,4.75,No
37412,07/08/2026 02:01 PM,Rashid,Coffee & Tea,Cold Brew,,1,4.50,0.00,,4.50,No
37412,07/08/2026 02:01 PM,Rashid,Coffee & Tea,Latte,,1,5.25,0.00,,5.25,No
37413,07/08/2026 09:08 AM,Theo,Lunch,Turkey Club,,1,13.50,0.00,,13.50,No
37414,07/08/2026 01:57 PM,Ines,Coffee & Tea,Chai Tea,,1,4.75,0.00,,4.75,No
37415,07/08/2026 12:36 PM,Kai,Coffee & Tea,Cappuccino,,1,4.75,0.00,,4.75,No
37415,07/08/2026 12:36 PM,Kai,Bakery,Blueberry Muffin,,1,3.50,0.00,,3.50,No
37416,07/08/2026 11:19 AM,Kai,Bakery,Blueberry Muffin,,1,3.50,0.00,,3.50,No
37416,07/08/2026 11:19 AM,Kai,Bakery,Croissant,,1,3.75,0.00,,3.75,No
37417,07/08/2026 01:15 PM,Kai,Bakery,Croissant,,1,3.75,0.00,,3.75,No
37418,07/08/2026 08:09 AM,Ines,Lunch,Soup of the Day,,1,7.00,0.00,,7.00,No
37418,07/08/2026 08:09 AM,Ines,Bakery,Blueberry Muffin,,1,3.50,0.00,,3.50,No
37419,07/08/2026 09:17 AM,Ines,Coffee & Tea,Chai Tea,,1,4.75,0.00,,4.75,No
37420,07/08/2026 08:31 AM,Theo,Coffee & Tea,Latte,,1,5.25,0.00,,5.25,No
37420,07/08/2026 08:31 AM,Theo,Bakery,Chocolate Chip Cookie,,1,2.75,0.00,,2.75,No
37420,07/08/2026 08:31 AM,Theo,Coffee & Tea,Drip Coffee,,1,3.00,0.00,,3.00,No
37421,07/08/2026 09:43 AM,Ines,Lunch,Turkey Club,,1,13.50,0.00,,13.50,No
37422,07/08/2026 12:24 PM,Kai,Coffee & Tea,Drip Coffee,,1,3.00,0.00,,3.00,No
37422,07/08/2026 12:24 PM,Kai,Coffee & Tea,Chai Tea,,1,4.75,0.00,,4.75,No
37422,07/08/2026 12:24 PM,Kai,Coffee & Tea,Cold Brew,,1,4.50,0.00,,4.50,No
37423,07/08/2026 08:20 AM,Rashid,Breakfast,Oatmeal Bowl,,1,7.50,0.00,,7.50,No
37423,07/08/2026 08:20 AM,Rashid,Coffee & Tea,Chai Tea,,1,4.75,0.00,,4.75,No
37424,07/08/2026 08:04 AM,Kai,Lunch,Turkey Club,,1,13.50,0.00,,13.50,No
37424,07/08/2026 08:04 AM,Kai,Modifiers,+ Add bacon,Turkey Club,1,2.50,0.00,,2.50,No
37424,07/08/2026 08:04 AM,Kai,Coffee & Tea,Cold Brew,,1,4.50,0.00,,4.50,No
37425,07/08/2026 07:17 AM,Kai,Breakfast,Breakfast Sandwich,,1,9.50,0.00,,9.50,No
37425,07/08/2026 07:17 AM,Kai,Modifiers,+ Add bacon,Breakfast Sandwich,1,2.50,0.00,,2.50,No
37426,07/08/2026 08:01 AM,Kai,Breakfast,Breakfast Sandwich,,1,9.50,0.00,,9.50,No
37426,07/08/2026 08:01 AM,Kai,Modifiers,+ Add egg,Breakfast Sandwich,1,1.50,0.00,,1.50,No
37426,07/08/2026 08:01 AM,Kai,Breakfast,Breakfast Sandwich,,1,9.50,0.00,,9.50,No
37427,07/08/2026 07:11 AM,Rashid,Breakfast,Oatmeal Bowl,,1,7.50,0.00,,7.50,No
37427,07/08/2026 07:11 AM,Rashid,Coffee & Tea,Drip Coffee,,1,3.00,0.00,,3.00,No
37428,07/08/2026 09:55 AM,Kai,Coffee & Tea,Drip Coffee,,1,3.00,0.00,,3.00,No
37429,07/08/2026 01:04 PM,Kai,Coffee & Tea,Cold Brew,,1,4.50,0.00,,4.50,No
37429,07/08/2026 01:04 PM,Kai,Coffee & Tea,Drip Coffee,,1,3.00,0.00,,3.00,No
37430,07/08/2026 03:00 PM,Kai,Breakfast,Breakfast Sandwich,,1,9.50,0.00,,9.50,No
37430,07/08/2026 03:00 PM,Kai,Coffee & Tea,Drip Coffee,,1,3.00,0.00,,3.00,No
37430,07/08/2026 03:00 PM,Kai,Coffee & Tea,Cappuccino,,1,4.75,0.00,,4.75,No
37431,07/08/2026 12:59 PM,Maribel,Bakery,Blueberry Muffin,,1,3.50,0.00,,3.50,No
37431,07/08/2026 12:59 PM,Maribel,Coffee & Tea,Drip Coffee,,1,3.00,0.00,,3.00,No
37431,07/08/2026 12:59 PM,Maribel,Bakery,Blueberry Muffin,,1,3.50,0.00,,3.50,No
37432,07/08/2026 07:50 AM,Rashid,Bakery,Croissant,,1,3.75,0.00,,3.75,No
37433,07/08/2026 10:56 AM,Rashid,Lunch,Turkey Club,,1,13.50,0.00,,13.50,No
37433,07/08/2026 10:56 AM,Rashid,Breakfast,Breakfast Sandwich,,1,9.50,0.00,,9.50,No
37433,07/08/2026 10:56 AM,Rashid,Lunch,Soup of the Day,,1,7.00,0.00,,7.00,No
37434,07/08/2026 12:03 PM,Ines,Breakfast,Avocado Toast,,1,11.00,0.00,,0.00,Yes
37434,07/08/2026 12:03 PM,Ines,Modifiers,+ Add egg,Avocado Toast,1,1.50,0.00,,0.00,Yes
37434,07/08/2026 12:03 PM,Ines,Bakery,Croissant,,1,3.75,0.00,,3.75,No
37435,07/08/2026 10:31 AM,Kai,Breakfast,Breakfast Sandwich,,1,9.50,0.00,,9.50,No
37436,07/08/2026 09:45 AM,Theo,Lunch,Soup of the Day,,1,7.00,0.00,,0.00,Yes
37437,07/08/2026 08:35 AM,Rashid,Coffee & Tea,Latte,,1,5.25,0.00,,5.25,No
37437,07/08/2026 08:35 AM,Rashid,Modifiers,+ Extra shot,Latte,1,1.00,0.00,,1.00,No
37437,07/08/2026 08:35 AM,Rashid,Breakfast,Breakfast Sandwich,,1,9.50,0.00,,9.50,No
37437,07/08/2026 08:35 AM,Rashid,Modifiers,+ Add bacon,Breakfast Sandwich,1,2.50,0.00,,2.50,No
37438,07/08/2026 02:30 PM,Theo,Lunch,Soup of the Day,,1,7.00,0.00,,7.00,No
37438,07/08/2026 02:30 PM,Theo,Bakery,Croissant,,1,3.75,0.00,,3.75,No
37439,07/08/2026 01:26 PM,Maribel,Coffee & Tea,Latte,,1,5.25,0.00,,5.25,No
37439,07/08/2026 01:26 PM,Maribel,Bakery,Chocolate Chip Cookie,,1,2.75,0.00,,2.75,No
37439,07/08/2026 01:26 PM,Maribel,Lunch,Greek Salad,,1,12.00,0.00,,12.00,No
37440,07/08/2026 08:56 AM,Maribel,Coffee & Tea,Drip Coffee,,1,3.00,0.00,,3.00,No
37440,07/08/2026 08:56 AM,Maribel,Breakfast,Avocado Toast,,1,11.00,0.00,,11.00,No
37440,07/08/2026 08:56 AM,Maribel,Modifiers,+ Add egg,Avocado Toast,1,1.50,0.00,,1.50,No
37440,07/08/2026 08:56 AM,Maribel,Modifiers,+ Gluten-free bread,Avocado Toast,1,1.50,0.00,,1.50,No
37441,07/08/2026 02:37 PM,Kai,Coffee & Tea,Latte,,1,5.25,0.00,,5.25,No
37441,07/08/2026 02:37 PM,Kai,Coffee & Tea,Chai Tea,,1,4.75,0.00,,4.75,No
37442,07/08/2026 01:59 PM,Ines,Coffee & Tea,Chai Tea,,1,4.75,0.00,,4.75,No
37442,07/08/2026 01:59 PM,Ines,Bakery,Croissant,,1,3.75,0.00,,3.75,No
37443,07/08/2026 09:29 AM,Maribel,Coffee & Tea,Cold Brew,,1,4.50,0.00,,4.50,No
37443,07/08/2026 09:29 AM,Maribel,Coffee & Tea,Drip Coffee,,1,3.00,0.00,,3.00,No
37444,07/08/2026 12:10 PM,Rashid,Coffee & Tea,Cappuccino,,1,4.75,0.00,,4.75,No
37444,07/08/2026 12:10 PM,Rashid,Bakery,Blueberry Muffin,,1,3.50,0.00,,3.50,No
37445,07/08/2026 10:34 AM,Theo,Breakfast,Breakfast Sandwich,,1,9.50,0.00,,9.50,No
37445,07/08/2026 10:34 AM,Theo,Breakfast,Breakfast Sandwich,,1,9.50,0.00,,9.50,No
37445,07/08/2026 10:34 AM,Theo,Modifiers,+ Add bacon,Breakfast Sandwich,1,2.50,0.00,,2.50,No
37445,07/08/2026 10:34 AM,Theo,Modifiers,+ Add egg,Breakfast Sandwich,1,1.50,0.00,,1.50,No
37446,07/08/2026 12:47 PM,Ines,Bakery,Blueberry Muffin,,1,3.50,0.00,,3.50,No
37446,07/08/2026 12:47 PM,Ines,Coffee & Tea,Drip Coffee,,1,3.00,0.00,,3.00,No
37446,07/08/2026 12:47 PM,Ines,Coffee & Tea,Cold Brew,,1,4.50,0.00,,4.50,No
37447,07/08/2026 09:07 AM,Kai,Breakfast,Breakfast Sandwich,,1,9.50,0.00,,9.50,No
37447,07/08/2026 09:07 AM,Kai,Modifiers,+ Add avocado,Breakfast Sandwich,1,2.00,0.00,,2.00,No
37447,07/08/2026 09:07 AM,Kai,Coffee & Tea,Latte,,1,5.25,0.00,,5.25,No
37448,07/08/2026 07:44 AM,Rashid,Coffee & Tea,Drip Coffee,,1,3.00,0.00,,3.00,No
37448,07/08/2026 07:44 AM,Rashid,Coffee & Tea,Chai Tea,,1,4.75,0.00,,4.75,No
37449,07/08/2026 01:30 PM,Ines,Coffee & Tea,Chai Tea,,1,4.75,0.00,,4.75,No
37450,07/08/2026 09:25 AM,Kai,Lunch,Greek Salad,,1,12.00,0.00,,12.00,No
37450,07/08/2026 09:25 AM,Kai,Coffee & Tea,Drip Coffee,,1,3.00,0.00,,3.00,No
37451,07/09/2026 08:04 AM,Ines,Coffee & Tea,Drip Coffee,,1,3.00,0.00,,3.00,No
37452,07/09/2026 10:48 AM,Theo,Coffee & Tea,Drip Coffee,,1,3.00,0.00,,3.00,No
37452,07/09/2026 10:48 AM,Theo,Coffee & Tea,Latte,,1,5.25,0.00,,0.00,Yes
37452,07/09/2026 10:48 AM,Theo,Coffee & Tea,Drip Coffee,,1,3.00,0.00,,3.00,No
37453,07/09/2026 11:32 AM,Theo,Coffee & Tea,Cappuccino,,1,4.75,0.00,,4.75,No
37453,07/09/2026 11:32 AM,Theo,Modifiers,+ Oat milk,Cappuccino,1,0.75,0.00,,0.75,No
37453,07/09/2026 11:32 AM,Theo,Modifiers,+ Extra shot,Cappuccino,1,1.00,0.00,,1.00,No
37454,07/09/2026 10:59 AM,Theo,Breakfast,Breakfast Sandwich,,1,9.50,0.00,,9.50,No
37454,07/09/2026 10:59 AM,Theo,Modifiers,+ Add bacon,Breakfast Sandwich,1,2.50,0.00,,2.50,No
37454,07/09/2026 10:59 AM,Theo,Modifiers,+ Add egg,Breakfast Sandwich,1,1.50,0.00,,1.50,No
37454,07/09/2026 10:59 AM,Theo,Modifiers,+ Add avocado,Breakfast Sandwich,1,2.00,0.00,,2.00,No
37454,07/09/2026 10:59 AM,Theo,Coffee & Tea,Latte,,1,5.25,0.00,,5.25,No
37454,07/09/2026 10:59 AM,Theo,Modifiers,+ Oat milk,Latte,1,0.75,0.00,,0.75,No
37455,07/09/2026 12:44 PM,Maribel,Breakfast,Avocado Toast,,1,11.00,5.50,Staff meal 50%,5.50,No
37455,07/09/2026 12:44 PM,Maribel,Modifiers,+ Add egg,Avocado Toast,1,1.50,0.75,Staff meal 50%,0.75,No
37455,07/09/2026 12:44 PM,Maribel,Lunch,Greek Salad,,1,12.00,6.00,Staff meal 50%,6.00,No
37456,07/09/2026 10:13 AM,Rashid,Coffee & Tea,Latte,,1,5.25,0.00,,0.00,Yes
37456,07/09/2026 10:13 AM,Rashid,Modifiers,+ Extra shot,Latte,1,1.00,0.00,,0.00,Yes
37456,07/09/2026 10:13 AM,Rashid,Modifiers,+ Vanilla syrup,Latte,1,0.60,0.00,,0.00,Yes
37456,07/09/2026 10:13 AM,Rashid,Coffee & Tea,Cold Brew,,1,4.50,4.50,Comp - manager,0.00,No
37457,07/09/2026 01:26 PM,Maribel,Breakfast,Breakfast Sandwich,,1,9.50,0.00,,9.50,No
37457,07/09/2026 01:26 PM,Maribel,Lunch,Greek Salad,,1,12.00,0.00,,12.00,No
37457,07/09/2026 01:26 PM,Maribel,Coffee & Tea,Drip Coffee,,1,3.00,0.00,,3.00,No
37458,07/09/2026 08:51 AM,Rashid,Coffee & Tea,Latte,,1,5.25,0.00,,5.25,No
37458,07/09/2026 08:51 AM,Rashid,Modifiers,+ Oat milk,Latte,1,0.75,0.00,,0.75,No
37458,07/09/2026 08:51 AM,Rashid,Bakery,Croissant,,1,3.75,0.00,,3.75,No
37459,07/09/2026 10:15 AM,Ines,Coffee & Tea,Drip Coffee,,1,3.00,0.00,,3.00,No
37460,07/09/2026 01:12 PM,Maribel,Coffee & Tea,Drip Coffee,,1,3.00,0.00,,3.00,No
37460,07/09/2026 01:12 PM,Maribel,Bakery,Chocolate Chip Cookie,,1,2.75,0.00,,2.75,No
37461,07/09/2026 09:06 AM,Kai,Coffee & Tea,Drip Coffee,,1,3.00,0.00,,3.00,No
37461,07/09/2026 09:06 AM,Kai,Coffee & Tea,Cold Brew,,1,4.50,0.00,,4.50,No
37461,07/09/2026 09:06 AM,Kai,Modifiers,+ Oat milk,Cold Brew,1,0.75,0.00,,0.75,No
37461,07/09/2026 09:06 AM,Kai,Bakery,Chocolate Chip Cookie,,1,2.75,0.00,,2.75,No
37462,07/09/2026 10:40 AM,Ines,Bakery,Blueberry Muffin,,1,3.50,0.00,,3.50,No
37462,07/09/2026 10:40 AM,Ines,Coffee & Tea,Latte,,1,5.25,0.00,,5.25,No
37462,07/09/2026 10:40 AM,Ines,Modifiers,+ Oat milk,Latte,1,0.75,0.00,,0.75,No
37463,07/09/2026 09:56 AM,Kai,Bakery,Croissant,,1,3.75,0.00,,3.75,No
37464,07/09/2026 08:53 AM,Kai,Coffee & Tea,Drip Coffee,,1,3.00,0.00,,3.00,No
37464,07/09/2026 08:53 AM,Kai,Coffee & Tea,Cold Brew,,1,4.50,0.00,,4.50,No
37464,07/09/2026 08:53 AM,Kai,Modifiers,+ Vanilla syrup,Cold Brew,1,0.60,0.00,,0.60,No
37465,07/09/2026 02:10 PM,Maribel,Coffee & Tea,Latte,,1,5.25,0.00,,5.25,No
37465,07/09/2026 02:10 PM,Maribel,Modifiers,+ Oat milk,Latte,1,0.75,0.00,,0.75,No
37465,07/09/2026 02:10 PM,Maribel,Lunch,Turkey Club,,1,13.50,0.00,,13.50,No
37466,07/09/2026 10:10 AM,Rashid,Coffee & Tea,Cappuccino,,1,4.75,0.00,,4.75,No
37466,07/09/2026 10:10 AM,Rashid,Bakery,Croissant,,1,3.75,0.00,,3.75,No
37467,07/09/2026 10:08 AM,Ines,Lunch,Turkey Club,,1,13.50,13.50,Comp - manager,0.00,No
37467,07/09/2026 10:08 AM,Ines,Modifiers,+ Add bacon,Turkey Club,1,2.50,2.50,Comp - manager,0.00,No
37467,07/09/2026 10:08 AM,Ines,Modifiers,+ No onions,Turkey Club,1,0.00,0.00,Comp - manager,0.00,No
37467,07/09/2026 10:08 AM,Ines,Breakfast,Avocado Toast,,1,11.00,11.00,Comp - manager,0.00,No
37468,07/09/2026 02:44 PM,Theo,Coffee & Tea,Latte,,1,5.25,0.00,,5.25,No
37468,07/09/2026 02:44 PM,Theo,Modifiers,+ Oat milk,Latte,1,0.75,0.00,,0.75,No
37468,07/09/2026 02:44 PM,Theo,Coffee & Tea,Cold Brew,,1,4.50,0.00,,4.50,No
37468,07/09/2026 02:44 PM,Theo,Modifiers,+ Oat milk,Cold Brew,1,0.75,0.00,,0.75,No
37469,07/09/2026 01:56 PM,Theo,Coffee & Tea,Cold Brew,,1,4.50,0.00,,4.50,No
37469,07/09/2026 01:56 PM,Theo,Modifiers,+ Oat milk,Cold Brew,1,0.75,0.00,,0.75,No
37469,07/09/2026 01:56 PM,Theo,Coffee & Tea,Drip Coffee,,1,3.00,0.00,,3.00,No
37470,07/09/2026 08:09 AM,Maribel,Bakery,Blueberry Muffin,,1,3.50,0.00,,3.50,No
37471,07/09/2026 02:32 PM,Maribel,Breakfast,Avocado Toast,,1,11.00,0.00,,11.00,No
37471,07/09/2026 02:32 PM,Maribel,Coffee & Tea,Latte,,1,5.25,0.00,,5.25,No
37471,07/09/2026 02:32 PM,Maribel,Modifiers,+ Extra shot,Latte,1,1.00,0.00,,1.00,No
37472,07/09/2026 10:25 AM,Theo,Coffee & Tea,Cold Brew,,1,4.50,0.00,,4.50,No
37472,07/09/2026 10:25 AM,Theo,Modifiers,+ Oat milk,Cold Brew,1,0.75,0.00,,0.75,No
37472,07/09/2026 10:25 AM,Theo,Coffee & Tea,Cold Brew,,1,4.50,0.00,,4.50,No
37472,07/09/2026 10:25 AM,Theo,Modifiers,+ Oat milk,Cold Brew,1,0.75,0.00,,0.75,No
37473,07/09/2026 01:54 PM,Theo,Breakfast,Breakfast Sandwich,,1,9.50,0.00,,9.50,No
37473,07/09/2026 01:54 PM,Theo,Modifiers,+ Add bacon,Breakfast Sandwich,1,2.50,0.00,,2.50,No
37473,07/09/2026 01:54 PM,Theo,Modifiers,+ Add egg,Breakfast Sandwich,1,1.50,0.00,,1.50,No
37473,07/09/2026 01:54 PM,Theo,Bakery,Croissant,,1,3.75,0.00,,3.75,No
37474,07/09/2026 12:11 PM,Ines,Breakfast,Breakfast Sandwich,,1,9.50,0.00,,9.50,No
37474,07/09/2026 12:11 PM,Ines,Modifiers,+ Add bacon,Breakfast Sandwich,1,2.50,0.00,,2.50,No
37474,07/09/2026 12:11 PM,Ines,Modifiers,+ Add egg,Breakfast Sandwich,1,1.50,0.00,,1.50,No
37474,07/09/2026 12:11 PM,Ines,Lunch,Greek Salad,,1,12.00,0.00,,12.00,No
37474,07/09/2026 12:11 PM,Ines,Bakery,Chocolate Chip Cookie,,1,2.75,0.00,,2.75,No
37475,07/09/2026 01:20 PM,Theo,Lunch,Soup of the Day,,1,7.00,0.00,,7.00,No
37475,07/09/2026 01:20 PM,Theo,Bakery,Croissant,,1,3.75,0.00,,3.75,No
37476,07/09/2026 01:36 PM,Rashid,Coffee & Tea,Cappuccino,,1,4.75,0.00,,4.75,No
37476,07/09/2026 01:36 PM,Rashid,Coffee & Tea,Latte,,1,5.25,0.00,,5.25,No
37476,07/09/2026 01:36 PM,Rashid,Modifiers,+ Oat milk,Latte,1,0.75,0.00,,0.75,No
37477,07/09/2026 12:45 PM,Kai,Lunch,Greek Salad,,1,12.00,0.00,,12.00,No
37478,07/09/2026 08:35 AM,Theo,Breakfast,Oatmeal Bowl,,1,7.50,0.00,,7.50,No
37478,07/09/2026 08:35 AM,Theo,Coffee & Tea,Chai Tea,,1,4.75,0.00,,4.75,No
37479,07/09/2026 10:44 AM,Ines,Bakery,Chocolate Chip Cookie,,1,2.75,0.00,,2.75,No
37480,07/09/2026 12:29 PM,Ines,Lunch,Soup of the Day,,1,7.00,3.50,Staff meal 50%,3.50,No
37480,07/09/2026 12:29 PM,Ines,Coffee & Tea,Drip Coffee,,1,3.00,1.50,Staff meal 50%,1.50,No
37481,07/09/2026 10:24 AM,Theo,Bakery,Croissant,,1,3.75,0.00,,3.75,No
37482,07/09/2026 11:53 AM,Rashid,Lunch,Soup of the Day,,1,7.00,0.00,,7.00,No
37483,07/09/2026 07:07 AM,Maribel,Breakfast,Avocado Toast,,1,11.00,5.50,Staff meal 50%,5.50,No
37483,07/09/2026 07:07 AM,Maribel,Coffee & Tea,Cold Brew,,1,4.50,2.25,Staff meal 50%,2.25,No
37483,07/09/2026 07:07 AM,Maribel,Modifiers,+ Vanilla syrup,Cold Brew,1,0.60,0.30,Staff meal 50%,0.30,No
37483,07/09/2026 07:07 AM,Maribel,Bakery,Blueberry Muffin,,1,3.50,1.75,Staff meal 50%,1.75,No
37484,07/09/2026 12:49 PM,Kai,Breakfast,Breakfast Sandwich,,1,9.50,0.00,,9.50,No
37484,07/09/2026 12:49 PM,Kai,Modifiers,+ Add bacon,Breakfast Sandwich,1,2.50,0.00,,2.50,No
37485,07/09/2026 01:07 PM,Rashid,Coffee & Tea,Latte,,1,5.25,0.00,,5.25,No
37485,07/09/2026 01:07 PM,Rashid,Coffee & Tea,Latte,,1,5.25,0.00,,5.25,No
37486,07/09/2026 11:28 AM,Theo,Lunch,Greek Salad,,1,12.00,0.00,,12.00,No
37486,07/09/2026 11:28 AM,Theo,Coffee & Tea,Drip Coffee,,1,3.00,0.00,,3.00,No
37486,07/09/2026 11:28 AM,Theo,Lunch,Soup of the Day,,1,7.00,0.00,,7.00,No
37487,07/09/2026 09:43 AM,Maribel,Coffee & Tea,Cappuccino,,1,4.75,0.00,,4.75,No
37487,07/09/2026 09:43 AM,Maribel,Modifiers,+ Oat milk,Cappuccino,1,0.75,0.00,,0.75,No
37487,07/09/2026 09:43 AM,Maribel,Modifiers,+ Extra shot,Cappuccino,1,1.00,0.00,,1.00,No
37487,07/09/2026 09:43 AM,Maribel,Bakery,Croissant,,1,3.75,0.00,,3.75,No
37487,07/09/2026 09:43 AM,Maribel,Breakfast,Oatmeal Bowl,,1,7.50,0.00,,7.50,No
37488,07/09/2026 01:53 PM,Theo,Coffee & Tea,Drip Coffee,,1,3.00,0.00,,3.00,No
37488,07/09/2026 01:53 PM,Theo,Bakery,Croissant,,1,3.75,0.00,,3.75,No
37489,07/09/2026 02:37 PM,Maribel,Coffee & Tea,Cappuccino,,1,4.75,0.00,,4.75,No
37490,07/09/2026 12:20 PM,Theo,Coffee & Tea,Drip Coffee,,1,3.00,0.00,,0.00,Yes
37490,07/09/2026 12:20 PM,Theo,Lunch,Greek Salad,,1,12.00,0.00,,12.00,No
37491,07/09/2026 11:57 AM,Theo,Coffee & Tea,Drip Coffee,,1,3.00,3.00,Comp - manager,0.00,No
37491,07/09/2026 11:57 AM,Theo,Coffee & Tea,Cappuccino,,1,4.75,0.00,,4.75,No
37491,07/09/2026 11:57 AM,Theo,Bakery,Blueberry Muffin,,1,3.50,0.00,,3.50,No
37492,07/09/2026 12:04 PM,Kai,Coffee & Tea,Chai Tea,,1,4.75,0.00,,4.75,No
37492,07/09/2026 12:04 PM,Kai,Bakery,Blueberry Muffin,,1,3.50,0.00,,3.50,No
37492,07/09/2026 12:04 PM,Kai,Bakery,Croissant,,1,3.75,0.00,,3.75,No
37493,07/09/2026 08:48 AM,Kai,Breakfast,Oatmeal Bowl,,1,7.50,0.00,,7.50,No
37494,07/09/2026 07:51 AM,Ines,Breakfast,Avocado Toast,,1,11.00,0.00,,11.00,No
37495,07/09/2026 07:49 AM,Rashid,Lunch,Greek Salad,,1,12.00,0.00,,12.00,No
37495,07/09/2026 07:49 AM,Rashid,Coffee & Tea,Drip Coffee,,1,3.00,0.00,,3.00,No
37495,07/09/2026 07:49 AM,Rashid,Lunch,Turkey Club,,1,13.50,0.00,,13.50,No
37496,07/09/2026 01:33 PM,Rashid,Coffee & Tea,Latte,,1,5.25,0.00,,5.25,No
37497,07/09/2026 01:55 PM,Ines,Coffee & Tea,Drip Coffee,,1,3.00,0.00,,3.00,No
37498,07/10/2026 07:53 AM,Rashid,Coffee & Tea,Cold Brew,,1,4.50,0.00,,4.50,No
37498,07/10/2026 07:53 AM,Rashid,Breakfast,Breakfast Sandwich,,1,9.50,0.00,,9.50,No
37498,07/10/2026 07:53 AM,Rashid,Modifiers,+ Add bacon,Breakfast Sandwich,1,2.50,0.00,,2.50,No
37498,07/10/2026 07:53 AM,Rashid,Modifiers,+ Add avocado,Breakfast Sandwich,1,2.00,0.00,,2.00,No
37498,07/10/2026 07:53 AM,Rashid,Coffee & Tea,Latte,,1,5.25,0.00,,5.25,No
37499,07/10/2026 08:32 AM,Rashid,Bakery,Blueberry Muffin,,1,3.50,0.00,,3.50,No
37500,07/10/2026 12:31 PM,Maribel,Bakery,Chocolate Chip Cookie,,1,2.75,0.00,,2.75,No
37501,07/10/2026 02:01 PM,Rashid,Breakfast,Oatmeal Bowl,,1,7.50,0.00,,7.50,No
37502,07/10/2026 09:22 AM,Theo,Lunch,Greek Salad,,1,12.00,0.00,,12.00,No
37502,07/10/2026 09:22 AM,Theo,Coffee & Tea,Drip Coffee,,1,3.00,0.00,,3.00,No
37503,07/10/2026 10:14 AM,Kai,Coffee & Tea,Latte,,1,5.25,0.00,,5.25,No
37503,07/10/2026 10:14 AM,Kai,Modifiers,+ Extra shot,Latte,1,1.00,0.00,,1.00,No
37504,07/10/2026 11:12 AM,Kai,Breakfast,Breakfast Sandwich,,1,9.50,0.00,,9.50,No
37504,07/10/2026 11:12 AM,Kai,Coffee & Tea,Latte,,1,5.25,0.00,,5.25,No
37505,07/10/2026 11:35 AM,Rashid,Bakery,Croissant,,1,3.75,0.00,,3.75,No
37505,07/10/2026 11:35 AM,Rashid,Coffee & Tea,Cappuccino,,1,4.75,0.00,,4.75,No
37505,07/10/2026 11:35 AM,Rashid,Modifiers,+ Oat milk,Cappuccino,1,0.75,0.00,,0.75,No
37506,07/10/2026 11:31 AM,Rashid,Breakfast,Avocado Toast,,1,11.00,0.00,,11.00,No
37507,07/10/2026 10:51 AM,Theo,Coffee & Tea,Cold Brew,,1,4.50,0.00,,4.50,No
37508,07/10/2026 10:55 AM,Rashid,Coffee & Tea,Latte,,1,5.25,0.00,,5.25,No
37508,07/10/2026 10:55 AM,Rashid,Breakfast,Breakfast Sandwich,,1,9.50,0.00,,9.50,No
37508,07/10/2026 10:55 AM,Rashid,Modifiers,+ Add bacon,Breakfast Sandwich,1,2.50,0.00,,2.50,No
37508,07/10/2026 10:55 AM,Rashid,Modifiers,+ Add egg,Breakfast Sandwich,1,1.50,0.00,,1.50,No
37509,07/10/2026 02:52 PM,Ines,Coffee & Tea,Drip Coffee,,1,3.00,0.00,,3.00,No
37509,07/10/2026 02:52 PM,Ines,Bakery,Chocolate Chip Cookie,,1,2.75,0.00,,2.75,No
37509,07/10/2026 02:52 PM,Ines,Bakery,Croissant,,1,3.75,0.00,,3.75,No
37510,07/10/2026 01:39 PM,Rashid,Lunch,Turkey Club,,1,13.50,0.00,,13.50,No
37510,07/10/2026 01:39 PM,Rashid,Modifiers,+ Add bacon,Turkey Club,1,2.50,0.00,,2.50,No
37510,07/10/2026 01:39 PM,Rashid,Lunch,Turkey Club,,1,13.50,0.00,,13.50,No
37510,07/10/2026 01:39 PM,Rashid,Modifiers,+ Add bacon,Turkey Club,1,2.50,0.00,,2.50,No
37510,07/10/2026 01:39 PM,Rashid,Modifiers,+ Gluten-free bread,Turkey Club,1,1.50,0.00,,1.50,No
37510,07/10/2026 01:39 PM,Rashid,Coffee & Tea,Drip Coffee,,1,3.00,0.00,,3.00,No
37511,07/10/2026 10:16 AM,Kai,Coffee & Tea,Cold Brew,,1,4.50,0.00,,4.50,No
37511,07/10/2026 10:16 AM,Kai,Lunch,Soup of the Day,,1,7.00,0.00,,7.00,No
37512,07/10/2026 12:49 PM,Maribel,Breakfast,Oatmeal Bowl,,1,7.50,0.00,,7.50,No
37513,07/10/2026 12:45 PM,Ines,Breakfast,Oatmeal Bowl,,1,7.50,0.00,,7.50,No
37513,07/10/2026 12:45 PM,Ines,Bakery,Chocolate Chip Cookie,,1,2.75,0.00,,2.75,No
37513,07/10/2026 12:45 PM,Ines,Coffee & Tea,Latte,,1,5.25,0.00,,5.25,No
37514,07/10/2026 11:58 AM,Maribel,Coffee & Tea,Latte,,1,5.25,0.00,,5.25,No
37515,07/10/2026 07:22 AM,Kai,Lunch,Soup of the Day,,1,7.00,0.00,,7.00,No
37515,07/10/2026 07:22 AM,Kai,Coffee & Tea,Latte,,1,5.25,0.00,,5.25,No
37515,07/10/2026 07:22 AM,Kai,Modifiers,+ Oat milk,Latte,1,0.75,0.00,,0.75,No
37515,07/10/2026 07:22 AM,Kai,Modifiers,+ Extra shot,Latte,1,1.00,0.00,,1.00,No
37515,07/10/2026 07:22 AM,Kai,Modifiers,+ Vanilla syrup,Latte,1,0.60,0.00,,0.60,No
37515,07/10/2026 07:22 AM,Kai,Breakfast,Breakfast Sandwich,,1,9.50,0.00,,9.50,No
37516,07/10/2026 07:36 AM,Rashid,Breakfast,Breakfast Sandwich,,1,9.50,0.00,,9.50,No
37516,07/10/2026 07:36 AM,Rashid,Modifiers,+ Add bacon,Breakfast Sandwich,1,2.50,0.00,,2.50,No
37516,07/10/2026 07:36 AM,Rashid,Modifiers,+ Add avocado,Breakfast Sandwich,1,2.00,0.00,,2.00,No
37516,07/10/2026 07:36 AM,Rashid,Bakery,Blueberry Muffin,,1,3.50,0.00,,3.50,No
37517,07/10/2026 11:59 AM,Ines,Coffee & Tea,Cappuccino,,1,4.75,0.00,,4.75,No
37517,07/10/2026 11:59 AM,Ines,Coffee & Tea,Drip Coffee,,1,3.00,0.00,,3.00,No
37518,07/10/2026 11:48 AM,Kai,Bakery,Blueberry Muffin,,1,3.50,0.00,,3.50,No
37518,07/10/2026 11:48 AM,Kai,Bakery,Chocolate Chip Cookie,,1,2.75,0.00,,2.75,No
37518,07/10/2026 11:48 AM,Kai,Bakery,Chocolate Chip Cookie,,1,2.75,0.00,,2.75,No
37519,07/10/2026 09:02 AM,Kai,Breakfast,Breakfast Sandwich,,1,9.50,0.00,,9.50,No
37519,07/10/2026 09:02 AM,Kai,Modifiers,+ Add bacon,Breakfast Sandwich,1,2.50,0.00,,2.50,No
37520,07/10/2026 12:25 PM,Kai,Coffee & Tea,Cold Brew,,1,4.50,0.00,,0.00,Yes
37520,07/10/2026 12:25 PM,Kai,Coffee & Tea,Chai Tea,,1,4.75,2.38,Staff meal 50%,2.37,No
37521,07/10/2026 08:30 AM,Theo,Lunch,Greek Salad,,1,12.00,0.00,,12.00,No
37522,07/10/2026 11:41 AM,Rashid,Breakfast,Avocado Toast,,1,11.00,0.00,,11.00,No
37523,07/10/2026 01:49 PM,Rashid,Lunch,Turkey Club,,1,13.50,0.00,,13.50,No
37523,07/10/2026 01:49 PM,Rashid,Modifiers,+ Gluten-free bread,Turkey Club,1,1.50,0.00,,1.50,No
37523,07/10/2026 01:49 PM,Rashid,Bakery,Blueberry Muffin,,1,3.50,0.00,,3.50,No
37524,07/10/2026 11:38 AM,Ines,Coffee & Tea,Drip Coffee,,1,3.00,0.00,,3.00,No
37524,07/10/2026 11:38 AM,Ines,Bakery,Chocolate Chip Cookie,,1,2.75,0.00,,2.75,No
37525,07/10/2026 02:05 PM,Maribel,Lunch,Greek Salad,,1,12.00,0.00,,12.00,No
37526,07/10/2026 01:43 PM,Theo,Coffee & Tea,Cappuccino,,1,4.75,0.00,,4.75,No
37527,07/10/2026 10:33 AM,Kai,Coffee & Tea,Latte,,1,5.25,0.00,,5.25,No
37527,07/10/2026 10:33 AM,Kai,Modifiers,+ Oat milk,Latte,1,0.75,0.00,,0.75,No
37527,07/10/2026 10:33 AM,Kai,Coffee & Tea,Latte,,1,5.25,0.00,,5.25,No
37528,07/10/2026 01:33 PM,Ines,Breakfast,Avocado Toast,,1,11.00,0.00,,11.00,No
37528,07/10/2026 01:33 PM,Ines,Modifiers,+ Add egg,Avocado Toast,1,1.50,0.00,,1.50,No
37528,07/10/2026 01:33 PM,Ines,Bakery,Chocolate Chip Cookie,,1,2.75,0.00,,2.75,No
37528,07/10/2026 01:33 PM,Ines,Bakery,Croissant,,1,3.75,0.00,,3.75,No
37529,07/10/2026 08:54 AM,Maribel,Lunch,Turkey Club,,1,13.50,0.00,,13.50,No
37530,07/10/2026 02:44 PM,Rashid,Breakfast,Breakfast Sandwich,,1,9.50,0.00,,9.50,No
37530,07/10/2026 02:44 PM,Rashid,Modifiers,+ Add avocado,Breakfast Sandwich,1,2.00,0.00,,2.00,No
37530,07/10/2026 02:44 PM,Rashid,Coffee & Tea,Cold Brew,,1,4.50,0.00,,4.50,No
37530,07/10/2026 02:44 PM,Rashid,Modifiers,+ Oat milk,Cold Brew,1,0.75,0.00,,0.75,No
37531,07/10/2026 07:11 AM,Maribel,Lunch,Greek Salad,,1,12.00,0.00,,12.00,No
37531,07/10/2026 07:11 AM,Maribel,Coffee & Tea,Latte,,1,5.25,0.00,,5.25,No
37531,07/10/2026 07:11 AM,Maribel,Modifiers,+ Oat milk,Latte,1,0.75,0.00,,0.75,No
37531,07/10/2026 07:11 AM,Maribel,Lunch,Soup of the Day,,1,7.00,0.00,,7.00,No
37532,07/10/2026 12:36 PM,Maribel,Bakery,Blueberry Muffin,,1,3.50,0.00,,3.50,No
37533,07/10/2026 10:56 AM,Kai,Bakery,Blueberry Muffin,,1,3.50,0.00,,3.50,No
37534,07/10/2026 10:18 AM,Theo,Breakfast,Breakfast Sandwich,,1,9.50,0.00,,9.50,No
37534,07/10/2026 10:18 AM,Theo,Lunch,Soup of the Day,,1,7.00,0.00,,7.00,No
37534,07/10/2026 10:18 AM,Theo,Breakfast,Breakfast Sandwich,,1,9.50,0.00,,9.50,No
37535,07/10/2026 12:19 PM,Rashid,Lunch,Turkey Club,,1,13.50,0.00,,13.50,No
37535,07/10/2026 12:19 PM,Rashid,Modifiers,+ Add bacon,Turkey Club,1,2.50,0.00,,2.50,No
37536,07/10/2026 08:28 AM,Ines,Breakfast,Avocado Toast,,1,11.00,0.00,,11.00,No
37536,07/10/2026 08:28 AM,Ines,Modifiers,+ Gluten-free bread,Avocado Toast,1,1.50,0.00,,1.50,No
37537,07/11/2026 10:55 AM,Maribel,Bakery,Croissant,,1,3.75,0.00,,3.75,No
37537,07/11/2026 10:55 AM,Maribel,Coffee & Tea,Cold Brew,,1,4.50,0.00,,4.50,No
37537,07/11/2026 10:55 AM,Maribel,Modifiers,+ Vanilla syrup,Cold Brew,1,0.60,0.00,,0.60,No
37537,07/11/2026 10:55 AM,Maribel,Coffee & Tea,Drip Coffee,,1,3.00,0.00,,3.00,No
37538,07/11/2026 10:18 AM,Rashid,Coffee & Tea,Drip Coffee,,1,3.00,0.00,,3.00,No
37538,07/11/2026 10:18 AM,Rashid,Coffee & Tea,Cold Brew,,1,4.50,0.00,,4.50,No
37538,07/11/2026 10:18 AM,Rashid,Modifiers,+ Oat milk,Cold Brew,1,0.75,0.00,,0.75,No
37539,07/11/2026 10:28 AM,Kai,Breakfast,Avocado Toast,,1,11.00,0.00,,11.00,No
37539,07/11/2026 10:28 AM,Kai,Coffee & Tea,Cappuccino,,1,4.75,0.00,,4.75,No
37539,07/11/2026 10:28 AM,Kai,Modifiers,+ Extra shot,Cappuccino,1,1.00,0.00,,1.00,No
37539,07/11/2026 10:28 AM,Kai,Bakery,Chocolate Chip Cookie,,1,2.75,0.00,,2.75,No
37540,07/11/2026 01:54 PM,Theo,Breakfast,Breakfast Sandwich,,1,9.50,0.00,,9.50,No
37540,07/11/2026 01:54 PM,Theo,Modifiers,+ Add bacon,Breakfast Sandwich,1,2.50,0.00,,2.50,No
37540,07/11/2026 01:54 PM,Theo,Coffee & Tea,Cappuccino,,1,4.75,0.00,,4.75,No
37540,07/11/2026 01:54 PM,Theo,Lunch,Greek Salad,,1,12.00,0.00,,12.00,No
37540,07/11/2026 01:54 PM,Theo,Modifiers,+ No onions,Greek Salad,1,0.00,0.00,,0.00,No
37541,07/11/2026 10:00 AM,Ines,Breakfast,Oatmeal Bowl,,1,7.50,7.50,Comp - manager,0.00,No
37541,07/11/2026 10:00 AM,Ines,Lunch,Soup of the Day,,1,7.00,0.00,,7.00,No
37542,07/11/2026 12:12 PM,Rashid,Coffee & Tea,Cold Brew,,1,4.50,0.00,,4.50,No
37542,07/11/2026 12:12 PM,Rashid,Modifiers,+ Vanilla syrup,Cold Brew,1,0.60,0.00,,0.60,No
37542,07/11/2026 12:12 PM,Rashid,Coffee & Tea,Cold Brew,,1,4.50,0.00,,4.50,No
37543,07/11/2026 01:05 PM,Kai,Bakery,Croissant,,1,3.75,0.00,,3.75,No
37544,07/11/2026 02:55 PM,Maribel,Coffee & Tea,Drip Coffee,,1,3.00,0.00,,3.00,No
37545,07/11/2026 09:52 AM,Theo,Coffee & Tea,Cold Brew,,1,4.50,0.00,,4.50,No
37545,07/11/2026 09:52 AM,Theo,Breakfast,Breakfast Sandwich,,1,9.50,0.00,,9.50,No
37545,07/11/2026 09:52 AM,Theo,Modifiers,+ Add egg,Breakfast Sandwich,1,1.50,0.00,,1.50,No
37545,07/11/2026 09:52 AM,Theo,Bakery,Chocolate Chip Cookie,,1,2.75,0.00,,2.75,No
37546,07/11/2026 08:45 AM,Rashid,Breakfast,Breakfast Sandwich,,1,9.50,0.00,,9.50,No
37547,07/11/2026 11:03 AM,Theo,Coffee & Tea,Latte,,1,5.25,0.00,,5.25,No
37548,07/11/2026 12:56 PM,Ines,Coffee & Tea,Latte,,1,5.25,0.00,,5.25,No
37548,07/11/2026 12:56 PM,Ines,Modifiers,+ Oat milk,Latte,1,0.75,0.00,,0.75,No
37548,07/11/2026 12:56 PM,Ines,Modifiers,+ Extra shot,Latte,1,1.00,0.00,,1.00,No
37548,07/11/2026 12:56 PM,Ines,Modifiers,+ Vanilla syrup,Latte,1,0.60,0.00,,0.60,No
37549,07/11/2026 09:01 AM,Theo,Lunch,Soup of the Day,,1,7.00,0.00,,0.00,Yes
37549,07/11/2026 09:01 AM,Theo,Coffee & Tea,Cold Brew,,1,4.50,0.00,,4.50,No
37549,07/11/2026 09:01 AM,Theo,Lunch,Soup of the Day,,1,7.00,0.00,,7.00,No
37550,07/11/2026 09:40 AM,Theo,Coffee & Tea,Drip Coffee,,1,3.00,0.00,,3.00,No
37550,07/11/2026 09:40 AM,Theo,Coffee & Tea,Chai Tea,,1,4.75,0.00,,4.75,No
37551,07/11/2026 08:36 AM,Rashid,Coffee & Tea,Cappuccino,,1,4.75,0.00,,4.75,No
37551,07/11/2026 08:36 AM,Rashid,Modifiers,+ Oat milk,Cappuccino,1,0.75,0.00,,0.75,No
37551,07/11/2026 08:36 AM,Rashid,Bakery,Chocolate Chip Cookie,,1,2.75,0.00,,2.75,No
37552,07/11/2026 10:57 AM,Rashid,Lunch,Greek Salad,,1,12.00,0.00,,12.00,No
37553,07/11/2026 11:09 AM,Ines,Bakery,Blueberry Muffin,,1,3.50,0.00,,3.50,No
37553,07/11/2026 11:09 AM,Ines,Breakfast,Avocado Toast,,1,11.00,0.00,,11.00,No
37554,07/11/2026 11:17 AM,Kai,Coffee & Tea,Latte,,1,5.25,0.00,,5.25,No
37554,07/11/2026 11:17 AM,Kai,Modifiers,+ Oat milk,Latte,1,0.75,0.00,,0.75,No
37554,07/11/2026 11:17 AM,Kai,Coffee & Tea,Cappuccino,,1,4.75,0.00,,4.75,No
37554,07/11/2026 11:17 AM,Kai,Modifiers,+ Extra shot,Cappuccino,1,1.00,0.00,,1.00,No
37555,07/11/2026 07:47 AM,Rashid,Coffee & Tea,Chai Tea,,1,4.75,0.00,,4.75,No
37555,07/11/2026 07:47 AM,Rashid,Breakfast,Avocado Toast,,1,11.00,0.00,,11.00,No
37555,07/11/2026 07:47 AM,Rashid,Breakfast,Avocado Toast,,1,11.00,0.00,,11.00,No
37556,07/11/2026 02:39 PM,Rashid,Coffee & Tea,Cappuccino,,1,4.75,0.00,,4.75,No
37556,07/11/2026 02:39 PM,Rashid,Modifiers,+ Extra shot,Cappuccino,1,1.00,0.00,,1.00,No
37556,07/11/2026 02:39 PM,Rashid,Lunch,Soup of the Day,,1,7.00,0.00,,0.00,Yes
37557,07/11/2026 02:13 PM,Kai,Coffee & Tea,Drip Coffee,,1,3.00,0.00,,3.00,No
37558,07/11/2026 11:15 AM,Ines,Breakfast,Breakfast Sandwich,,1,9.50,0.00,,9.50,No
37558,07/11/2026 11:15 AM,Ines,Bakery,Chocolate Chip Cookie,,1,2.75,0.00,,2.75,No
37559,07/11/2026 11:51 AM,Theo,Bakery,Chocolate Chip Cookie,,1,2.75,0.00,,2.75,No
37559,07/11/2026 11:51 AM,Theo,Bakery,Blueberry Muffin,,1,3.50,0.00,,3.50,No
37560,07/11/2026 08:22 AM,Ines,Bakery,Chocolate Chip Cookie,,1,2.75,0.00,,2.75,No
37561,07/11/2026 11:08 AM,Rashid,Lunch,Turkey Club,,1,13.50,0.00,,13.50,No
37561,07/11/2026 11:08 AM,Rashid,Modifiers,+ Add bacon,Turkey Club,1,2.50,0.00,,2.50,No
37561,07/11/2026 11:08 AM,Rashid,Lunch,Turkey Club,,1,13.50,0.00,,13.50,No
37561,07/11/2026 11:08 AM,Rashid,Modifiers,+ Gluten-free bread,Turkey Club,1,1.50,0.00,,1.50,No
37561,07/11/2026 11:08 AM,Rashid,Breakfast,Breakfast Sandwich,,1,9.50,0.00,,9.50,No
37562,07/11/2026 02:11 PM,Ines,Coffee & Tea,Cold Brew,,1,4.50,0.00,,4.50,No
37563,07/11/2026 09:33 AM,Theo,Coffee & Tea,Latte,,1,5.25,0.00,,5.25,No
37563,07/11/2026 09:33 AM,Theo,Modifiers,+ Extra shot,Latte,1,1.00,0.00,,1.00,No
37564,07/11/2026 11:55 AM,Kai,Coffee & Tea,Cold Brew,,1,4.50,0.00,,4.50,No
37564,07/11/2026 11:55 AM,Kai,Coffee & Tea,Drip Coffee,,1,3.00,0.00,,3.00,No
37565,07/11/2026 10:32 AM,Kai,Coffee & Tea,Drip Coffee,,1,3.00,0.00,,0.00,Yes
37566,07/11/2026 08:34 AM,Rashid,Coffee & Tea,Cold Brew,,1,4.50,0.00,,4.50,No
37567,07/11/2026 01:08 PM,Theo,Bakery,Croissant,,1,3.75,0.00,,3.75,No
37568,07/11/2026 07:44 AM,Ines,Bakery,Croissant,,1,3.75,0.00,,3.75,No
37568,07/11/2026 07:44 AM,Ines,Breakfast,Breakfast Sandwich,,1,9.50,0.00,,9.50,No
37568,07/11/2026 07:44 AM,Ines,Modifiers,+ Add bacon,Breakfast Sandwich,1,2.50,0.00,,2.50,No
37569,07/11/2026 09:49 AM,Kai,Coffee & Tea,Drip Coffee,,1,3.00,0.00,,3.00,No
37569,07/11/2026 09:49 AM,Kai,Coffee & Tea,Cappuccino,,1,4.75,0.00,,4.75,No
37569,07/11/2026 09:49 AM,Kai,Modifiers,+ Extra shot,Cappuccino,1,1.00,0.00,,1.00,No
37570,07/11/2026 07:44 AM,Kai,Coffee & Tea,Drip Coffee,,1,3.00,0.00,,3.00,No
37570,07/11/2026 07:44 AM,Kai,Coffee & Tea,Drip Coffee,,1,3.00,0.00,,3.00,No
37571,07/11/2026 01:57 PM,Theo,Bakery,Chocolate Chip Cookie,,1,2.75,0.00,,2.75,No
37572,07/11/2026 09:28 AM,Kai,Coffee & Tea,Drip Coffee,,1,3.00,0.00,,3.00,No
37572,07/11/2026 09:28 AM,Kai,Coffee & Tea,Latte,,1,5.25,0.00,,5.25,No
37573,07/11/2026 09:41 AM,Maribel,Coffee & Tea,Cappuccino,,1,4.75,2.38,Staff meal 50%,2.37,No
37573,07/11/2026 09:41 AM,Maribel,Modifiers,+ Extra shot,Cappuccino,1,1.00,0.50,Staff meal 50%,0.50,No
37574,07/11/2026 10:07 AM,Kai,Breakfast,Avocado Toast,,1,11.00,0.00,,11.00,No
37574,07/11/2026 10:07 AM,Kai,Modifiers,+ Add egg,Avocado Toast,1,1.50,0.00,,1.50,No
37574,07/11/2026 10:07 AM,Kai,Modifiers,+ Gluten-free bread,Avocado Toast,1,1.50,0.00,,1.50,No
37575,07/11/2026 08:07 AM,Maribel,Coffee & Tea,Cappuccino,,1,4.75,0.00,,4.75,No
37576,07/11/2026 12:01 PM,Theo,Coffee & Tea,Chai Tea,,1,4.75,0.00,,4.75,No
37576,07/11/2026 12:01 PM,Theo,Bakery,Croissant,,1,3.75,0.00,,3.75,No
37577,07/11/2026 12:59 PM,Rashid,Coffee & Tea,Chai Tea,,1,4.75,0.00,,4.75,No
37577,07/11/2026 12:59 PM,Rashid,Coffee & Tea,Drip Coffee,,1,3.00,0.00,,3.00,No
37578,07/11/2026 10:28 AM,Ines,Coffee & Tea,Cappuccino,,1,4.75,0.00,,4.75,No
37578,07/11/2026 10:28 AM,Ines,Lunch,Greek Salad,,1,12.00,0.00,,12.00,No
37578,07/11/2026 10:28 AM,Ines,Modifiers,+ Add avocado,Greek Salad,1,2.00,0.00,,2.00,No
37578,07/11/2026 10:28 AM,Ines,Coffee & Tea,Chai Tea,,1,4.75,0.00,,4.75,No
37579,07/11/2026 02:54 PM,Kai,Breakfast,Breakfast Sandwich,,1,9.50,0.00,,9.50,No
37579,07/11/2026 02:54 PM,Kai,Modifiers,+ Add avocado,Breakfast Sandwich,1,2.00,0.00,,2.00,No
37580,07/11/2026 09:30 AM,Rashid,Coffee & Tea,Cold Brew,,1,4.50,0.00,,4.50,No
37581,07/11/2026 01:32 PM,Maribel,Lunch,Greek Salad,,1,12.00,0.00,,12.00,No
37581,07/11/2026 01:32 PM,Maribel,Breakfast,Breakfast Sandwich,,1,9.50,0.00,,9.50,No
37581,07/11/2026 01:32 PM,Maribel,Modifiers,+ Add bacon,Breakfast Sandwich,1,2.50,0.00,,2.50,No
37581,07/11/2026 01:32 PM,Maribel,Modifiers,+ Add avocado,Breakfast Sandwich,1,2.00,0.00,,2.00,No
37582,07/11/2026 02:43 PM,Ines,Bakery,Croissant,,1,3.75,0.00,,3.75,No
37582,07/11/2026 02:43 PM,Ines,Bakery,Croissant,,1,3.75,0.00,,3.75,No
37583,07/11/2026 02:59 PM,Maribel,Coffee & Tea,Cold Brew,,1,4.50,0.00,,4.50,No
37584,07/11/2026 12:59 PM,Kai,Breakfast,Avocado Toast,,1,11.00,0.00,,11.00,No
37585,07/11/2026 09:24 AM,Kai,Coffee & Tea,Cappuccino,,1,4.75,0.00,,4.75,No
37586,07/11/2026 08:08 AM,Theo,Coffee & Tea,Latte,,1,5.25,2.62,Staff meal 50%,2.63,No
37586,07/11/2026 08:08 AM,Theo,Bakery,Croissant,,1,3.75,1.88,Staff meal 50%,1.87,No
37587,07/11/2026 10:03 AM,Kai,Lunch,Turkey Club,,1,13.50,0.00,,13.50,No
37587,07/11/2026 10:03 AM,Kai,Modifiers,+ Add bacon,Turkey Club,1,2.50,0.00,,2.50,No
37587,07/11/2026 10:03 AM,Kai,Modifiers,+ Gluten-free bread,Turkey Club,1,1.50,0.00,,1.50,No
37588,07/11/2026 08:19 AM,Theo,Breakfast,Oatmeal Bowl,,1,7.50,0.00,,7.50,No
37588,07/11/2026 08:19 AM,Theo,Coffee & Tea,Latte,,1,5.25,0.00,,5.25,No
37589,07/12/2026 10:32 AM,Ines,Breakfast,Breakfast Sandwich,,1,9.50,4.75,Staff meal 50%,4.75,No
37589,07/12/2026 10:32 AM,Ines,Bakery,Chocolate Chip Cookie,,1,2.75,0.00,,0.00,Yes
37590,07/12/2026 11:13 AM,Rashid,Coffee & Tea,Drip Coffee,,1,3.00,0.00,,3.00,No
37590,07/12/2026 11:13 AM,Rashid,Coffee & Tea,Cappuccino,,1,4.75,0.00,,4.75,No
37590,07/12/2026 11:13 AM,Rashid,Modifiers,+ Extra shot,Cappuccino,1,1.00,0.00,,1.00,No
37591,07/12/2026 02:51 PM,Maribel,Coffee & Tea,Drip Coffee,,1,3.00,0.00,,3.00,No
37592,07/12/2026 10:30 AM,Kai,Coffee & Tea,Latte,,1,5.25,0.00,,5.25,No
37592,07/12/2026 10:30 AM,Kai,Modifiers,+ Oat milk,Latte,1,0.75,0.00,,0.75,No
37592,07/12/2026 10:30 AM,Kai,Coffee & Tea,Drip Coffee,,1,3.00,0.00,,3.00,No
37593,07/12/2026 02:30 PM,Rashid,Coffee & Tea,Latte,,1,5.25,0.00,,5.25,No
37593,07/12/2026 02:30 PM,Rashid,Breakfast,Breakfast Sandwich,,1,9.50,0.00,,9.50,No
37593,07/12/2026 02:30 PM,Rashid,Modifiers,+ Add egg,Breakfast Sandwich,1,1.50,0.00,,1.50,No
37593,07/12/2026 02:30 PM,Rashid,Modifiers,+ Add avocado,Breakfast Sandwich,1,2.00,0.00,,2.00,No
37594,07/12/2026 07:47 AM,Theo,Breakfast,Breakfast Sandwich,,1,9.50,0.00,,9.50,No
37594,07/12/2026 07:47 AM,Theo,Modifiers,+ Add bacon,Breakfast Sandwich,1,2.50,0.00,,2.50,No
37594,07/12/2026 07:47 AM,Theo,Breakfast,Oatmeal Bowl,,1,7.50,7.50,Comp - manager,0.00,No
37595,07/12/2026 10:36 AM,Kai,Breakfast,Avocado Toast,,1,11.00,0.00,,11.00,No
37595,07/12/2026 10:36 AM,Kai,Bakery,Blueberry Muffin,,1,3.50,0.00,,3.50,No
37596,07/12/2026 11:22 AM,Kai,Bakery,Chocolate Chip Cookie,,1,2.75,0.00,,2.75,No
37597,07/12/2026 11:06 AM,Ines,Lunch,Turkey Club,,1,13.50,0.00,,13.50,No
37597,07/12/2026 11:06 AM,Ines,Modifiers,+ No onions,Turkey Club,1,0.00,0.00,,0.00,No
37597,07/12/2026 11:06 AM,Ines,Coffee & Tea,Cold Brew,,1,4.50,0.00,,4.50,No
37597,07/12/2026 11:06 AM,Ines,Modifiers,+ Oat milk,Cold Brew,1,0.75,0.00,,0.75,No
37597,07/12/2026 11:06 AM,Ines,Coffee & Tea,Drip Coffee,,1,3.00,0.00,,3.00,No
37598,07/12/2026 01:02 PM,Ines,Coffee & Tea,Latte,,1,5.25,0.00,,5.25,No
37598,07/12/2026 01:02 PM,Ines,Modifiers,+ Oat milk,Latte,1,0.75,0.00,,0.75,No
37598,07/12/2026 01:02 PM,Ines,Modifiers,+ Extra shot,Latte,1,1.00,0.00,,1.00,No
37598,07/12/2026 01:02 PM,Ines,Modifiers,+ Vanilla syrup,Latte,1,0.60,0.00,,0.60,No
37598,07/12/2026 01:02 PM,Ines,Coffee & Tea,Drip Coffee,,1,3.00,0.00,,3.00,No
37598,07/12/2026 01:02 PM,Ines,Coffee & Tea,Drip Coffee,,1,3.00,0.00,,3.00,No
37599,07/12/2026 10:11 AM,Ines,Breakfast,Avocado Toast,,1,11.00,0.00,,11.00,No
37599,07/12/2026 10:11 AM,Ines,Modifiers,+ Add egg,Avocado Toast,1,1.50,0.00,,1.50,No
37600,07/12/2026 02:00 PM,Maribel,Coffee & Tea,Cold Brew,,1,4.50,0.00,,4.50,No
37600,07/12/2026 02:00 PM,Maribel,Breakfast,Breakfast Sandwich,,1,9.50,0.00,,9.50,No
37600,07/12/2026 02:00 PM,Maribel,Breakfast,Avocado Toast,,1,11.00,0.00,,11.00,No
37601,07/12/2026 11:46 AM,Ines,Breakfast,Avocado Toast,,1,11.00,0.00,,11.00,No
37601,07/12/2026 11:46 AM,Ines,Modifiers,+ Gluten-free bread,Avocado Toast,1,1.50,0.00,,1.50,No
37602,07/12/2026 09:12 AM,Ines,Bakery,Croissant,,1,3.75,0.00,,3.75,No
37603,07/12/2026 01:40 PM,Rashid,Bakery,Croissant,,1,3.75,1.88,Staff meal 50%,1.87,No
37603,07/12/2026 01:40 PM,Rashid,Breakfast,Avocado Toast,,1,11.00,5.50,Staff meal 50%,5.50,No
37604,07/12/2026 01:02 PM,Ines,Breakfast,Oatmeal Bowl,,1,7.50,7.50,Comp - manager,0.00,No
37605,07/12/2026 10:28 AM,Theo,Coffee & Tea,Drip Coffee,,1,3.00,0.00,,3.00,No
37606,07/12/2026 01:27 PM,Maribel,Coffee & Tea,Latte,,1,5.25,0.00,,5.25,No
37606,07/12/2026 01:27 PM,Maribel,Breakfast,Avocado Toast,,1,11.00,0.00,,11.00,No
37607,07/12/2026 07:47 AM,Rashid,Bakery,Chocolate Chip Cookie,,1,2.75,0.00,,2.75,No
37607,07/12/2026 07:47 AM,Rashid,Lunch,Turkey Club,,1,13.50,0.00,,13.50,No
37607,07/12/2026 07:47 AM,Rashid,Modifiers,+ Add bacon,Turkey Club,1,2.50,0.00,,2.50,No
37607,07/12/2026 07:47 AM,Rashid,Modifiers,+ No onions,Turkey Club,1,0.00,0.00,,0.00,No
37608,07/12/2026 07:43 AM,Maribel,Coffee & Tea,Cappuccino,,1,4.75,0.00,,4.75,No
37608,07/12/2026 07:43 AM,Maribel,Modifiers,+ Oat milk,Cappuccino,1,0.75,0.00,,0.75,No
37609,07/12/2026 09:41 AM,Kai,Coffee & Tea,Cold Brew,,1,4.50,0.00,,4.50,No
37609,07/12/2026 09:41 AM,Kai,Modifiers,+ Oat milk,Cold Brew,1,0.75,0.00,,0.75,No
37610,07/12/2026 02:59 PM,Kai,Lunch,Turkey Club,,1,13.50,0.00,,13.50,No
37610,07/12/2026 02:59 PM,Kai,Modifiers,+ Add bacon,Turkey Club,1,2.50,0.00,,2.50,No
37610,07/12/2026 02:59 PM,Kai,Modifiers,+ No onions,Turkey Club,1,0.00,0.00,,0.00,No
37610,07/12/2026 02:59 PM,Kai,Breakfast,Breakfast Sandwich,,1,9.50,0.00,,9.50,No
37611,07/12/2026 10:08 AM,Rashid,Lunch,Greek Salad,,1,12.00,6.00,Staff meal 50%,6.00,No
37611,07/12/2026 10:08 AM,Rashid,Breakfast,Breakfast Sandwich,,1,9.50,4.75,Staff meal 50%,4.75,No
37611,07/12/2026 10:08 AM,Rashid,Modifiers,+ Add egg,Breakfast Sandwich,1,1.50,0.75,Staff meal 50%,0.75,No
37611,07/12/2026 10:08 AM,Rashid,Modifiers,+ Add avocado,Breakfast Sandwich,1,2.00,1.00,Staff meal 50%,1.00,No
37611,07/12/2026 10:08 AM,Rashid,Coffee & Tea,Latte,,1,5.25,2.62,Staff meal 50%,2.63,No
37612,07/12/2026 07:48 AM,Ines,Coffee & Tea,Cold Brew,,1,4.50,0.00,,4.50,No
37613,07/12/2026 12:55 PM,Kai,Lunch,Soup of the Day,,1,7.00,7.00,Comp - manager,0.00,No
37614,07/12/2026 09:44 AM,Ines,Coffee & Tea,Latte,,1,5.25,0.00,,5.25,No
37614,07/12/2026 09:44 AM,Ines,Coffee & Tea,Latte,,1,5.25,0.00,,5.25,No
37615,07/12/2026 08:45 AM,Theo,Breakfast,Breakfast Sandwich,,1,9.50,0.00,,9.50,No
37616,07/12/2026 10:50 AM,Maribel,Breakfast,Breakfast Sandwich,,1,9.50,0.00,,9.50,No
37616,07/12/2026 10:50 AM,Maribel,Modifiers,+ Add bacon,Breakfast Sandwich,1,2.50,0.00,,2.50,No
37616,07/12/2026 10:50 AM,Maribel,Breakfast,Avocado Toast,,1,11.00,0.00,,11.00,No
37616,07/12/2026 10:50 AM,Maribel,Modifiers,+ Add egg,Avocado Toast,1,1.50,0.00,,1.50,No
37616,07/12/2026 10:50 AM,Maribel,Breakfast,Avocado Toast,,1,11.00,0.00,,11.00,No
37616,07/12/2026 10:50 AM,Maribel,Modifiers,+ Add egg,Avocado Toast,1,1.50,0.00,,1.50,No
37617,07/12/2026 01:40 PM,Kai,Lunch,Turkey Club,,1,13.50,0.00,,13.50,No
37617,07/12/2026 01:40 PM,Kai,Modifiers,+ Add bacon,Turkey Club,1,2.50,0.00,,2.50,No
37618,07/12/2026 09:35 AM,Rashid,Breakfast,Avocado Toast,,1,11.00,0.00,,11.00,No
37618,07/12/2026 09:35 AM,Rashid,Coffee & Tea,Latte,,1,5.25,0.00,,5.25,No
37618,07/12/2026 09:35 AM,Rashid,Modifiers,+ Oat milk,Latte,1,0.75,0.00,,0.75,No
37618,07/12/2026 09:35 AM,Rashid,Modifiers,+ Extra shot,Latte,1,1.00,0.00,,1.00,No
37619,07/12/2026 11:51 AM,Ines,Coffee & Tea,Latte,,1,5.25,0.00,,5.25,No
37619,07/12/2026 11:51 AM,Ines,Modifiers,+ Vanilla syrup,Latte,1,0.60,0.00,,0.60,No
37619,07/12/2026 11:51 AM,Ines,Coffee & Tea,Cold Brew,,1,4.50,0.00,,0.00,Yes
37619,07/12/2026 11:51 AM,Ines,Modifiers,+ Oat milk,Cold Brew,1,0.75,0.00,,0.00,Yes
37620,07/12/2026 01:11 PM,Ines,Coffee & Tea,Cold Brew,,1,4.50,0.00,,4.50,No
37621,07/12/2026 07:12 AM,Ines,Bakery,Croissant,,1,3.75,1.88,Staff meal 50%,1.87,No
37621,07/12/2026 07:12 AM,Ines,Bakery,Blueberry Muffin,,1,3.50,1.75,Staff meal 50%,1.75,No
37622,07/12/2026 12:09 PM,Ines,Coffee & Tea,Latte,,1,5.25,0.00,,5.25,No
37622,07/12/2026 12:09 PM,Ines,Modifiers,+ Extra shot,Latte,1,1.00,0.00,,1.00,No
37622,07/12/2026 12:09 PM,Ines,Coffee & Tea,Cappuccino,,1,4.75,0.00,,4.75,No
37622,07/12/2026 12:09 PM,Ines,Modifiers,+ Extra shot,Cappuccino,1,1.00,0.00,,1.00,No
37622,07/12/2026 12:09 PM,Ines,Bakery,Blueberry Muffin,,1,3.50,0.00,,3.50,No
37623,07/12/2026 09:40 AM,Kai,Coffee & Tea,Drip Coffee,,1,3.00,0.00,,3.00,No
37623,07/12/2026 09:40 AM,Kai,Coffee & Tea,Drip Coffee,,1,3.00,0.00,,3.00,No
37624,07/12/2026 09:38 AM,Ines,Breakfast,Breakfast Sandwich,,1,9.50,0.00,,9.50,No
37624,07/12/2026 09:38 AM,Ines,Modifiers,+ Add avocado,Breakfast Sandwich,1,2.00,0.00,,2.00,No
37625,07/12/2026 11:44 AM,Ines,Coffee & Tea,Chai Tea,,1,4.75,0.00,,4.75,No
37625,07/12/2026 11:44 AM,Ines,Bakery,Blueberry Muffin,,1,3.50,0.00,,3.50,No
37626,07/12/2026 10:21 AM,Rashid,Lunch,Turkey Club,,1,13.50,0.00,,13.50,No
37626,07/12/2026 10:21 AM,Rashid,Modifiers,+ Add bacon,Turkey Club,1,2.50,0.00,,2.50,No
37627,07/12/2026 12:47 PM,Theo,Breakfast,Oatmeal Bowl,,1,7.50,0.00,,7.50,No
37627,07/12/2026 12:47 PM,Theo,Coffee & Tea,Drip Coffee,,1,3.00,0.00,,3.00,No
37627,07/12/2026 12:47 PM,Theo,Breakfast,Avocado Toast,,1,11.00,0.00,,11.00,No
37627,07/12/2026 12:47 PM,Theo,Modifiers,+ Add egg,Avocado Toast,1,1.50,0.00,,1.50,No
37628,07/12/2026 09:59 AM,Ines,Lunch,Soup of the Day,,1,7.00,0.00,,7.00,No
37628,07/12/2026 09:59 AM,Ines,Coffee & Tea,Drip Coffee,,1,3.00,0.00,,3.00,No
37628,07/12/2026 09:59 AM,Ines,Bakery,Chocolate Chip Cookie,,1,2.75,0.00,,2.75,No
37629,07/12/2026 08:59 AM,Ines,Coffee & Tea,Drip Coffee,,1,3.00,0.00,,3.00,No
37629,07/12/2026 08:59 AM,Ines,Breakfast,Breakfast Sandwich,,1,9.50,0.00,,9.50,No
37629,07/12/2026 08:59 AM,Ines,Modifiers,+ Add bacon,Breakfast Sandwich,1,2.50,0.00,,2.50,No
37629,07/12/2026 08:59 AM,Ines,Modifiers,+ Add egg,Breakfast Sandwich,1,1.50,0.00,,1.50,No
37630,07/12/2026 11:35 AM,Kai,Coffee & Tea,Cold Brew,,1,4.50,2.25,Staff meal 50%,2.25,No
37630,07/12/2026 11:35 AM,Kai,Modifiers,+ Oat milk,Cold Brew,1,0.75,0.38,Staff meal 50%,0.37,No
37630,07/12/2026 11:35 AM,Kai,Modifiers,+ Vanilla syrup,Cold Brew,1,0.60,0.30,Staff meal 50%,0.30,No
37630,07/12/2026 11:35 AM,Kai,Coffee & Tea,Drip Coffee,,1,3.00,1.50,Staff meal 50%,1.50,No
37631,07/12/2026 11:22 AM,Rashid,Bakery,Blueberry Muffin,,1,3.50,0.00,,3.50,No
37631,07/12/2026 11:22 AM,Rashid,Coffee & Tea,Latte,,1,5.25,0.00,,5.25,No
37632,07/12/2026 02:16 PM,Rashid,Bakery,Chocolate Chip Cookie,,1,2.75,0.00,,2.75,No
37633,07/12/2026 01:34 PM,Ines,Coffee & Tea,Latte,,1,5.25,0.00,,5.25,No
37633,07/12/2026 01:34 PM,Ines,Coffee & Tea,Drip Coffee,,1,3.00,0.00,,3.00,No
37633,07/12/2026 01:34 PM,Ines,Lunch,Soup of the Day,,1,7.00,0.00,,7.00,No
37634,07/12/2026 02:26 PM,Theo,Bakery,Blueberry Muffin,,1,3.50,0.00,,3.50,No
37634,07/12/2026 02:26 PM,Theo,Coffee & Tea,Latte,,1,5.25,0.00,,5.25,No
37634,07/12/2026 02:26 PM,Theo,Modifiers,+ Oat milk,Latte,1,0.75,0.00,,0.75,No
37634,07/12/2026 02:26 PM,Theo,Modifiers,+ Extra shot,Latte,1,1.00,0.00,,1.00,No
37634,07/12/2026 02:26 PM,Theo,Modifiers,+ Vanilla syrup,Latte,1,0.60,0.00,,0.60,No
37635,07/12/2026 11:47 AM,Maribel,Breakfast,Avocado Toast,,1,11.00,0.00,,11.00,No
37635,07/12/2026 11:47 AM,Maribel,Coffee & Tea,Drip Coffee,,1,3.00,0.00,,3.00,No
37635,07/12/2026 11:47 AM,Maribel,Lunch,Turkey Club,,1,13.50,0.00,,13.50,No
37636,07/12/2026 11:25 AM,Rashid,Bakery,Blueberry Muffin,,1,3.50,0.00,,3.50,No
37636,07/12/2026 11:25 AM,Rashid,Breakfast,Breakfast Sandwich,,1,9.50,0.00,,9.50,No
37636,07/12/2026 11:25 AM,Rashid,Modifiers,+ Add bacon,Breakfast Sandwich,1,2.50,0.00,,2.50,No
37637,07/13/2026 07:39 AM,Maribel,Bakery,Croissant,,1,3.75,0.00,,3.75,No
37637,07/13/2026 07:39 AM,Maribel,Breakfast,Oatmeal Bowl,,1,7.50,0.00,,7.50,No
37638,07/13/2026 12:42 PM,Kai,Coffee & Tea,Cold Brew,,1,4.50,0.00,,4.50,No
37638,07/13/2026 12:42 PM,Kai,Modifiers,+ Vanilla syrup,Cold Brew,1,0.60,0.00,,0.60,No
37638,07/13/2026 12:42 PM,Kai,Breakfast,Oatmeal Bowl,,1,7.50,0.00,,7.50,No
37639,07/13/2026 10:58 AM,Maribel,Lunch,Soup of the Day,,1,7.00,0.00,,7.00,No
37639,07/13/2026 10:58 AM,Maribel,Coffee & Tea,Chai Tea,,1,4.75,0.00,,4.75,No
37639,07/13/2026 10:58 AM,Maribel,Lunch,Soup of the Day,,1,7.00,0.00,,7.00,No
37640,07/13/2026 07:42 AM,Kai,Coffee & Tea,Drip Coffee,,1,3.00,0.00,,3.00,No
37640,07/13/2026 07:42 AM,Kai,Coffee & Tea,Latte,,1,5.25,0.00,,5.25,No
37640,07/13/2026 07:42 AM,Kai,Modifiers,+ Vanilla syrup,Latte,1,0.60,0.00,,0.60,No
37641,07/13/2026 10:43 AM,Kai,Breakfast,Breakfast Sandwich,,1,9.50,0.00,,9.50,No
37641,07/13/2026 10:43 AM,Kai,Modifiers,+ Add bacon,Breakfast Sandwich,1,2.50,0.00,,2.50,No
37642,07/13/2026 08:38 AM,Rashid,Breakfast,Breakfast Sandwich,,1,9.50,0.00,,9.50,No
37642,07/13/2026 08:38 AM,Rashid,Coffee & Tea,Chai Tea,,1,4.75,0.00,,4.75,No
37643,07/13/2026 07:54 AM,Kai,Bakery,Croissant,,1,3.75,0.00,,3.75,No
37643,07/13/2026 07:54 AM,Kai,Breakfast,Breakfast Sandwich,,1,9.50,0.00,,9.50,No
37643,07/13/2026 07:54 AM,Kai,Coffee & Tea,Drip Coffee,,1,3.00,0.00,,3.00,No
37644,07/13/2026 07:11 AM,Rashid,Bakery,Croissant,,1,3.75,0.00,,3.75,No
37645,07/13/2026 07:09 AM,Theo,Coffee & Tea,Drip Coffee,,1,3.00,0.00,,3.00,No
37645,07/13/2026 07:09 AM,Theo,Breakfast,Oatmeal Bowl,,1,7.50,0.00,,7.50,No
37646,07/13/2026 02:17 PM,Maribel,Coffee & Tea,Drip Coffee,,1,3.00,0.00,,3.00,No
37647,07/13/2026 07:48 AM,Kai,Bakery,Croissant,,1,3.75,0.00,,3.75,No
37647,07/13/2026 07:48 AM,Kai,Bakery,Croissant,,1,3.75,0.00,,3.75,No
37647,07/13/2026 07:48 AM,Kai,Coffee & Tea,Cappuccino,,1,4.75,0.00,,4.75,No
37647,07/13/2026 07:48 AM,Kai,Modifiers,+ Extra shot,Cappuccino,1,1.00,0.00,,1.00,No
37648,07/13/2026 01:24 PM,Maribel,Lunch,Turkey Club,,1,13.50,0.00,,13.50,No
37649,07/13/2026 11:36 AM,Ines,Lunch,Turkey Club,,1,13.50,0.00,,13.50,No
37649,07/13/2026 11:36 AM,Ines,Coffee & Tea,Latte,,1,5.25,0.00,,5.25,No
37649,07/13/2026 11:36 AM,Ines,Breakfast,Avocado Toast,,1,11.00,0.00,,11.00,No
37650,07/13/2026 10:02 AM,Rashid,Breakfast,Breakfast Sandwich,,1,9.50,0.00,,9.50,No
37650,07/13/2026 10:02 AM,Rashid,Breakfast,Avocado Toast,,1,11.00,0.00,,11.00,No
37651,07/13/2026 11:02 AM,Maribel,Breakfast,Avocado Toast,,1,11.00,0.00,,11.00,No
37651,07/13/2026 11:02 AM,Maribel,Breakfast,Breakfast Sandwich,,1,9.50,0.00,,9.50,No
37652,07/13/2026 01:12 PM,Theo,Coffee & Tea,Cappuccino,,1,4.75,0.00,,4.75,No
37652,07/13/2026 01:12 PM,Theo,Coffee & Tea,Cold Brew,,1,4.50,0.00,,4.50,No
37652,07/13/2026 01:12 PM,Theo,Modifiers,+ Vanilla syrup,Cold Brew,1,0.60,0.00,,0.60,No
37653,07/13/2026 02:20 PM,Theo,Coffee & Tea,Cold Brew,,1,4.50,0.00,,4.50,No
37653,07/13/2026 02:20 PM,Theo,Modifiers,+ Oat milk,Cold Brew,1,0.75,0.00,,0.75,No
37653,07/13/2026 02:20 PM,Theo,Bakery,Croissant,,1,3.75,0.00,,3.75,No
37653,07/13/2026 02:20 PM,Theo,Coffee & Tea,Latte,,1,5.25,0.00,,5.25,No
37654,07/13/2026 10:02 AM,Theo,Breakfast,Avocado Toast,,1,11.00,0.00,,11.00,No
37655,07/13/2026 07:03 AM,Maribel,Coffee & Tea,Latte,,1,5.25,0.00,,5.25,No
37655,07/13/2026 07:03 AM,Maribel,Modifiers,+ Oat milk,Latte,1,0.75,0.00,,0.75,No
37656,07/13/2026 01:00 PM,Ines,Coffee & Tea,Latte,,1,5.25,0.00,,5.25,No
37656,07/13/2026 01:00 PM,Ines,Breakfast,Avocado Toast,,1,11.00,0.00,,11.00,No
37656,07/13/2026 01:00 PM,Ines,Breakfast,Breakfast Sandwich,,1,9.50,0.00,,9.50,No
37656,07/13/2026 01:00 PM,Ines,Modifiers,+ Add bacon,Breakfast Sandwich,1,2.50,0.00,,2.50,No
37656,07/13/2026 01:00 PM,Ines,Modifiers,+ Add egg,Breakfast Sandwich,1,1.50,0.00,,1.50,No
37657,07/13/2026 02:41 PM,Ines,Coffee & Tea,Drip Coffee,,1,3.00,0.00,,3.00,No
37657,07/13/2026 02:41 PM,Ines,Coffee & Tea,Drip Coffee,,1,3.00,0.00,,3.00,No
37657,07/13/2026 02:41 PM,Ines,Breakfast,Breakfast Sandwich,,1,9.50,0.00,,9.50,No
37657,07/13/2026 02:41 PM,Ines,Modifiers,+ Add bacon,Breakfast Sandwich,1,2.50,0.00,,2.50,No
37658,07/13/2026 11:44 AM,Maribel,Coffee & Tea,Drip Coffee,,1,3.00,3.00,Comp - manager,0.00,No
37659,07/13/2026 09:27 AM,Ines,Coffee & Tea,Drip Coffee,,1,3.00,0.00,,3.00,No
37660,07/13/2026 11:09 AM,Rashid,Coffee & Tea,Latte,,1,5.25,0.00,,5.25,No
37660,07/13/2026 11:09 AM,Rashid,Modifiers,+ Extra shot,Latte,1,1.00,0.00,,1.00,No
37660,07/13/2026 11:09 AM,Rashid,Coffee & Tea,Chai Tea,,1,4.75,0.00,,4.75,No
37661,07/13/2026 10:10 AM,Rashid,Coffee & Tea,Latte,,1,5.25,0.00,,5.25,No
37661,07/13/2026 10:10 AM,Rashid,Modifiers,+ Extra shot,Latte,1,1.00,0.00,,1.00,No
37661,07/13/2026 10:10 AM,Rashid,Coffee & Tea,Drip Coffee,,1,3.00,0.00,,3.00,No
37662,07/13/2026 12:51 PM,Maribel,Coffee & Tea,Cold Brew,,1,4.50,0.00,,4.50,No
37662,07/13/2026 12:51 PM,Maribel,Coffee & Tea,Latte,,1,5.25,0.00,,5.25,No
37662,07/13/2026 12:51 PM,Maribel,Bakery,Croissant,,1,3.75,3.75,Comp - manager,0.00,No
37663,07/13/2026 02:52 PM,Rashid,Breakfast,Avocado Toast,,1,11.00,0.00,,11.00,No
37663,07/13/2026 02:52 PM,Rashid,Lunch,Turkey Club,,1,13.50,0.00,,13.50,No
37663,07/13/2026 02:52 PM,Rashid,Bakery,Blueberry Muffin,,1,3.50,0.00,,3.50,No
37664,07/13/2026 11:31 AM,Ines,Lunch,Greek Salad,,1,12.00,0.00,,12.00,No
37664,07/13/2026 11:31 AM,Ines,Coffee & Tea,Latte,,1,5.25,0.00,,5.25,No
37664,07/13/2026 11:31 AM,Ines,Modifiers,+ Oat milk,Latte,1,0.75,0.00,,0.75,No
37664,07/13/2026 11:31 AM,Ines,Modifiers,+ Extra shot,Latte,1,1.00,0.00,,1.00,No
37664,07/13/2026 11:31 AM,Ines,Coffee & Tea,Chai Tea,,1,4.75,0.00,,4.75,No
37665,07/13/2026 02:30 PM,Rashid,Breakfast,Avocado Toast,,1,11.00,0.00,,11.00,No
37665,07/13/2026 02:30 PM,Rashid,Coffee & Tea,Cappuccino,,1,4.75,0.00,,4.75,No
37665,07/13/2026 02:30 PM,Rashid,Modifiers,+ Oat milk,Cappuccino,1,0.75,0.00,,0.75,No
37666,07/13/2026 09:13 AM,Rashid,Lunch,Soup of the Day,,1,7.00,0.00,,7.00,No
37666,07/13/2026 09:13 AM,Rashid,Coffee & Tea,Cold Brew,,1,4.50,0.00,,4.50,No
37666,07/13/2026 09:13 AM,Rashid,Coffee & Tea,Latte,,1,5.25,0.00,,5.25,No
37667,07/13/2026 11:47 AM,Kai,Coffee & Tea,Latte,,1,5.25,0.00,,5.25,No
37667,07/13/2026 11:47 AM,Kai,Modifiers,+ Vanilla syrup,Latte,1,0.60,0.00,,0.60,No
37667,07/13/2026 11:47 AM,Kai,Bakery,Blueberry Muffin,,1,3.50,0.00,,3.50,No
37667,07/13/2026 11:47 AM,Kai,Coffee & Tea,Latte,,1,5.25,0.00,,5.25,No
37667,07/13/2026 11:47 AM,Kai,Modifiers,+ Vanilla syrup,Latte,1,0.60,0.00,,0.60,No
37668,07/13/2026 07:32 AM,Theo,Coffee & Tea,Latte,,1,5.25,0.00,,5.25,No
37668,07/13/2026 07:32 AM,Theo,Bakery,Chocolate Chip Cookie,,1,2.75,0.00,,2.75,No
37669,07/13/2026 08:44 AM,Ines,Lunch,Soup of the Day,,1,7.00,0.00,,7.00,No
37669,07/13/2026 08:44 AM,Ines,Lunch,Turkey Club,,1,13.50,0.00,,13.50,No
37669,07/13/2026 08:44 AM,Ines,Coffee & Tea,Drip Coffee,,1,3.00,0.00,,3.00,No
37670,07/13/2026 09:47 AM,Rashid,Coffee & Tea,Cold Brew,,1,4.50,0.00,,4.50,No
37671,07/13/2026 10:05 AM,Maribel,Bakery,Blueberry Muffin,,1,3.50,0.00,,3.50,No
37671,07/13/2026 10:05 AM,Maribel,Lunch,Turkey Club,,1,13.50,0.00,,13.50,No
37672,07/13/2026 11:29 AM,Theo,Coffee & Tea,Cold Brew,,1,4.50,0.00,,4.50,No
37672,07/13/2026 11:29 AM,Theo,Modifiers,+ Oat milk,Cold Brew,1,0.75,0.00,,0.75,No
37672,07/13/2026 11:29 AM,Theo,Bakery,Croissant,,1,3.75,0.00,,3.75,No
37673,07/13/2026 07:13 AM,Kai,Coffee & Tea,Latte,,1,5.25,0.00,,5.25,No
37673,07/13/2026 07:13 AM,Kai,Modifiers,+ Oat milk,Latte,1,0.75,0.00,,0.75,No
37673,07/13/2026 07:13 AM,Kai,Modifiers,+ Extra shot,Latte,1,1.00,0.00,,1.00,No
37674,07/13/2026 09:51 AM,Theo,Coffee & Tea,Drip Coffee,,1,3.00,0.00,,3.00,No
37674,07/13/2026 09:51 AM,Theo,Bakery,Croissant,,1,3.75,0.00,,3.75,No
37675,07/13/2026 12:10 PM,Ines,Lunch,Turkey Club,,1,13.50,6.75,Staff meal 50%,6.75,No
37675,07/13/2026 12:10 PM,Ines,Coffee & Tea,Latte,,1,5.25,2.62,Staff meal 50%,2.63,No
37676,07/13/2026 07:21 AM,Kai,Bakery,Blueberry Muffin,,1,3.50,0.00,,3.50,No
37677,07/13/2026 11:28 AM,Rashid,Coffee & Tea,Drip Coffee,,1,3.00,0.00,,3.00,No
37677,07/13/2026 11:28 AM,Rashid,Coffee & Tea,Drip Coffee,,1,3.00,0.00,,3.00,No
37678,07/13/2026 09:55 AM,Ines,Lunch,Greek Salad,,1,12.00,0.00,,12.00,No
37678,07/13/2026 09:55 AM,Ines,Coffee & Tea,Drip Coffee,,1,3.00,0.00,,3.00,No
37679,07/13/2026 12:53 PM,Maribel,Coffee & Tea,Chai Tea,,1,4.75,0.00,,4.75,No
37679,07/13/2026 12:53 PM,Maribel,Coffee & Tea,Chai Tea,,1,4.75,0.00,,4.75,No
37680,07/13/2026 02:16 PM,Kai,Bakery,Blueberry Muffin,,1,3.50,0.00,,3.50,No
37680,07/13/2026 02:16 PM,Kai,Breakfast,Breakfast Sandwich,,1,9.50,0.00,,9.50,No
37680,07/13/2026 02:16 PM,Kai,Modifiers,+ Add bacon,Breakfast Sandwich,1,2.50,0.00,,2.50,No
37680,07/13/2026 02:16 PM,Kai,Modifiers,+ Add egg,Breakfast Sandwich,1,1.50,0.00,,1.50,No
37681,07/13/2026 01:11 PM,Theo,Bakery,Chocolate Chip Cookie,,1,2.75,0.00,,2.75,No
37681,07/13/2026 01:11 PM,Theo,Coffee & Tea,Cappuccino,,1,4.75,0.00,,4.75,No
37681,07/13/2026 01:11 PM,Theo,Lunch,Turkey Club,,1,13.50,0.00,,13.50,No
37682,07/13/2026 08:46 AM,Theo,Lunch,Greek Salad,,1,12.00,0.00,,12.00,No
37682,07/13/2026 08:46 AM,Theo,Lunch,Greek Salad,,1,12.00,0.00,,12.00,No
37682,07/13/2026 08:46 AM,Theo,Bakery,Chocolate Chip Cookie,,1,2.75,0.00,,2.75,No
37683,07/14/2026 11:30 AM,Theo,Bakery,Croissant,,1,3.75,0.00,,3.75,No
37683,07/14/2026 11:30 AM,Theo,Bakery,Croissant,,1,3.75,0.00,,3.75,No
37684,07/14/2026 09:54 AM,Ines,Coffee & Tea,Cappuccino,,1,4.75,0.00,,4.75,No
37684,07/14/2026 09:54 AM,Ines,Modifiers,+ Oat milk,Cappuccino,1,0.75,0.00,,0.75,No
37684,07/14/2026 09:54 AM,Ines,Bakery,Blueberry Muffin,,1,3.50,0.00,,3.50,No
37685,07/14/2026 01:24 PM,Kai,Coffee & Tea,Chai Tea,,1,4.75,0.00,,4.75,No
37686,07/14/2026 01:26 PM,Maribel,Breakfast,Oatmeal Bowl,,1,7.50,0.00,,7.50,No
37686,07/14/2026 01:26 PM,Maribel,Coffee & Tea,Drip Coffee,,1,3.00,0.00,,3.00,No
37687,07/14/2026 01:30 PM,Ines,Breakfast,Breakfast Sandwich,,1,9.50,0.00,,9.50,No
37687,07/14/2026 01:30 PM,Ines,Coffee & Tea,Drip Coffee,,1,3.00,0.00,,3.00,No
37688,07/14/2026 11:27 AM,Kai,Coffee & Tea,Latte,,1,5.25,0.00,,5.25,No
37689,07/14/2026 09:01 AM,Ines,Coffee & Tea,Cappuccino,,1,4.75,0.00,,4.75,No
37689,07/14/2026 09:01 AM,Ines,Modifiers,+ Oat milk,Cappuccino,1,0.75,0.00,,0.75,No
37690,07/14/2026 10:08 AM,Theo,Coffee & Tea,Drip Coffee,,1,3.00,0.00,,3.00,No
37691,07/14/2026 08:55 AM,Rashid,Bakery,Blueberry Muffin,,1,3.50,0.00,,3.50,No
37692,07/14/2026 11:36 AM,Rashid,Bakery,Chocolate Chip Cookie,,1,2.75,0.00,,2.75,No
37693,07/14/2026 08:21 AM,Kai,Coffee & Tea,Cold Brew,,1,4.50,0.00,,4.50,No
37693,07/14/2026 08:21 AM,Kai,Lunch,Greek Salad,,1,12.00,0.00,,12.00,No
37693,07/14/2026 08:21 AM,Kai,Breakfast,Breakfast Sandwich,,1,9.50,0.00,,9.50,No
37693,07/14/2026 08:21 AM,Kai,Modifiers,+ Add bacon,Breakfast Sandwich,1,2.50,0.00,,2.50,No
37693,07/14/2026 08:21 AM,Kai,Modifiers,+ Add avocado,Breakfast Sandwich,1,2.00,0.00,,2.00,No
37694,07/14/2026 12:01 PM,Theo,Bakery,Chocolate Chip Cookie,,1,2.75,0.00,,2.75,No
37695,07/14/2026 01:49 PM,Theo,Coffee & Tea,Chai Tea,,1,4.75,0.00,,4.75,No
37696,07/14/2026 08:33 AM,Ines,Bakery,Chocolate Chip Cookie,,1,2.75,0.00,,2.75,No
37696,07/14/2026 08:33 AM,Ines,Coffee & Tea,Drip Coffee,,1,3.00,0.00,,3.00,No
37697,07/14/2026 09:35 AM,Rashid,Coffee & Tea,Cold Brew,,1,4.50,0.00,,4.50,No
37697,07/14/2026 09:35 AM,Rashid,Bakery,Chocolate Chip Cookie,,1,2.75,0.00,,2.75,No
37698,07/14/2026 10:21 AM,Kai,Breakfast,Avocado Toast,,1,11.00,0.00,,11.00,No
37698,07/14/2026 10:21 AM,Kai,Coffee & Tea,Cold Brew,,1,4.50,0.00,,4.50,No
37698,07/14/2026 10:21 AM,Kai,Modifiers,+ Oat milk,Cold Brew,1,0.75,0.00,,0.75,No
37698,07/14/2026 10:21 AM,Kai,Coffee & Tea,Latte,,1,5.25,0.00,,5.25,No
37698,07/14/2026 10:21 AM,Kai,Modifiers,+ Extra shot,Latte,1,1.00,0.00,,1.00,No
37699,07/14/2026 07:34 AM,Maribel,Breakfast,Avocado Toast,,1,11.00,0.00,,11.00,No
37700,07/14/2026 07:02 AM,Theo,Coffee & Tea,Cold Brew,,1,4.50,0.00,,4.50,No
37700,07/14/2026 07:02 AM,Theo,Modifiers,+ Oat milk,Cold Brew,1,0.75,0.00,,0.75,No
37701,07/14/2026 11:47 AM,Theo,Coffee & Tea,Latte,,1,5.25,0.00,,5.25,No
37701,07/14/2026 11:47 AM,Theo,Modifiers,+ Oat milk,Latte,1,0.75,0.00,,0.75,No
37702,07/14/2026 07:56 AM,Kai,Coffee & Tea,Drip Coffee,,1,3.00,0.00,,3.00,No
37703,07/14/2026 07:11 AM,Maribel,Lunch,Turkey Club,,1,13.50,0.00,,13.50,No
37703,07/14/2026 07:11 AM,Maribel,Breakfast,Breakfast Sandwich,,1,9.50,0.00,,9.50,No
37703,07/14/2026 07:11 AM,Maribel,Lunch,Turkey Club,,1,13.50,0.00,,13.50,No
37703,07/14/2026 07:11 AM,Maribel,Modifiers,+ Add bacon,Turkey Club,1,2.50,0.00,,2.50,No
37704,07/14/2026 02:41 PM,Ines,Coffee & Tea,Drip Coffee,,1,3.00,0.00,,3.00,No
37704,07/14/2026 02:41 PM,Ines,Bakery,Croissant,,1,3.75,0.00,,3.75,No
37705,07/14/2026 12:00 PM,Ines,Lunch,Turkey Club,,1,13.50,0.00,,13.50,No
37706,07/14/2026 10:40 AM,Maribel,Coffee & Tea,Latte,,1,5.25,0.00,,5.25,No
37706,07/14/2026 10:40 AM,Maribel,Modifiers,+ Vanilla syrup,Latte,1,0.60,0.00,,0.60,No
37707,07/14/2026 07:27 AM,Ines,Coffee & Tea,Drip Coffee,,1,3.00,0.00,,3.00,No
37708,07/14/2026 01:24 PM,Theo,Breakfast,Avocado Toast,,1,11.00,0.00,,11.00,No
37709,07/14/2026 09:47 AM,Kai,Coffee & Tea,Latte,,1,5.25,2.62,Staff meal 50%,2.63,No
37710,07/14/2026 09:39 AM,Theo,Breakfast,Avocado Toast,,1,11.00,0.00,,11.00,No
37711,07/14/2026 08:57 AM,Ines,Coffee & Tea,Drip Coffee,,1,3.00,0.00,,3.00,No
37711,07/14/2026 08:57 AM,Ines,Lunch,Greek Salad,,1,12.00,0.00,,12.00,No
37711,07/14/2026 08:57 AM,Ines,Coffee & Tea,Latte,,1,5.25,0.00,,5.25,No
37712,07/14/2026 07:29 AM,Kai,Breakfast,Avocado Toast,,1,11.00,11.00,Comp - manager,0.00,No
37712,07/14/2026 07:29 AM,Kai,Modifiers,+ Gluten-free bread,Avocado Toast,1,1.50,1.50,Comp - manager,0.00,No
37712,07/14/2026 07:29 AM,Kai,Lunch,Greek Salad,,1,12.00,12.00,Comp - manager,0.00,No
37713,07/14/2026 02:33 PM,Rashid,Coffee & Tea,Drip Coffee,,1,3.00,0.00,,3.00,No
37714,07/14/2026 09:55 AM,Ines,Coffee & Tea,Latte,,1,5.25,0.00,,5.25,No
37714,07/14/2026 09:55 AM,Ines,Breakfast,Breakfast Sandwich,,1,9.50,0.00,,9.50,No
37715,07/14/2026 07:26 AM,Theo,Bakery,Croissant,,1,3.75,0.00,,3.75,No
37715,07/14/2026 07:26 AM,Theo,Bakery,Blueberry Muffin,,1,3.50,0.00,,3.50,No
37716,07/14/2026 10:40 AM,Rashid,Coffee & Tea,Cappuccino,,1,4.75,0.00,,4.75,No
37717,07/14/2026 08:14 AM,Ines,Lunch,Turkey Club,,1,13.50,0.00,,13.50,No
37717,07/14/2026 08:14 AM,Ines,Modifiers,+ No onions,Turkey Club,1,0.00,0.00,,0.00,No
37717,07/14/2026 08:14 AM,Ines,Bakery,Croissant,,1,3.75,0.00,,3.75,No
37718,07/14/2026 01:14 PM,Theo,Breakfast,Oatmeal Bowl,,1,7.50,0.00,,7.50,No
37718,07/14/2026 01:14 PM,Theo,Bakery,Croissant,,1,3.75,0.00,,3.75,No
37719,07/14/2026 08:22 AM,Rashid,Coffee & Tea,Drip Coffee,,1,3.00,0.00,,3.00,No
37720,07/14/2026 09:06 AM,Rashid,Coffee & Tea,Cappuccino,,1,4.75,0.00,,4.75,No
37721,07/14/2026 09:01 AM,Rashid,Breakfast,Oatmeal Bowl,,1,7.50,0.00,,7.50,No
37721,07/14/2026 09:01 AM,Rashid,Coffee & Tea,Cappuccino,,1,4.75,0.00,,4.75,No
37722,07/14/2026 11:52 AM,Theo,Coffee & Tea,Chai Tea,,1,4.75,0.00,,4.75,No
37722,07/14/2026 11:52 AM,Theo,Lunch,Soup of the Day,,1,7.00,0.00,,7.00,No
37722,07/14/2026 11:52 AM,Theo,Breakfast,Avocado Toast,,1,11.00,0.00,,11.00,No
37723,07/14/2026 12:36 PM,Kai,Coffee & Tea,Drip Coffee,,1,3.00,0.00,,3.00,No
37724,07/14/2026 07:58 AM,Theo,Bakery,Croissant,,1,3.75,0.00,,3.75,No
37724,07/14/2026 07:58 AM,Theo,Coffee & Tea,Drip Coffee,,1,3.00,0.00,,3.00,No
37725,07/14/2026 07:03 AM,Kai,Coffee & Tea,Cappuccino,,1,4.75,0.00,,4.75,No
37726,07/14/2026 02:17 PM,Theo,Coffee & Tea,Cappuccino,,1,4.75,0.00,,4.75,No
37727,07/14/2026 09:56 AM,Maribel,Lunch,Greek Salad,,1,12.00,0.00,,12.00,No
37728,07/14/2026 09:26 AM,Theo,Coffee & Tea,Cappuccino,,1,4.75,0.00,,4.75,No
37728,07/14/2026 09:26 AM,Theo,Coffee & Tea,Drip Coffee,,1,3.00,0.00,,3.00,No
37729,07/14/2026 08:48 AM,Rashid,Coffee & Tea,Cold Brew,,1,4.50,2.25,Staff meal 50%,2.25,No
37729,07/14/2026 08:48 AM,Rashid,Modifiers,+ Oat milk,Cold Brew,1,0.75,0.38,Staff meal 50%,0.37,No
37729,07/14/2026 08:48 AM,Rashid,Coffee & Tea,Cappuccino,,1,4.75,4.75,Comp - manager,0.00,No
37729,07/14/2026 08:48 AM,Rashid,Modifiers,+ Oat milk,Cappuccino,1,0.75,0.75,Comp - manager,0.00,No
37729,07/14/2026 08:48 AM,Rashid,Modifiers,+ Extra shot,Cappuccino,1,1.00,1.00,Comp - manager,0.00,No
37730,07/14/2026 07:11 AM,Maribel,Breakfast,Breakfast Sandwich,,1,9.50,0.00,,9.50,No
37731,07/14/2026 09:37 AM,Theo,Coffee & Tea,Latte,,1,5.25,0.00,,5.25,No
37731,07/14/2026 09:37 AM,Theo,Modifiers,+ Extra shot,Latte,1,1.00,0.00,,1.00,No
37731,07/14/2026 09:37 AM,Theo,Coffee & Tea,Drip Coffee,,1,3.00,0.00,,3.00,No
37732,07/15/2026 02:47 PM,Rashid,Coffee & Tea,Drip Coffee,,1,3.00,0.00,,3.00,No
37732,07/15/2026 02:47 PM,Rashid,Coffee & Tea,Cold Brew,,1,4.50,0.00,,4.50,No
37733,07/15/2026 09:15 AM,Kai,Bakery,Croissant,,1,3.75,0.00,,3.75,No
37734,07/15/2026 07:02 AM,Ines,Coffee & Tea,Drip Coffee,,1,3.00,0.00,,3.00,No
37734,07/15/2026 07:02 AM,Ines,Bakery,Blueberry Muffin,,1,3.50,0.00,,3.50,No
37735,07/15/2026 08:55 AM,Maribel,Bakery,Chocolate Chip Cookie,,1,2.75,0.00,,2.75,No
37735,07/15/2026 08:55 AM,Maribel,Coffee & Tea,Latte,,1,5.25,0.00,,5.25,No
37735,07/15/2026 08:55 AM,Maribel,Breakfast,Avocado Toast,,1,11.00,0.00,,11.00,No
37736,07/15/2026 10:00 AM,Maribel,Bakery,Croissant,,1,3.75,0.00,,3.75,No
37737,07/15/2026 12:31 PM,Ines,Breakfast,Avocado Toast,,1,11.00,0.00,,11.00,No
37737,07/15/2026 12:31 PM,Ines,Modifiers,+ Add egg,Avocado Toast,1,1.50,0.00,,1.50,No
37737,07/15/2026 12:31 PM,Ines,Modifiers,+ Gluten-free bread,Avocado Toast,1,1.50,0.00,,1.50,No
37737,07/15/2026 12:31 PM,Ines,Coffee & Tea,Cappuccino,,1,4.75,0.00,,4.75,No
37738,07/15/2026 12:24 PM,Theo,Breakfast,Breakfast Sandwich,,1,9.50,0.00,,9.50,No
37738,07/15/2026 12:24 PM,Theo,Modifiers,+ Add bacon,Breakfast Sandwich,1,2.50,0.00,,2.50,No
37739,07/15/2026 01:44 PM,Kai,Lunch,Soup of the Day,,1,7.00,3.50,Staff meal 50%,3.50,No
37739,07/15/2026 01:44 PM,Kai,Bakery,Croissant,,1,3.75,1.88,Staff meal 50%,1.87,No
37740,07/15/2026 11:22 AM,Kai,Coffee & Tea,Cold Brew,,1,4.50,0.00,,4.50,No
37741,07/15/2026 12:02 PM,Theo,Breakfast,Breakfast Sandwich,,1,9.50,0.00,,9.50,No
37741,07/15/2026 12:02 PM,Theo,Coffee & Tea,Drip Coffee,,1,3.00,0.00,,3.00,No
37741,07/15/2026 12:02 PM,Theo,Breakfast,Oatmeal Bowl,,1,7.50,0.00,,7.50,No
37742,07/15/2026 01:30 PM,Theo,Coffee & Tea,Latte,,1,5.25,0.00,,5.25,No
37742,07/15/2026 01:30 PM,Theo,Modifiers,+ Oat milk,Latte,1,0.75,0.00,,0.75,No
37742,07/15/2026 01:30 PM,Theo,Modifiers,+ Extra shot,Latte,1,1.00,0.00,,1.00,No
37743,07/15/2026 02:14 PM,Kai,Breakfast,Breakfast Sandwich,,1,9.50,0.00,,9.50,No
37743,07/15/2026 02:14 PM,Kai,Coffee & Tea,Cappuccino,,1,4.75,0.00,,4.75,No
37743,07/15/2026 02:14 PM,Kai,Breakfast,Avocado Toast,,1,11.00,0.00,,11.00,No
37744,07/15/2026 01:50 PM,Rashid,Coffee & Tea,Latte,,1,5.25,5.25,Comp - manager,0.00,No
37744,07/15/2026 01:50 PM,Rashid,Modifiers,+ Oat milk,Latte,1,0.75,0.75,Comp - manager,0.00,No
37745,07/15/2026 02:26 PM,Kai,Bakery,Chocolate Chip Cookie,,1,2.75,1.38,Staff meal 50%,1.37,No
37746,07/15/2026 09:35 AM,Rashid,Coffee & Tea,Cold Brew,,1,4.50,0.00,,4.50,No
37746,07/15/2026 09:35 AM,Rashid,Modifiers,+ Oat milk,Cold Brew,1,0.75,0.00,,0.75,No
37746,07/15/2026 09:35 AM,Rashid,Breakfast,Oatmeal Bowl,,1,7.50,0.00,,7.50,No
37746,07/15/2026 09:35 AM,Rashid,Bakery,Chocolate Chip Cookie,,1,2.75,0.00,,2.75,No
37747,07/15/2026 12:44 PM,Maribel,Coffee & Tea,Cold Brew,,1,4.50,0.00,,4.50,No
37747,07/15/2026 12:44 PM,Maribel,Modifiers,+ Vanilla syrup,Cold Brew,1,0.60,0.00,,0.60,No
37747,07/15/2026 12:44 PM,Maribel,Bakery,Blueberry Muffin,,1,3.50,0.00,,3.50,No
37748,07/15/2026 11:00 AM,Theo,Coffee & Tea,Cold Brew,,1,4.50,0.00,,4.50,No
37748,07/15/2026 11:00 AM,Theo,Modifiers,+ Vanilla syrup,Cold Brew,1,0.60,0.00,,0.60,No
37748,07/15/2026 11:00 AM,Theo,Coffee & Tea,Latte,,1,5.25,0.00,,5.25,No
37748,07/15/2026 11:00 AM,Theo,Modifiers,+ Vanilla syrup,Latte,1,0.60,0.00,,0.60,No
37749,07/15/2026 07:57 AM,Theo,Bakery,Blueberry Muffin,,1,3.50,0.00,,3.50,No
37750,07/15/2026 01:43 PM,Ines,Coffee & Tea,Latte,,1,5.25,0.00,,5.25,No
37751,07/15/2026 12:49 PM,Theo,Bakery,Croissant,,1,3.75,0.00,,3.75,No
37751,07/15/2026 12:49 PM,Theo,Bakery,Blueberry Muffin,,1,3.50,0.00,,3.50,No
37751,07/15/2026 12:49 PM,Theo,Coffee & Tea,Drip Coffee,,1,3.00,0.00,,3.00,No
37752,07/15/2026 07:40 AM,Maribel,Coffee & Tea,Latte,,1,5.25,0.00,,5.25,No
37752,07/15/2026 07:40 AM,Maribel,Modifiers,+ Oat milk,Latte,1,0.75,0.00,,0.75,No
37753,07/15/2026 01:20 PM,Rashid,Bakery,Chocolate Chip Cookie,,1,2.75,0.00,,2.75,No
37753,07/15/2026 01:20 PM,Rashid,Coffee & Tea,Drip Coffee,,1,3.00,0.00,,3.00,No
37754,07/15/2026 12:29 PM,Rashid,Lunch,Turkey Club,,1,13.50,0.00,,13.50,No
37754,07/15/2026 12:29 PM,Rashid,Bakery,Croissant,,1,3.75,0.00,,3.75,No
37754,07/15/2026 12:29 PM,Rashid,Coffee & Tea,Latte,,1,5.25,0.00,,5.25,No
37754,07/15/2026 12:29 PM,Rashid,Modifiers,+ Vanilla syrup,Latte,1,0.60,0.00,,0.60,No
37755,07/15/2026 11:41 AM,Rashid,Lunch,Soup of the Day,,1,7.00,0.00,,7.00,No
37755,07/15/2026 11:41 AM,Rashid,Breakfast,Breakfast Sandwich,,1,9.50,0.00,,9.50,No
37755,07/15/2026 11:41 AM,Rashid,Modifiers,+ Add bacon,Breakfast Sandwich,1,2.50,0.00,,2.50,No
37755,07/15/2026 11:41 AM,Rashid,Modifiers,+ Add egg,Breakfast Sandwich,1,1.50,0.00,,1.50,No
37756,07/15/2026 12:52 PM,Ines,Coffee & Tea,Drip Coffee,,1,3.00,1.50,Staff meal 50%,1.50,No
37756,07/15/2026 12:52 PM,Ines,Breakfast,Avocado Toast,,1,11.00,5.50,Staff meal 50%,5.50,No
37756,07/15/2026 12:52 PM,Ines,Coffee & Tea,Latte,,1,5.25,2.62,Staff meal 50%,2.63,No
37757,07/15/2026 11:16 AM,Ines,Bakery,Croissant,,1,3.75,0.00,,3.75,No
37757,07/15/2026 11:16 AM,Ines,Bakery,Chocolate Chip Cookie,,1,2.75,0.00,,2.75,No
37758,07/15/2026 09:50 AM,Theo,Coffee & Tea,Drip Coffee,,1,3.00,0.00,,3.00,No
37759,07/15/2026 08:55 AM,Maribel,Breakfast,Breakfast Sandwich,,1,9.50,0.00,,9.50,No
37760,07/15/2026 12:11 PM,Rashid,Coffee & Tea,Cappuccino,,1,4.75,0.00,,4.75,No
37760,07/15/2026 12:11 PM,Rashid,Modifiers,+ Oat milk,Cappuccino,1,0.75,0.00,,0.75,No
37760,07/15/2026 12:11 PM,Rashid,Breakfast,Oatmeal Bowl,,1,7.50,0.00,,7.50,No
37760,07/15/2026 12:11 PM,Rashid,Coffee & Tea,Drip Coffee,,1,3.00,0.00,,3.00,No
37761,07/15/2026 09:39 AM,Ines,Lunch,Turkey Club,,1,13.50,0.00,,13.50,No
37761,07/15/2026 09:39 AM,Ines,Modifiers,+ No onions,Turkey Club,1,0.00,0.00,,0.00,No
37762,07/15/2026 11:01 AM,Maribel,Lunch,Soup of the Day,,1,7.00,7.00,Comp - manager,0.00,No
37763,07/15/2026 09:17 AM,Maribel,Coffee & Tea,Latte,,1,5.25,0.00,,5.25,No
37763,07/15/2026 09:17 AM,Maribel,Lunch,Turkey Club,,1,13.50,0.00,,13.50,No
37763,07/15/2026 09:17 AM,Maribel,Modifiers,+ Add bacon,Turkey Club,1,2.50,0.00,,2.50,No
37763,07/15/2026 09:17 AM,Maribel,Coffee & Tea,Latte,,1,5.25,0.00,,5.25,No
37763,07/15/2026 09:17 AM,Maribel,Modifiers,+ Oat milk,Latte,1,0.75,0.00,,0.75,No
37764,07/15/2026 11:59 AM,Rashid,Lunch,Turkey Club,,1,13.50,6.75,Staff meal 50%,6.75,No
37764,07/15/2026 11:59 AM,Rashid,Coffee & Tea,Cappuccino,,1,4.75,2.38,Staff meal 50%,2.37,No
37764,07/15/2026 11:59 AM,Rashid,Modifiers,+ Extra shot,Cappuccino,1,1.00,0.50,Staff meal 50%,0.50,No
37765,07/15/2026 02:33 PM,Theo,Bakery,Blueberry Muffin,,1,3.50,0.00,,3.50,No
37765,07/15/2026 02:33 PM,Theo,Coffee & Tea,Drip Coffee,,1,3.00,0.00,,3.00,No
37765,07/15/2026 02:33 PM,Theo,Coffee & Tea,Chai Tea,,1,4.75,0.00,,4.75,No
37766,07/15/2026 08:16 AM,Rashid,Coffee & Tea,Cold Brew,,1,4.50,0.00,,4.50,No
37766,07/15/2026 08:16 AM,Rashid,Modifiers,+ Vanilla syrup,Cold Brew,1,0.60,0.00,,0.60,No
37766,07/15/2026 08:16 AM,Rashid,Coffee & Tea,Drip Coffee,,1,3.00,0.00,,3.00,No
37767,07/15/2026 07:48 AM,Kai,Coffee & Tea,Latte,,1,5.25,0.00,,0.00,Yes
37767,07/15/2026 07:48 AM,Kai,Modifiers,+ Extra shot,Latte,1,1.00,0.00,,0.00,Yes
37767,07/15/2026 07:48 AM,Kai,Coffee & Tea,Cappuccino,,1,4.75,0.00,,4.75,No
37767,07/15/2026 07:48 AM,Kai,Modifiers,+ Oat milk,Cappuccino,1,0.75,0.00,,0.75,No
37768,07/15/2026 07:48 AM,Rashid,Lunch,Soup of the Day,,1,7.00,0.00,,7.00,No
37768,07/15/2026 07:48 AM,Rashid,Bakery,Croissant,,1,3.75,0.00,,3.75,No
37768,07/15/2026 07:48 AM,Rashid,Lunch,Turkey Club,,1,13.50,0.00,,13.50,No
37768,07/15/2026 07:48 AM,Rashid,Modifiers,+ Add bacon,Turkey Club,1,2.50,0.00,,2.50,No
37769,07/15/2026 12:07 PM,Maribel,Coffee & Tea,Latte,,1,5.25,0.00,,5.25,No
37769,07/15/2026 12:07 PM,Maribel,Coffee & Tea,Latte,,1,5.25,0.00,,5.25,No
37769,07/15/2026 12:07 PM,Maribel,Modifiers,+ Oat milk,Latte,1,0.75,0.00,,0.75,No
37769,07/15/2026 12:07 PM,Maribel,Modifiers,+ Extra shot,Latte,1,1.00,0.00,,1.00,No
37770,07/15/2026 01:16 PM,Ines,Breakfast,Breakfast Sandwich,,1,9.50,0.00,,0.00,Yes
37770,07/15/2026 01:16 PM,Ines,Modifiers,+ Add bacon,Breakfast Sandwich,1,2.50,0.00,,0.00,Yes
37771,07/15/2026 12:43 PM,Theo,Coffee & Tea,Drip Coffee,,1,3.00,0.00,,3.00,No
37771,07/15/2026 12:43 PM,Theo,Coffee & Tea,Cappuccino,,1,4.75,0.00,,4.75,No
37771,07/15/2026 12:43 PM,Theo,Modifiers,+ Extra shot,Cappuccino,1,1.00,0.00,,1.00,No
37772,07/15/2026 08:19 AM,Kai,Bakery,Croissant,,1,3.75,0.00,,0.00,Yes
37773,07/15/2026 11:23 AM,Theo,Coffee & Tea,Drip Coffee,,1,3.00,0.00,,3.00,No
37773,07/15/2026 11:23 AM,Theo,Bakery,Croissant,,1,3.75,0.00,,3.75,No
37773,07/15/2026 11:23 AM,Theo,Coffee & Tea,Latte,,1,5.25,0.00,,5.25,No
37773,07/15/2026 11:23 AM,Theo,Modifiers,+ Extra shot,Latte,1,1.00,0.00,,1.00,No
37774,07/15/2026 12:26 PM,Rashid,Coffee & Tea,Cappuccino,,1,4.75,0.00,,4.75,No
37774,07/15/2026 12:26 PM,Rashid,Bakery,Chocolate Chip Cookie,,1,2.75,0.00,,2.75,No
37775,07/15/2026 12:36 PM,Ines,Coffee & Tea,Cold Brew,,1,4.50,0.00,,4.50,No
37775,07/15/2026 12:36 PM,Ines,Modifiers,+ Oat milk,Cold Brew,1,0.75,0.00,,0.75,No
37776,07/15/2026 08:23 AM,Kai,Coffee & Tea,Chai Tea,,1,4.75,0.00,,4.75,No
37777,07/15/2026 01:59 PM,Ines,Bakery,Chocolate Chip Cookie,,1,2.75,0.00,,2.75,No
37777,07/15/2026 01:59 PM,Ines,Bakery,Croissant,,1,3.75,0.00,,3.75,No
37777,07/15/2026 01:59 PM,Ines,Lunch,Greek Salad,,1,12.00,0.00,,12.00,No
37778,07/15/2026 12:47 PM,Theo,Bakery,Croissant,,1,3.75,0.00,,3.75,No
37778,07/15/2026 12:47 PM,Theo,Bakery,Croissant,,1,3.75,0.00,,3.75,No
37779,07/15/2026 09:58 AM,Maribel,Coffee & Tea,Drip Coffee,,1,3.00,0.00,,3.00,No
37779,07/15/2026 09:58 AM,Maribel,Coffee & Tea,Latte,,1,5.25,0.00,,5.25,No
37779,07/15/2026 09:58 AM,Maribel,Modifiers,+ Oat milk,Latte,1,0.75,0.00,,0.75,No
37780,07/15/2026 07:38 AM,Maribel,Bakery,Blueberry Muffin,,1,3.50,0.00,,3.50,No
37780,07/15/2026 07:38 AM,Maribel,Lunch,Turkey Club,,1,13.50,0.00,,13.50,No
37780,07/15/2026 07:38 AM,Maribel,Lunch,Turkey Club,,1,13.50,0.00,,13.50,No
37780,07/15/2026 07:38 AM,Maribel,Modifiers,+ Gluten-free bread,Turkey Club,1,1.50,0.00,,1.50,No
37781,07/16/2026 07:11 AM,Rashid,Coffee & Tea,Chai Tea,,1,4.75,0.00,,4.75,No
37782,07/16/2026 02:55 PM,Theo,Breakfast,Breakfast Sandwich,,1,9.50,0.00,,9.50,No
37782,07/16/2026 02:55 PM,Theo,Modifiers,+ Add bacon,Breakfast Sandwich,1,2.50,0.00,,2.50,No
37783,07/16/2026 01:26 PM,Rashid,Coffee & Tea,Drip Coffee,,1,3.00,0.00,,3.00,No
37783,07/16/2026 01:26 PM,Rashid,Coffee & Tea,Latte,,1,5.25,0.00,,5.25,No
37784,07/16/2026 09:17 AM,Kai,Coffee & Tea,Drip Coffee,,1,3.00,0.00,,3.00,No
37785,07/16/2026 07:29 AM,Kai,Coffee & Tea,Drip Coffee,,1,3.00,0.00,,3.00,No
37785,07/16/2026 07:29 AM,Kai,Coffee & Tea,Drip Coffee,,1,3.00,0.00,,3.00,No
37786,07/16/2026 07:42 AM,Ines,Coffee & Tea,Drip Coffee,,1,3.00,0.00,,3.00,No
37786,07/16/2026 07:42 AM,Ines,Bakery,Chocolate Chip Cookie,,1,2.75,0.00,,2.75,No
37787,07/16/2026 11:10 AM,Kai,Coffee & Tea,Cappuccino,,1,4.75,0.00,,4.75,No
37787,07/16/2026 11:10 AM,Kai,Modifiers,+ Oat milk,Cappuccino,1,0.75,0.00,,0.75,No
37787,07/16/2026 11:10 AM,Kai,Modifiers,+ Extra shot,Cappuccino,1,1.00,0.00,,1.00,No
37787,07/16/2026 11:10 AM,Kai,Coffee & Tea,Drip Coffee,,1,3.00,0.00,,3.00,No
37788,07/16/2026 11:36 AM,Rashid,Bakery,Blueberry Muffin,,1,3.50,0.00,,3.50,No
37788,07/16/2026 11:36 AM,Rashid,Bakery,Chocolate Chip Cookie,,1,2.75,0.00,,2.75,No
37788,07/16/2026 11:36 AM,Rashid,Coffee & Tea,Drip Coffee,,1,3.00,0.00,,3.00,No
37789,07/16/2026 10:25 AM,Kai,Bakery,Croissant,,1,3.75,0.00,,3.75,No
37790,07/16/2026 10:20 AM,Ines,Coffee & Tea,Latte,,1,5.25,0.00,,5.25,No
37791,07/16/2026 11:36 AM,Theo,Coffee & Tea,Drip Coffee,,1,3.00,3.00,Comp - manager,0.00,No
37791,07/16/2026 11:36 AM,Theo,Breakfast,Breakfast Sandwich,,1,9.50,0.00,,9.50,No
37792,07/16/2026 12:46 PM,Kai,Bakery,Chocolate Chip Cookie,,1,2.75,0.00,,2.75,No
37792,07/16/2026 12:46 PM,Kai,Lunch,Soup of the Day,,1,7.00,0.00,,7.00,No
37793,07/16/2026 01:53 PM,Maribel,Bakery,Croissant,,1,3.75,0.00,,3.75,No
37793,07/16/2026 01:53 PM,Maribel,Breakfast,Avocado Toast,,1,11.00,0.00,,11.00,No
37793,07/16/2026 01:53 PM,Maribel,Bakery,Chocolate Chip Cookie,,1,2.75,0.00,,2.75,No
37794,07/16/2026 01:13 PM,Theo,Coffee & Tea,Drip Coffee,,1,3.00,0.00,,3.00,No
37795,07/16/2026 03:00 PM,Theo,Coffee & Tea,Latte,,1,5.25,0.00,,5.25,No
37795,07/16/2026 03:00 PM,Theo,Coffee & Tea,Cappuccino,,1,4.75,0.00,,4.75,No
37796,07/16/2026 09:04 AM,Ines,Bakery,Croissant,,1,3.75,0.00,,3.75,No
37796,07/16/2026 09:04 AM,Ines,Coffee & Tea,Drip Coffee,,1,3.00,0.00,,3.00,No
37797,07/16/2026 07:34 AM,Ines,Coffee & Tea,Latte,,1,5.25,0.00,,5.25,No
37797,07/16/2026 07:34 AM,Ines,Breakfast,Avocado Toast,,1,11.00,0.00,,11.00,No
37797,07/16/2026 07:34 AM,Ines,Modifiers,+ Add egg,Avocado Toast,1,1.50,0.00,,1.50,No
37798,07/16/2026 08:34 AM,Rashid,Breakfast,Avocado Toast,,1,11.00,0.00,,11.00,No
37798,07/16/2026 08:34 AM,Rashid,Modifiers,+ Gluten-free bread,Avocado Toast,1,1.50,0.00,,1.50,No
37799,07/16/2026 08:40 AM,Theo,Coffee & Tea,Chai Tea,,1,4.75,0.00,,4.75,No
37799,07/16/2026 08:40 AM,Theo,Lunch,Turkey Club,,1,13.50,0.00,,13.50,No
37800,07/16/2026 09:37 AM,Maribel,Bakery,Chocolate Chip Cookie,,1,2.75,0.00,,2.75,No
37801,07/16/2026 02:01 PM,Theo,Breakfast,Avocado Toast,,1,11.00,0.00,,11.00,No
37802,07/16/2026 10:56 AM,Rashid,Coffee & Tea,Drip Coffee,,1,3.00,0.00,,3.00,No
37802,07/16/2026 10:56 AM,Rashid,Coffee & Tea,Drip Coffee,,1,3.00,0.00,,3.00,No
37803,07/16/2026 01:36 PM,Ines,Bakery,Croissant,,1,3.75,3.75,Comp - manager,0.00,No
37803,07/16/2026 01:36 PM,Ines,Breakfast,Avocado Toast,,1,11.00,11.00,Comp - manager,0.00,No
37804,07/16/2026 01:42 PM,Ines,Breakfast,Avocado Toast,,1,11.00,0.00,,11.00,No
37804,07/16/2026 01:42 PM,Ines,Coffee & Tea,Cappuccino,,1,4.75,0.00,,4.75,No
37805,07/16/2026 11:28 AM,Maribel,Lunch,Soup of the Day,,1,7.00,0.00,,7.00,No
37806,07/16/2026 12:54 PM,Maribel,Breakfast,Breakfast Sandwich,,1,9.50,0.00,,9.50,No
37806,07/16/2026 12:54 PM,Maribel,Bakery,Chocolate Chip Cookie,,1,2.75,0.00,,2.75,No
37806,07/16/2026 12:54 PM,Maribel,Bakery,Chocolate Chip Cookie,,1,2.75,0.00,,2.75,No
37807,07/16/2026 01:45 PM,Rashid,Coffee & Tea,Drip Coffee,,1,3.00,0.00,,3.00,No
37807,07/16/2026 01:45 PM,Rashid,Breakfast,Avocado Toast,,1,11.00,0.00,,11.00,No
37808,07/16/2026 07:36 AM,Theo,Coffee & Tea,Chai Tea,,1,4.75,0.00,,4.75,No
37809,07/16/2026 10:09 AM,Kai,Bakery,Croissant,,1,3.75,0.00,,3.75,No
37809,07/16/2026 10:09 AM,Kai,Bakery,Croissant,,1,3.75,0.00,,3.75,No
37809,07/16/2026 10:09 AM,Kai,Coffee & Tea,Chai Tea,,1,4.75,0.00,,4.75,No
37810,07/16/2026 08:26 AM,Ines,Coffee & Tea,Cold Brew,,1,4.50,0.00,,4.50,No
37810,07/16/2026 08:26 AM,Ines,Bakery,Chocolate Chip Cookie,,1,2.75,0.00,,2.75,No
37810,07/16/2026 08:26 AM,Ines,Coffee & Tea,Cappuccino,,1,4.75,0.00,,4.75,No
37811,07/16/2026 08:33 AM,Kai,Coffee & Tea,Cold Brew,,1,4.50,0.00,,4.50,No
37811,07/16/2026 08:33 AM,Kai,Coffee & Tea,Cappuccino,,1,4.75,0.00,,4.75,No
37811,07/16/2026 08:33 AM,Kai,Breakfast,Avocado Toast,,1,11.00,0.00,,11.00,No
37811,07/16/2026 08:33 AM,Kai,Modifiers,+ Gluten-free bread,Avocado Toast,1,1.50,0.00,,1.50,No
37812,07/16/2026 08:38 AM,Theo,Lunch,Soup of the Day,,1,7.00,0.00,,7.00,No
37812,07/16/2026 08:38 AM,Theo,Lunch,Greek Salad,,1,12.00,0.00,,12.00,No
37812,07/16/2026 08:38 AM,Theo,Modifiers,+ Add avocado,Greek Salad,1,2.00,0.00,,2.00,No
37812,07/16/2026 08:38 AM,Theo,Breakfast,Breakfast Sandwich,,1,9.50,0.00,,9.50,No
37813,07/16/2026 11:33 AM,Kai,Coffee & Tea,Cappuccino,,1,4.75,0.00,,4.75,No
37813,07/16/2026 11:33 AM,Kai,Modifiers,+ Oat milk,Cappuccino,1,0.75,0.00,,0.75,No
37813,07/16/2026 11:33 AM,Kai,Coffee & Tea,Cappuccino,,1,4.75,0.00,,0.00,Yes
37813,07/16/2026 11:33 AM,Kai,Breakfast,Avocado Toast,,1,11.00,0.00,,11.00,No
37814,07/16/2026 10:05 AM,Maribel,Breakfast,Oatmeal Bowl,,1,7.50,0.00,,0.00,Yes
37815,07/16/2026 09:32 AM,Ines,Coffee & Tea,Drip Coffee,,1,3.00,0.00,,3.00,No
37815,07/16/2026 09:32 AM,Ines,Bakery,Blueberry Muffin,,1,3.50,0.00,,3.50,No
37816,07/16/2026 09:24 AM,Maribel,Breakfast,Breakfast Sandwich,,1,9.50,0.00,,9.50,No
37816,07/16/2026 09:24 AM,Maribel,Lunch,Greek Salad,,1,12.00,0.00,,12.00,No
37817,07/16/2026 07:54 AM,Ines,Bakery,Blueberry Muffin,,1,3.50,0.00,,3.50,No
37818,07/16/2026 02:04 PM,Ines,Breakfast,Oatmeal Bowl,,1,7.50,0.00,,0.00,Yes
37819,07/16/2026 01:48 PM,Maribel,Coffee & Tea,Latte,,1,5.25,0.00,,5.25,No
37819,07/16/2026 01:48 PM,Maribel,Coffee & Tea,Latte,,1,5.25,0.00,,5.25,No
37819,07/16/2026 01:48 PM,Maribel,Modifiers,+ Extra shot,Latte,1,1.00,0.00,,1.00,No
37820,07/16/2026 01:06 PM,Ines,Breakfast,Oatmeal Bowl,,1,7.50,0.00,,7.50,No
37821,07/16/2026 08:17 AM,Maribel,Coffee & Tea,Drip Coffee,,1,3.00,0.00,,3.00,No
37821,07/16/2026 08:17 AM,Maribel,Bakery,Croissant,,1,3.75,0.00,,3.75,No
37821,07/16/2026 08:17 AM,Maribel,Coffee & Tea,Cold Brew,,1,4.50,0.00,,4.50,No
37822,07/16/2026 12:51 PM,Ines,Bakery,Croissant,,1,3.75,0.00,,3.75,No
37822,07/16/2026 12:51 PM,Ines,Coffee & Tea,Drip Coffee,,1,3.00,0.00,,3.00,No
37822,07/16/2026 12:51 PM,Ines,Bakery,Chocolate Chip Cookie,,1,2.75,0.00,,2.75,No
37823,07/16/2026 11:42 AM,Ines,Lunch,Turkey Club,,1,13.50,0.00,,0.00,Yes
37823,07/16/2026 11:42 AM,Ines,Bakery,Croissant,,1,3.75,0.00,,3.75,No
37823,07/16/2026 11:42 AM,Ines,Bakery,Chocolate Chip Cookie,,1,2.75,0.00,,2.75,No
37824,07/16/2026 02:36 PM,Ines,Bakery,Croissant,,1,3.75,0.00,,3.75,No
37825,07/16/2026 08:28 AM,Kai,Breakfast,Breakfast Sandwich,,1,9.50,0.00,,9.50,No
37825,07/16/2026 08:28 AM,Kai,Modifiers,+ Add egg,Breakfast Sandwich,1,1.50,0.00,,1.50,No
37825,07/16/2026 08:28 AM,Kai,Modifiers,+ Add avocado,Breakfast Sandwich,1,2.00,0.00,,2.00,No
37825,07/16/2026 08:28 AM,Kai,Coffee & Tea,Cold Brew,,1,4.50,0.00,,4.50,No
37826,07/17/2026 02:39 PM,Kai,Bakery,Chocolate Chip Cookie,,1,2.75,0.00,,2.75,No
37827,07/17/2026 09:07 AM,Ines,Breakfast,Oatmeal Bowl,,1,7.50,0.00,,7.50,No
37827,07/17/2026 09:07 AM,Ines,Coffee & Tea,Drip Coffee,,1,3.00,0.00,,3.00,No
37828,07/17/2026 12:18 PM,Rashid,Coffee & Tea,Chai Tea,,1,4.75,4.75,Comp - manager,0.00,No
37828,07/17/2026 12:18 PM,Rashid,Coffee & Tea,Cold Brew,,1,4.50,0.00,,4.50,No
37829,07/17/2026 01:53 PM,Kai,Coffee & Tea,Drip Coffee,,1,3.00,0.00,,3.00,No
37829,07/17/2026 01:53 PM,Kai,Coffee & Tea,Drip Coffee,,1,3.00,0.00,,3.00,No
37829,07/17/2026 01:53 PM,Kai,Coffee & Tea,Drip Coffee,,1,3.00,0.00,,3.00,No
37830,07/17/2026 10:53 AM,Kai,Coffee & Tea,Drip Coffee,,1,3.00,0.00,,3.00,No
37831,07/17/2026 07:25 AM,Kai,Breakfast,Breakfast Sandwich,,1,9.50,0.00,,9.50,No
37831,07/17/2026 07:25 AM,Kai,Modifiers,+ Add bacon,Breakfast Sandwich,1,2.50,0.00,,2.50,No
37832,07/17/2026 12:17 PM,Maribel,Lunch,Greek Salad,,1,12.00,0.00,,12.00,No
37833,07/17/2026 02:17 PM,Rashid,Bakery,Blueberry Muffin,,1,3.50,0.00,,3.50,No
37834,07/17/2026 07:04 AM,Theo,Breakfast,Avocado Toast,,1,11.00,0.00,,11.00,No
37835,07/17/2026 07:33 AM,Theo,Bakery,Croissant,,1,3.75,0.00,,3.75,No
37835,07/17/2026 07:33 AM,Theo,Lunch,Turkey Club,,1,13.50,0.00,,13.50,No
37835,07/17/2026 07:33 AM,Theo,Coffee & Tea,Cappuccino,,1,4.75,0.00,,4.75,No
37835,07/17/2026 07:33 AM,Theo,Modifiers,+ Oat milk,Cappuccino,1,0.75,0.00,,0.75,No
37836,07/17/2026 10:02 AM,Maribel,Lunch,Soup of the Day,,1,7.00,0.00,,7.00,No
37836,07/17/2026 10:02 AM,Maribel,Coffee & Tea,Cappuccino,,1,4.75,0.00,,4.75,No
37836,07/17/2026 10:02 AM,Maribel,Breakfast,Breakfast Sandwich,,1,9.50,0.00,,9.50,No
37837,07/17/2026 12:56 PM,Ines,Breakfast,Oatmeal Bowl,,1,7.50,0.00,,7.50,No
37838,07/17/2026 02:09 PM,Theo,Coffee & Tea,Drip Coffee,,1,3.00,0.00,,3.00,No
37839,07/17/2026 08:07 AM,Kai,Breakfast,Breakfast Sandwich,,1,9.50,0.00,,9.50,No
37839,07/17/2026 08:07 AM,Kai,Modifiers,+ Add avocado,Breakfast Sandwich,1,2.00,0.00,,2.00,No
37839,07/17/2026 08:07 AM,Kai,Breakfast,Breakfast Sandwich,,1,9.50,0.00,,9.50,No
37839,07/17/2026 08:07 AM,Kai,Modifiers,+ Add egg,Breakfast Sandwich,1,1.50,0.00,,1.50,No
37840,07/17/2026 12:01 PM,Rashid,Bakery,Blueberry Muffin,,1,3.50,0.00,,3.50,No
37840,07/17/2026 12:01 PM,Rashid,Coffee & Tea,Chai Tea,,1,4.75,0.00,,4.75,No
37841,07/17/2026 02:18 PM,Kai,Breakfast,Avocado Toast,,1,11.00,0.00,,11.00,No
37841,07/17/2026 02:18 PM,Kai,Modifiers,+ Add egg,Avocado Toast,1,1.50,0.00,,1.50,No
37841,07/17/2026 02:18 PM,Kai,Coffee & Tea,Drip Coffee,,1,3.00,0.00,,3.00,No
37842,07/17/2026 08:00 AM,Rashid,Coffee & Tea,Cappuccino,,1,4.75,0.00,,4.75,No
37843,07/17/2026 10:08 AM,Maribel,Lunch,Turkey Club,,1,13.50,0.00,,13.50,No
37843,07/17/2026 10:08 AM,Maribel,Bakery,Blueberry Muffin,,1,3.50,0.00,,3.50,No
37844,07/17/2026 09:21 AM,Theo,Lunch,Turkey Club,,1,13.50,0.00,,13.50,No
37844,07/17/2026 09:21 AM,Theo,Modifiers,+ Gluten-free bread,Turkey Club,1,1.50,0.00,,1.50,No
37844,07/17/2026 09:21 AM,Theo,Breakfast,Breakfast Sandwich,,1,9.50,0.00,,9.50,No
37844,07/17/2026 09:21 AM,Theo,Modifiers,+ Add avocado,Breakfast Sandwich,1,2.00,0.00,,2.00,No
37845,07/17/2026 02:32 PM,Rashid,Lunch,Greek Salad,,1,12.00,0.00,,12.00,No
37846,07/17/2026 07:18 AM,Theo,Coffee & Tea,Latte,,1,5.25,0.00,,5.25,No
37846,07/17/2026 07:18 AM,Theo,Modifiers,+ Extra shot,Latte,1,1.00,0.00,,1.00,No
37846,07/17/2026 07:18 AM,Theo,Breakfast,Breakfast Sandwich,,1,9.50,0.00,,9.50,No
37846,07/17/2026 07:18 AM,Theo,Modifiers,+ Add bacon,Breakfast Sandwich,1,2.50,0.00,,2.50,No
37846,07/17/2026 07:18 AM,Theo,Modifiers,+ Add avocado,Breakfast Sandwich,1,2.00,0.00,,2.00,No
37847,07/17/2026 09:38 AM,Rashid,Breakfast,Breakfast Sandwich,,1,9.50,0.00,,9.50,No
37847,07/17/2026 09:38 AM,Rashid,Modifiers,+ Add bacon,Breakfast Sandwich,1,2.50,0.00,,2.50,No
37847,07/17/2026 09:38 AM,Rashid,Modifiers,+ Add avocado,Breakfast Sandwich,1,2.00,0.00,,2.00,No
37847,07/17/2026 09:38 AM,Rashid,Lunch,Turkey Club,,1,13.50,0.00,,13.50,No
37848,07/17/2026 02:47 PM,Kai,Coffee & Tea,Latte,,1,5.25,0.00,,5.25,No
37848,07/17/2026 02:47 PM,Kai,Coffee & Tea,Chai Tea,,1,4.75,0.00,,4.75,No
37848,07/17/2026 02:47 PM,Kai,Bakery,Blueberry Muffin,,1,3.50,0.00,,3.50,No
37849,07/17/2026 10:14 AM,Rashid,Coffee & Tea,Latte,,1,5.25,0.00,,5.25,No
37849,07/17/2026 10:14 AM,Rashid,Breakfast,Oatmeal Bowl,,1,7.50,0.00,,7.50,No
37850,07/17/2026 09:49 AM,Theo,Bakery,Croissant,,1,3.75,0.00,,3.75,No
37851,07/17/2026 09:16 AM,Theo,Bakery,Chocolate Chip Cookie,,1,2.75,2.75,Comp - manager,0.00,No
37851,07/17/2026 09:16 AM,Theo,Coffee & Tea,Chai Tea,,1,4.75,0.00,,4.75,No
37851,07/17/2026 09:16 AM,Theo,Coffee & Tea,Latte,,1,5.25,0.00,,5.25,No
37852,07/17/2026 02:31 PM,Theo,Coffee & Tea,Latte,,1,5.25,0.00,,5.25,No
37852,07/17/2026 02:31 PM,Theo,Modifiers,+ Oat milk,Latte,1,0.75,0.00,,0.75,No
37852,07/17/2026 02:31 PM,Theo,Coffee & Tea,Cold Brew,,1,4.50,0.00,,4.50,No
37852,07/17/2026 02:31 PM,Theo,Coffee & Tea,Drip Coffee,,1,3.00,0.00,,3.00,No
37853,07/17/2026 07:55 AM,Ines,Bakery,Croissant,,1,3.75,0.00,,3.75,No
37853,07/17/2026 07:55 AM,Ines,Coffee & Tea,Cold Brew,,1,4.50,0.00,,4.50,No
37854,07/17/2026 01:49 PM,Kai,Coffee & Tea,Chai Tea,,1,4.75,0.00,,4.75,No
37855,07/17/2026 12:20 PM,Kai,Coffee & Tea,Drip Coffee,,1,3.00,0.00,,3.00,No
37856,07/17/2026 12:11 PM,Theo,Coffee & Tea,Latte,,1,5.25,0.00,,5.25,No
37856,07/17/2026 12:11 PM,Theo,Modifiers,+ Extra shot,Latte,1,1.00,0.00,,1.00,No
37857,07/17/2026 10:13 AM,Maribel,Breakfast,Breakfast Sandwich,,1,9.50,0.00,,9.50,No
37857,07/17/2026 10:13 AM,Maribel,Modifiers,+ Add bacon,Breakfast Sandwich,1,2.50,0.00,,2.50,No
37857,07/17/2026 10:13 AM,Maribel,Coffee & Tea,Latte,,1,5.25,0.00,,5.25,No
37857,07/17/2026 10:13 AM,Maribel,Bakery,Croissant,,1,3.75,0.00,,3.75,No
37858,07/17/2026 01:05 PM,Theo,Coffee & Tea,Drip Coffee,,1,3.00,0.00,,3.00,No
37858,07/17/2026 01:05 PM,Theo,Lunch,Turkey Club,,1,13.50,0.00,,13.50,No
37859,07/17/2026 02:00 PM,Kai,Breakfast,Breakfast Sandwich,,1,9.50,0.00,,9.50,No
37859,07/17/2026 02:00 PM,Kai,Coffee & Tea,Chai Tea,,1,4.75,0.00,,4.75,No
37860,07/17/2026 11:41 AM,Kai,Breakfast,Breakfast Sandwich,,1,9.50,0.00,,9.50,No
37860,07/17/2026 11:41 AM,Kai,Bakery,Blueberry Muffin,,1,3.50,0.00,,3.50,No
37861,07/17/2026 09:12 AM,Kai,Bakery,Chocolate Chip Cookie,,1,2.75,0.00,,2.75,No
37861,07/17/2026 09:12 AM,Kai,Coffee & Tea,Drip Coffee,,1,3.00,0.00,,3.00,No
37861,07/17/2026 09:12 AM,Kai,Bakery,Blueberry Muffin,,1,3.50,0.00,,3.50,No
37862,07/17/2026 07:21 AM,Maribel,Lunch,Soup of the Day,,1,7.00,0.00,,7.00,No
37862,07/17/2026 07:21 AM,Maribel,Coffee & Tea,Cappuccino,,1,4.75,0.00,,4.75,No
37863,07/17/2026 02:38 PM,Theo,Coffee & Tea,Drip Coffee,,1,3.00,0.00,,3.00,No
37864,07/17/2026 11:20 AM,Theo,Breakfast,Breakfast Sandwich,,1,9.50,0.00,,9.50,No
37864,07/17/2026 11:20 AM,Theo,Modifiers,+ Add bacon,Breakfast Sandwich,1,2.50,0.00,,2.50,No
37864,07/17/2026 11:20 AM,Theo,Modifiers,+ Add egg,Breakfast Sandwich,1,1.50,0.00,,1.50,No
37865,07/17/2026 11:45 AM,Rashid,Breakfast,Avocado Toast,,1,11.00,0.00,,11.00,No
37865,07/17/2026 11:45 AM,Rashid,Modifiers,+ Add egg,Avocado Toast,1,1.50,0.00,,1.50,No
37865,07/17/2026 11:45 AM,Rashid,Breakfast,Oatmeal Bowl,,1,7.50,0.00,,7.50,No
37866,07/18/2026 08:13 AM,Rashid,Coffee & Tea,Cappuccino,,1,4.75,4.75,Comp - manager,0.00,No
37867,07/18/2026 10:29 AM,Ines,Coffee & Tea,Chai Tea,,1,4.75,0.00,,4.75,No
37867,07/18/2026 10:29 AM,Ines,Breakfast,Avocado Toast,,1,11.00,0.00,,11.00,No
37867,07/18/2026 10:29 AM,Ines,Modifiers,+ Gluten-free bread,Avocado Toast,1,1.50,0.00,,1.50,No
37868,07/18/2026 07:41 AM,Ines,Coffee & Tea,Chai Tea,,1,4.75,0.00,,4.75,No
37869,07/18/2026 01:10 PM,Ines,Lunch,Turkey Club,,1,13.50,0.00,,13.50,No
37869,07/18/2026 01:10 PM,Ines,Breakfast,Avocado Toast,,1,11.00,0.00,,11.00,No
37869,07/18/2026 01:10 PM,Ines,Modifiers,+ Gluten-free bread,Avocado Toast,1,1.50,0.00,,1.50,No
37870,07/18/2026 12:03 PM,Ines,Breakfast,Breakfast Sandwich,,1,9.50,9.50,Comp - manager,0.00,No
37870,07/18/2026 12:03 PM,Ines,Modifiers,+ Add bacon,Breakfast Sandwich,1,2.50,2.50,Comp - manager,0.00,No
37870,07/18/2026 12:03 PM,Ines,Modifiers,+ Add egg,Breakfast Sandwich,1,1.50,1.50,Comp - manager,0.00,No
37870,07/18/2026 12:03 PM,Ines,Breakfast,Oatmeal Bowl,,1,7.50,7.50,Comp - manager,0.00,No
37870,07/18/2026 12:03 PM,Ines,Coffee & Tea,Drip Coffee,,1,3.00,3.00,Comp - manager,0.00,No
37871,07/18/2026 07:47 AM,Maribel,Bakery,Blueberry Muffin,,1,3.50,0.00,,3.50,No
37871,07/18/2026 07:47 AM,Maribel,Coffee & Tea,Drip Coffee,,1,3.00,0.00,,3.00,No
37872,07/18/2026 10:39 AM,Rashid,Coffee & Tea,Drip Coffee,,1,3.00,0.00,,3.00,No
37872,07/18/2026 10:39 AM,Rashid,Breakfast,Breakfast Sandwich,,1,9.50,0.00,,9.50,No
37872,07/18/2026 10:39 AM,Rashid,Modifiers,+ Add bacon,Breakfast Sandwich,1,2.50,0.00,,2.50,No
37873,07/18/2026 02:49 PM,Theo,Breakfast,Oatmeal Bowl,,1,7.50,0.00,,7.50,No
37874,07/18/2026 10:19 AM,Ines,Coffee & Tea,Drip Coffee,,1,3.00,0.00,,3.00,No
37875,07/18/2026 01:51 PM,Theo,Breakfast,Breakfast Sandwich,,1,9.50,0.00,,9.50,No
37875,07/18/2026 01:51 PM,Theo,Modifiers,+ Add egg,Breakfast Sandwich,1,1.50,0.00,,1.50,No
37876,07/18/2026 07:55 AM,Rashid,Breakfast,Breakfast Sandwich,,1,9.50,0.00,,9.50,No
37877,07/18/2026 02:51 PM,Maribel,Breakfast,Avocado Toast,,1,11.00,0.00,,11.00,No
37877,07/18/2026 02:51 PM,Maribel,Breakfast,Breakfast Sandwich,,1,9.50,0.00,,9.50,No
37877,07/18/2026 02:51 PM,Maribel,Modifiers,+ Add egg,Breakfast Sandwich,1,1.50,0.00,,1.50,No
37878,07/18/2026 10:43 AM,Ines,Lunch,Greek Salad,,1,12.00,0.00,,12.00,No
37878,07/18/2026 10:43 AM,Ines,Lunch,Soup of the Day,,1,7.00,0.00,,7.00,No
37878,07/18/2026 10:43 AM,Ines,Lunch,Soup of the Day,,1,7.00,0.00,,7.00,No
37879,07/18/2026 11:49 AM,Kai,Coffee & Tea,Drip Coffee,,1,3.00,3.00,Comp - manager,0.00,No
37879,07/18/2026 11:49 AM,Kai,Lunch,Soup of the Day,,1,7.00,7.00,Comp - manager,0.00,No
37880,07/18/2026 07:19 AM,Theo,Coffee & Tea,Drip Coffee,,1,3.00,0.00,,3.00,No
37880,07/18/2026 07:19 AM,Theo,Coffee & Tea,Drip Coffee,,1,3.00,0.00,,3.00,No
37881,07/18/2026 12:40 PM,Theo,Bakery,Blueberry Muffin,,1,3.50,0.00,,3.50,No
37882,07/18/2026 10:51 AM,Maribel,Coffee & Tea,Latte,,1,5.25,0.00,,5.25,No
37882,07/18/2026 10:51 AM,Maribel,Modifiers,+ Oat milk,Latte,1,0.75,0.00,,0.75,No
37882,07/18/2026 10:51 AM,Maribel,Modifiers,+ Extra shot,Latte,1,1.00,0.00,,1.00,No
37882,07/18/2026 10:51 AM,Maribel,Breakfast,Breakfast Sandwich,,1,9.50,0.00,,9.50,No
37883,07/18/2026 12:11 PM,Ines,Coffee & Tea,Drip Coffee,,1,3.00,0.00,,3.00,No
37883,07/18/2026 12:11 PM,Ines,Coffee & Tea,Cappuccino,,1,4.75,0.00,,4.75,No
37883,07/18/2026 12:11 PM,Ines,Bakery,Croissant,,1,3.75,0.00,,3.75,No
37884,07/18/2026 02:12 PM,Rashid,Bakery,Croissant,,1,3.75,0.00,,3.75,No
37884,07/18/2026 02:12 PM,Rashid,Coffee & Tea,Chai Tea,,1,4.75,0.00,,4.75,No
37885,07/18/2026 02:32 PM,Theo,Coffee & Tea,Cold Brew,,1,4.50,0.00,,4.50,No
37885,07/18/2026 02:32 PM,Theo,Modifiers,+ Oat milk,Cold Brew,1,0.75,0.00,,0.75,No
37885,07/18/2026 02:32 PM,Theo,Modifiers,+ Vanilla syrup,Cold Brew,1,0.60,0.00,,0.60,No
37885,07/18/2026 02:32 PM,Theo,Bakery,Croissant,,1,3.75,0.00,,3.75,No
37885,07/18/2026 02:32 PM,Theo,Lunch,Turkey Club,,1,13.50,0.00,,13.50,No
37886,07/18/2026 02:45 PM,Theo,Coffee & Tea,Chai Tea,,1,4.75,0.00,,4.75,No
37886,07/18/2026 02:45 PM,Theo,Breakfast,Oatmeal Bowl,,1,7.50,0.00,,7.50,No
37887,07/18/2026 07:31 AM,Theo,Coffee & Tea,Chai Tea,,1,4.75,0.00,,4.75,No
37888,07/18/2026 02:58 PM,Theo,Breakfast,Breakfast Sandwich,,1,9.50,0.00,,9.50,No
37888,07/18/2026 02:58 PM,Theo,Modifiers,+ Add egg,Breakfast Sandwich,1,1.50,0.00,,1.50,No
37889,07/18/2026 11:09 AM,Maribel,Lunch,Soup of the Day,,1,7.00,0.00,,7.00,No
37890,07/18/2026 08:33 AM,Theo,Bakery,Blueberry Muffin,,1,3.50,1.75,Staff meal 50%,1.75,No
37891,07/18/2026 02:14 PM,Rashid,Breakfast,Breakfast Sandwich,,1,9.50,0.00,,9.50,No
37892,07/18/2026 12:58 PM,Ines,Bakery,Croissant,,1,3.75,0.00,,3.75,No
37892,07/18/2026 12:58 PM,Ines,Coffee & Tea,Drip Coffee,,1,3.00,0.00,,3.00,No
37893,07/18/2026 11:34 AM,Rashid,Breakfast,Oatmeal Bowl,,1,7.50,7.50,Comp - manager,0.00,No
37893,07/18/2026 11:34 AM,Rashid,Lunch,Turkey Club,,1,13.50,13.50,Comp - manager,0.00,No
37893,07/18/2026 11:34 AM,Rashid,Modifiers,+ Add bacon,Turkey Club,1,2.50,2.50,Comp - manager,0.00,No
37894,07/18/2026 10:12 AM,Theo,Bakery,Croissant,,1,3.75,0.00,,3.75,No
37894,07/18/2026 10:12 AM,Theo,Breakfast,Oatmeal Bowl,,1,7.50,0.00,,7.50,No
37894,07/18/2026 10:12 AM,Theo,Lunch,Greek Salad,,1,12.00,0.00,,12.00,No
37895,07/18/2026 11:57 AM,Theo,Lunch,Soup of the Day,,1,7.00,0.00,,7.00,No
37895,07/18/2026 11:57 AM,Theo,Breakfast,Breakfast Sandwich,,1,9.50,0.00,,9.50,No
37895,07/18/2026 11:57 AM,Theo,Modifiers,+ Add bacon,Breakfast Sandwich,1,2.50,0.00,,2.50,No
37896,07/18/2026 01:19 PM,Ines,Coffee & Tea,Latte,,1,5.25,0.00,,5.25,No
37896,07/18/2026 01:19 PM,Ines,Modifiers,+ Oat milk,Latte,1,0.75,0.00,,0.75,No
37896,07/18/2026 01:19 PM,Ines,Breakfast,Avocado Toast,,1,11.00,0.00,,11.00,No
37896,07/18/2026 01:19 PM,Ines,Coffee & Tea,Drip Coffee,,1,3.00,0.00,,3.00,No
37897,07/18/2026 02:16 PM,Rashid,Bakery,Blueberry Muffin,,1,3.50,0.00,,3.50,No
37898,07/18/2026 11:04 AM,Rashid,Coffee & Tea,Latte,,1,5.25,0.00,,5.25,No
37898,07/18/2026 11:04 AM,Rashid,Modifiers,+ Oat milk,Latte,1,0.75,0.00,,0.75,No
37898,07/18/2026 11:04 AM,Rashid,Breakfast,Breakfast Sandwich,,1,9.50,0.00,,9.50,No
37898,07/18/2026 11:04 AM,Rashid,Modifiers,+ Add bacon,Breakfast Sandwich,1,2.50,0.00,,2.50,No
37898,07/18/2026 11:04 AM,Rashid,Coffee & Tea,Cappuccino,,1,4.75,0.00,,4.75,No
37898,07/18/2026 11:04 AM,Rashid,Modifiers,+ Oat milk,Cappuccino,1,0.75,0.00,,0.75,No
37899,07/18/2026 01:05 PM,Maribel,Coffee & Tea,Cappuccino,,1,4.75,0.00,,4.75,No
37899,07/18/2026 01:05 PM,Maribel,Modifiers,+ Oat milk,Cappuccino,1,0.75,0.00,,0.75,No
37900,07/18/2026 09:49 AM,Maribel,Bakery,Chocolate Chip Cookie,,1,2.75,0.00,,2.75,No
37901,07/18/2026 02:21 PM,Rashid,Breakfast,Avocado Toast,,1,11.00,0.00,,11.00,No
37902,07/18/2026 09:52 AM,Ines,Coffee & Tea,Cold Brew,,1,4.50,0.00,,4.50,No
37903,07/18/2026 08:00 AM,Rashid,Coffee & Tea,Drip Coffee,,1,3.00,0.00,,3.00,No
37903,07/18/2026 08:00 AM,Rashid,Coffee & Tea,Latte,,1,5.25,0.00,,5.25,No
37903,07/18/2026 08:00 AM,Rashid,Modifiers,+ Oat milk,Latte,1,0.75,0.00,,0.75,No
37903,07/18/2026 08:00 AM,Rashid,Coffee & Tea,Latte,,1,5.25,0.00,,5.25,No
37903,07/18/2026 08:00 AM,Rashid,Modifiers,+ Extra shot,Latte,1,1.00,0.00,,1.00,No
37904,07/18/2026 01:45 PM,Rashid,Coffee & Tea,Latte,,1,5.25,0.00,,5.25,No
37904,07/18/2026 01:45 PM,Rashid,Modifiers,+ Oat milk,Latte,1,0.75,0.00,,0.75,No
37905,07/18/2026 11:07 AM,Kai,Coffee & Tea,Latte,,1,5.25,0.00,,5.25,No
37905,07/18/2026 11:07 AM,Kai,Lunch,Greek Salad,,1,12.00,0.00,,12.00,No
37906,07/18/2026 10:59 AM,Kai,Breakfast,Avocado Toast,,1,11.00,0.00,,11.00,No
37907,07/18/2026 07:01 AM,Maribel,Coffee & Tea,Latte,,1,5.25,0.00,,5.25,No
37907,07/18/2026 07:01 AM,Maribel,Modifiers,+ Oat milk,Latte,1,0.75,0.00,,0.75,No
37907,07/18/2026 07:01 AM,Maribel,Coffee & Tea,Latte,,1,5.25,0.00,,5.25,No
37908,07/18/2026 09:36 AM,Kai,Coffee & Tea,Cold Brew,,1,4.50,0.00,,4.50,No
37908,07/18/2026 09:36 AM,Kai,Bakery,Chocolate Chip Cookie,,1,2.75,0.00,,2.75,No
37909,07/18/2026 02:40 PM,Ines,Coffee & Tea,Latte,,1,5.25,0.00,,5.25,No
37909,07/18/2026 02:40 PM,Ines,Coffee & Tea,Chai Tea,,1,4.75,0.00,,4.75,No
37910,07/18/2026 02:08 PM,Maribel,Bakery,Chocolate Chip Cookie,,1,2.75,0.00,,2.75,No
37911,07/18/2026 11:28 AM,Maribel,Bakery,Chocolate Chip Cookie,,1,2.75,0.00,,2.75,No
37912,07/18/2026 11:59 AM,Theo,Lunch,Greek Salad,,1,12.00,0.00,,12.00,No
37913,07/18/2026 09:20 AM,Ines,Bakery,Blueberry Muffin,,1,3.50,0.00,,3.50,No
37914,07/18/2026 02:21 PM,Kai,Coffee & Tea,Drip Coffee,,1,3.00,0.00,,3.00,No
37914,07/18/2026 02:21 PM,Kai,Bakery,Croissant,,1,3.75,0.00,,3.75,No
37915,07/18/2026 09:25 AM,Kai,Breakfast,Breakfast Sandwich,,1,9.50,0.00,,9.50,No
37915,07/18/2026 09:25 AM,Kai,Modifiers,+ Add bacon,Breakfast Sandwich,1,2.50,0.00,,2.50,No
37915,07/18/2026 09:25 AM,Kai,Modifiers,+ Add egg,Breakfast Sandwich,1,1.50,0.00,,1.50,No
37916,07/18/2026 01:12 PM,Theo,Lunch,Greek Salad,,1,12.00,0.00,,12.00,No
37916,07/18/2026 01:12 PM,Theo,Bakery,Croissant,,1,3.75,0.00,,3.75,No
37916,07/18/2026 01:12 PM,Theo,Coffee & Tea,Cold Brew,,1,4.50,0.00,,4.50,No
37916,07/18/2026 01:12 PM,Theo,Modifiers,+ Oat milk,Cold Brew,1,0.75,0.00,,0.75,No
37917,07/18/2026 09:38 AM,Rashid,Breakfast,Oatmeal Bowl,,1,7.50,0.00,,7.50,No
37917,07/18/2026 09:38 AM,Rashid,Coffee & Tea,Latte,,1,5.25,0.00,,5.25,No
37917,07/18/2026 09:38 AM,Rashid,Modifiers,+ Extra shot,Latte,1,1.00,0.00,,1.00,No
37918,07/19/2026 08:22 AM,Ines,Coffee & Tea,Latte,,1,5.25,0.00,,5.25,No
37919,07/19/2026 01:46 PM,Kai,Coffee & Tea,Drip Coffee,,1,3.00,0.00,,3.00,No
37919,07/19/2026 01:46 PM,Kai,Coffee & Tea,Cold Brew,,1,4.50,0.00,,4.50,No
37919,07/19/2026 01:46 PM,Kai,Breakfast,Breakfast Sandwich,,1,9.50,0.00,,9.50,No
37920,07/19/2026 12:32 PM,Ines,Breakfast,Breakfast Sandwich,,1,9.50,0.00,,9.50,No
37920,07/19/2026 12:32 PM,Ines,Modifiers,+ Add egg,Breakfast Sandwich,1,1.50,0.00,,1.50,No
37920,07/19/2026 12:32 PM,Ines,Breakfast,Breakfast Sandwich,,1,9.50,0.00,,9.50,No
37920,07/19/2026 12:32 PM,Ines,Modifiers,+ Add bacon,Breakfast Sandwich,1,2.50,0.00,,2.50,No
37921,07/19/2026 12:34 PM,Ines,Coffee & Tea,Cappuccino,,1,4.75,0.00,,4.75,No
37921,07/19/2026 12:34 PM,Ines,Lunch,Turkey Club,,1,13.50,0.00,,13.50,No
37921,07/19/2026 12:34 PM,Ines,Coffee & Tea,Latte,,1,5.25,0.00,,5.25,No
37922,07/19/2026 02:02 PM,Theo,Breakfast,Oatmeal Bowl,,1,7.50,0.00,,7.50,No
37922,07/19/2026 02:02 PM,Theo,Breakfast,Avocado Toast,,1,11.00,11.00,Comp - manager,0.00,No
37923,07/19/2026 10:18 AM,Maribel,Coffee & Tea,Cold Brew,,1,4.50,0.00,,4.50,No
37923,07/19/2026 10:18 AM,Maribel,Coffee & Tea,Latte,,1,5.25,0.00,,5.25,No
37923,07/19/2026 10:18 AM,Maribel,Modifiers,+ Oat milk,Latte,1,0.75,0.00,,0.75,No
37924,07/19/2026 01:30 PM,Ines,Breakfast,Breakfast Sandwich,,1,9.50,0.00,,9.50,No
37925,07/19/2026 09:36 AM,Maribel,Coffee & Tea,Drip Coffee,,1,3.00,0.00,,3.00,No
37926,07/19/2026 07:14 AM,Ines,Coffee & Tea,Drip Coffee,,1,3.00,0.00,,3.00,No
37927,07/19/2026 09:31 AM,Kai,Coffee & Tea,Drip Coffee,,1,3.00,0.00,,3.00,No
37927,07/19/2026 09:31 AM,Kai,Breakfast,Avocado Toast,,1,11.00,0.00,,11.00,No
37927,07/19/2026 09:31 AM,Kai,Modifiers,+ Add egg,Avocado Toast,1,1.50,0.00,,1.50,No
37927,07/19/2026 09:31 AM,Kai,Modifiers,+ Gluten-free bread,Avocado Toast,1,1.50,0.00,,1.50,No
37928,07/19/2026 11:25 AM,Theo,Coffee & Tea,Latte,,1,5.25,0.00,,5.25,No
37929,07/19/2026 09:07 AM,Rashid,Bakery,Chocolate Chip Cookie,,1,2.75,0.00,,2.75,No
37929,07/19/2026 09:07 AM,Rashid,Coffee & Tea,Cold Brew,,1,4.50,0.00,,4.50,No
37929,07/19/2026 09:07 AM,Rashid,Bakery,Blueberry Muffin,,1,3.50,0.00,,3.50,No
37930,07/19/2026 09:48 AM,Maribel,Bakery,Chocolate Chip Cookie,,1,2.75,0.00,,2.75,No
37931,07/19/2026 01:39 PM,Ines,Bakery,Croissant,,1,3.75,0.00,,3.75,No
37931,07/19/2026 01:39 PM,Ines,Coffee & Tea,Latte,,1,5.25,0.00,,5.25,No
37931,07/19/2026 01:39 PM,Ines,Modifiers,+ Extra shot,Latte,1,1.00,0.00,,1.00,No
37932,07/19/2026 02:39 PM,Maribel,Breakfast,Oatmeal Bowl,,1,7.50,0.00,,7.50,No
37933,07/19/2026 07:59 AM,Ines,Lunch,Soup of the Day,,1,7.00,0.00,,7.00,No
37933,07/19/2026 07:59 AM,Ines,Bakery,Chocolate Chip Cookie,,1,2.75,0.00,,2.75,No
37933,07/19/2026 07:59 AM,Ines,Coffee & Tea,Latte,,1,5.25,0.00,,5.25,No
37933,07/19/2026 07:59 AM,Ines,Modifiers,+ Oat milk,Latte,1,0.75,0.00,,0.75,No
37934,07/19/2026 09:07 AM,Theo,Breakfast,Breakfast Sandwich,,1,9.50,0.00,,9.50,No
37934,07/19/2026 09:07 AM,Theo,Breakfast,Breakfast Sandwich,,1,9.50,0.00,,9.50,No
37934,07/19/2026 09:07 AM,Theo,Modifiers,+ Add bacon,Breakfast Sandwich,1,2.50,0.00,,2.50,No
37934,07/19/2026 09:07 AM,Theo,Modifiers,+ Add egg,Breakfast Sandwich,1,1.50,0.00,,1.50,No
37934,07/19/2026 09:07 AM,Theo,Breakfast,Breakfast Sandwich,,1,9.50,0.00,,9.50,No
37934,07/19/2026 09:07 AM,Theo,Modifiers,+ Add bacon,Breakfast Sandwich,1,2.50,0.00,,2.50,No
37935,07/19/2026 01:55 PM,Ines,Breakfast,Oatmeal Bowl,,1,7.50,0.00,,7.50,No
37936,07/19/2026 11:58 AM,Ines,Coffee & Tea,Cappuccino,,1,4.75,0.00,,4.75,No
37936,07/19/2026 11:58 AM,Ines,Modifiers,+ Extra shot,Cappuccino,1,1.00,0.00,,1.00,No
37936,07/19/2026 11:58 AM,Ines,Coffee & Tea,Drip Coffee,,1,3.00,0.00,,3.00,No
37936,07/19/2026 11:58 AM,Ines,Breakfast,Avocado Toast,,1,11.00,0.00,,11.00,No
37937,07/19/2026 08:57 AM,Kai,Coffee & Tea,Chai Tea,,1,4.75,0.00,,4.75,No
37937,07/19/2026 08:57 AM,Kai,Bakery,Croissant,,1,3.75,0.00,,3.75,No
37938,07/19/2026 12:24 PM,Ines,Coffee & Tea,Cold Brew,,1,4.50,0.00,,4.50,No
37938,07/19/2026 12:24 PM,Ines,Breakfast,Avocado Toast,,1,11.00,0.00,,11.00,No
37938,07/19/2026 12:24 PM,Ines,Modifiers,+ Add egg,Avocado Toast,1,1.50,0.00,,1.50,No
37938,07/19/2026 12:24 PM,Ines,Coffee & Tea,Drip Coffee,,1,3.00,0.00,,3.00,No
37939,07/19/2026 12:26 PM,Maribel,Lunch,Turkey Club,,1,13.50,0.00,,13.50,No
37940,07/19/2026 02:36 PM,Kai,Lunch,Turkey Club,,1,13.50,0.00,,13.50,No
37940,07/19/2026 02:36 PM,Kai,Coffee & Tea,Drip Coffee,,1,3.00,0.00,,3.00,No
37941,07/19/2026 08:07 AM,Theo,Lunch,Greek Salad,,1,12.00,0.00,,12.00,No
37941,07/19/2026 08:07 AM,Theo,Bakery,Croissant,,1,3.75,0.00,,3.75,No
37941,07/19/2026 08:07 AM,Theo,Coffee & Tea,Chai Tea,,1,4.75,0.00,,4.75,No
37942,07/19/2026 01:58 PM,Theo,Breakfast,Breakfast Sandwich,,1,9.50,0.00,,9.50,No
37942,07/19/2026 01:58 PM,Theo,Modifiers,+ Add bacon,Breakfast Sandwich,1,2.50,0.00,,2.50,No
37942,07/19/2026 01:58 PM,Theo,Modifiers,+ Add egg,Breakfast Sandwich,1,1.50,0.00,,1.50,No
37942,07/19/2026 01:58 PM,Theo,Coffee & Tea,Drip Coffee,,1,3.00,0.00,,3.00,No
37943,07/19/2026 01:49 PM,Maribel,Coffee & Tea,Cold Brew,,1,4.50,0.00,,0.00,Yes
37943,07/19/2026 01:49 PM,Maribel,Bakery,Blueberry Muffin,,1,3.50,0.00,,3.50,No
37944,07/19/2026 07:53 AM,Maribel,Breakfast,Breakfast Sandwich,,1,9.50,0.00,,9.50,No
37944,07/19/2026 07:53 AM,Maribel,Modifiers,+ Add egg,Breakfast Sandwich,1,1.50,0.00,,1.50,No
37944,07/19/2026 07:53 AM,Maribel,Lunch,Turkey Club,,1,13.50,0.00,,13.50,No
37944,07/19/2026 07:53 AM,Maribel,Modifiers,+ Add bacon,Turkey Club,1,2.50,0.00,,2.50,No
37945,07/19/2026 12:13 PM,Theo,Breakfast,Breakfast Sandwich,,1,9.50,0.00,,9.50,No
37945,07/19/2026 12:13 PM,Theo,Modifiers,+ Add egg,Breakfast Sandwich,1,1.50,0.00,,1.50,No
37945,07/19/2026 12:13 PM,Theo,Coffee & Tea,Latte,,1,5.25,0.00,,5.25,No
37945,07/19/2026 12:13 PM,Theo,Coffee & Tea,Cold Brew,,1,4.50,0.00,,4.50,No
37945,07/19/2026 12:13 PM,Theo,Modifiers,+ Oat milk,Cold Brew,1,0.75,0.00,,0.75,No
37946,07/19/2026 08:36 AM,Ines,Coffee & Tea,Cold Brew,,1,4.50,0.00,,4.50,No
37946,07/19/2026 08:36 AM,Ines,Modifiers,+ Oat milk,Cold Brew,1,0.75,0.00,,0.75,No
37947,07/19/2026 01:42 PM,Theo,Coffee & Tea,Latte,,1,5.25,0.00,,5.25,No
37947,07/19/2026 01:42 PM,Theo,Modifiers,+ Oat milk,Latte,1,0.75,0.00,,0.75,No
37948,07/19/2026 01:35 PM,Ines,Coffee & Tea,Drip Coffee,,1,3.00,0.00,,3.00,No
37949,07/19/2026 08:45 AM,Rashid,Lunch,Soup of the Day,,1,7.00,0.00,,7.00,No
37949,07/19/2026 08:45 AM,Rashid,Coffee & Tea,Latte,,1,5.25,0.00,,5.25,No
37949,07/19/2026 08:45 AM,Rashid,Breakfast,Avocado Toast,,1,11.00,0.00,,11.00,No
37949,07/19/2026 08:45 AM,Rashid,Modifiers,+ Add egg,Avocado Toast,1,1.50,0.00,,1.50,No
37950,07/19/2026 02:02 PM,Ines,Coffee & Tea,Cappuccino,,1,4.75,0.00,,4.75,No
37950,07/19/2026 02:02 PM,Ines,Coffee & Tea,Cold Brew,,1,4.50,0.00,,4.50,No
37950,07/19/2026 02:02 PM,Ines,Modifiers,+ Oat milk,Cold Brew,1,0.75,0.00,,0.75,No
37951,07/19/2026 07:56 AM,Ines,Breakfast,Avocado Toast,,1,11.00,0.00,,11.00,No
37951,07/19/2026 07:56 AM,Ines,Coffee & Tea,Latte,,1,5.25,0.00,,5.25,No
37951,07/19/2026 07:56 AM,Ines,Coffee & Tea,Latte,,1,5.25,0.00,,5.25,No
37951,07/19/2026 07:56 AM,Ines,Modifiers,+ Oat milk,Latte,1,0.75,0.00,,0.75,No
37952,07/19/2026 01:06 PM,Theo,Breakfast,Breakfast Sandwich,,1,9.50,0.00,,9.50,No
37953,07/19/2026 02:21 PM,Rashid,Coffee & Tea,Drip Coffee,,1,3.00,0.00,,3.00,No
37953,07/19/2026 02:21 PM,Rashid,Bakery,Blueberry Muffin,,1,3.50,0.00,,3.50,No
37953,07/19/2026 02:21 PM,Rashid,Coffee & Tea,Cappuccino,,1,4.75,0.00,,4.75,No
37954,07/19/2026 02:11 PM,Kai,Breakfast,Oatmeal Bowl,,1,7.50,0.00,,7.50,No
37955,07/19/2026 10:58 AM,Kai,Coffee & Tea,Drip Coffee,,1,3.00,0.00,,3.00,No
37955,07/19/2026 10:58 AM,Kai,Bakery,Croissant,,1,3.75,0.00,,3.75,No
37956,07/19/2026 11:42 AM,Ines,Bakery,Chocolate Chip Cookie,,1,2.75,0.00,,2.75,No
37956,07/19/2026 11:42 AM,Ines,Coffee & Tea,Chai Tea,,1,4.75,0.00,,4.75,No
37956,07/19/2026 11:42 AM,Ines,Coffee & Tea,Cold Brew,,1,4.50,0.00,,4.50,No
37957,07/19/2026 01:59 PM,Kai,Coffee & Tea,Cappuccino,,1,4.75,0.00,,4.75,No
37957,07/19/2026 01:59 PM,Kai,Breakfast,Breakfast Sandwich,,1,9.50,0.00,,9.50,No
37957,07/19/2026 01:59 PM,Kai,Modifiers,+ Add bacon,Breakfast Sandwich,1,2.50,0.00,,2.50,No
37958,07/19/2026 11:22 AM,Ines,Coffee & Tea,Latte,,1,5.25,5.25,Comp - manager,0.00,No
37958,07/19/2026 11:22 AM,Ines,Coffee & Tea,Cappuccino,,1,4.75,4.75,Comp - manager,0.00,No
37959,07/19/2026 10:06 AM,Ines,Breakfast,Breakfast Sandwich,,1,9.50,0.00,,9.50,No
37959,07/19/2026 10:06 AM,Ines,Modifiers,+ Add egg,Breakfast Sandwich,1,1.50,0.00,,1.50,No
37959,07/19/2026 10:06 AM,Ines,Modifiers,+ Add avocado,Breakfast Sandwich,1,2.00,0.00,,2.00,No
37959,07/19/2026 10:06 AM,Ines,Coffee & Tea,Drip Coffee,,1,3.00,0.00,,3.00,No
37960,07/19/2026 11:12 AM,Theo,Breakfast,Breakfast Sandwich,,1,9.50,0.00,,9.50,No
37960,07/19/2026 11:12 AM,Theo,Modifiers,+ Add bacon,Breakfast Sandwich,1,2.50,0.00,,2.50,No
37961,07/19/2026 08:01 AM,Kai,Coffee & Tea,Chai Tea,,1,4.75,2.38,Staff meal 50%,2.37,No
37962,07/19/2026 08:00 AM,Theo,Coffee & Tea,Cappuccino,,1,4.75,0.00,,4.75,No
37962,07/19/2026 08:00 AM,Theo,Lunch,Greek Salad,,1,12.00,0.00,,12.00,No
37962,07/19/2026 08:00 AM,Theo,Bakery,Blueberry Muffin,,1,3.50,0.00,,3.50,No
37963,07/19/2026 08:00 AM,Ines,Coffee & Tea,Cold Brew,,1,4.50,0.00,,4.50,No
37963,07/19/2026 08:00 AM,Ines,Coffee & Tea,Cappuccino,,1,4.75,0.00,,4.75,No
37964,07/19/2026 09:46 AM,Kai,Breakfast,Breakfast Sandwich,,1,9.50,0.00,,9.50,No
37964,07/19/2026 09:46 AM,Kai,Modifiers,+ Add bacon,Breakfast Sandwich,1,2.50,0.00,,2.50,No
37964,07/19/2026 09:46 AM,Kai,Coffee & Tea,Latte,,1,5.25,0.00,,5.25,No
37965,07/19/2026 11:36 AM,Kai,Coffee & Tea,Cold Brew,,1,4.50,0.00,,4.50,No
37965,07/19/2026 11:36 AM,Kai,Modifiers,+ Vanilla syrup,Cold Brew,1,0.60,0.00,,0.60,No
37966,07/20/2026 07:59 AM,Rashid,Breakfast,Oatmeal Bowl,,1,7.50,0.00,,7.50,No
37966,07/20/2026 07:59 AM,Rashid,Coffee & Tea,Latte,,1,5.25,0.00,,5.25,No
37967,07/20/2026 11:51 AM,Rashid,Coffee & Tea,Chai Tea,,1,4.75,0.00,,4.75,No
37967,07/20/2026 11:51 AM,Rashid,Coffee & Tea,Chai Tea,,1,4.75,0.00,,4.75,No
37968,07/20/2026 12:53 PM,Ines,Breakfast,Breakfast Sandwich,,1,9.50,0.00,,9.50,No
37968,07/20/2026 12:53 PM,Ines,Bakery,Chocolate Chip Cookie,,1,2.75,0.00,,2.75,No
37968,07/20/2026 12:53 PM,Ines,Coffee & Tea,Drip Coffee,,1,3.00,0.00,,3.00,No
37969,07/20/2026 07:00 AM,Theo,Bakery,Croissant,,1,3.75,0.00,,3.75,No
37969,07/20/2026 07:00 AM,Theo,Coffee & Tea,Drip Coffee,,1,3.00,0.00,,3.00,No
37970,07/20/2026 01:47 PM,Kai,Coffee & Tea,Cappuccino,,1,4.75,0.00,,4.75,No
37971,07/20/2026 10:39 AM,Theo,Breakfast,Breakfast Sandwich,,1,9.50,0.00,,9.50,No
37971,07/20/2026 10:39 AM,Theo,Modifiers,+ Add bacon,Breakfast Sandwich,1,2.50,0.00,,2.50,No
37971,07/20/2026 10:39 AM,Theo,Modifiers,+ Add egg,Breakfast Sandwich,1,1.50,0.00,,1.50,No
37971,07/20/2026 10:39 AM,Theo,Coffee & Tea,Chai Tea,,1,4.75,0.00,,4.75,No
37972,07/20/2026 08:20 AM,Kai,Bakery,Croissant,,1,3.75,0.00,,3.75,No
37973,07/20/2026 08:52 AM,Maribel,Coffee & Tea,Cold Brew,,1,4.50,0.00,,4.50,No
37973,07/20/2026 08:52 AM,Maribel,Modifiers,+ Vanilla syrup,Cold Brew,1,0.60,0.00,,0.60,No
37973,07/20/2026 08:52 AM,Maribel,Coffee & Tea,Chai Tea,,1,4.75,0.00,,4.75,No
37973,07/20/2026 08:52 AM,Maribel,Breakfast,Breakfast Sandwich,,1,9.50,0.00,,9.50,No
37974,07/20/2026 09:25 AM,Rashid,Bakery,Blueberry Muffin,,1,3.50,3.50,Comp - manager,0.00,No
37974,07/20/2026 09:25 AM,Rashid,Coffee & Tea,Cappuccino,,1,4.75,0.00,,4.75,No
37974,07/20/2026 09:25 AM,Rashid,Modifiers,+ Oat milk,Cappuccino,1,0.75,0.00,,0.75,No
37975,07/20/2026 01:10 PM,Kai,Coffee & Tea,Chai Tea,,1,4.75,0.00,,4.75,No
37975,07/20/2026 01:10 PM,Kai,Coffee & Tea,Cold Brew,,1,4.50,0.00,,4.50,No
37975,07/20/2026 01:10 PM,Kai,Modifiers,+ Oat milk,Cold Brew,1,0.75,0.00,,0.75,No
37975,07/20/2026 01:10 PM,Kai,Coffee & Tea,Cold Brew,,1,4.50,0.00,,4.50,No
37975,07/20/2026 01:10 PM,Kai,Modifiers,+ Oat milk,Cold Brew,1,0.75,0.00,,0.75,No
37976,07/20/2026 12:38 PM,Rashid,Bakery,Chocolate Chip Cookie,,1,2.75,0.00,,2.75,No
37976,07/20/2026 12:38 PM,Rashid,Bakery,Chocolate Chip Cookie,,1,2.75,0.00,,2.75,No
37977,07/20/2026 01:11 PM,Ines,Coffee & Tea,Latte,,1,5.25,2.62,Staff meal 50%,2.63,No
37977,07/20/2026 01:11 PM,Ines,Modifiers,+ Oat milk,Latte,1,0.75,0.38,Staff meal 50%,0.37,No
37977,07/20/2026 01:11 PM,Ines,Lunch,Soup of the Day,,1,7.00,3.50,Staff meal 50%,3.50,No
37977,07/20/2026 01:11 PM,Ines,Lunch,Turkey Club,,1,13.50,6.75,Staff meal 50%,6.75,No
37978,07/20/2026 07:08 AM,Ines,Breakfast,Breakfast Sandwich,,1,9.50,0.00,,9.50,No
37978,07/20/2026 07:08 AM,Ines,Modifiers,+ Add avocado,Breakfast Sandwich,1,2.00,0.00,,2.00,No
37978,07/20/2026 07:08 AM,Ines,Coffee & Tea,Latte,,1,5.25,0.00,,5.25,No
37978,07/20/2026 07:08 AM,Ines,Modifiers,+ Oat milk,Latte,1,0.75,0.00,,0.75,No
37978,07/20/2026 07:08 AM,Ines,Lunch,Greek Salad,,1,12.00,0.00,,12.00,No
37979,07/20/2026 01:42 PM,Rashid,Coffee & Tea,Cappuccino,,1,4.75,0.00,,4.75,No
37980,07/20/2026 09:17 AM,Rashid,Breakfast,Oatmeal Bowl,,1,7.50,0.00,,7.50,No
37980,07/20/2026 09:17 AM,Rashid,Coffee & Tea,Cappuccino,,1,4.75,0.00,,4.75,No
37980,07/20/2026 09:17 AM,Rashid,Coffee & Tea,Cold Brew,,1,4.50,0.00,,4.50,No
37981,07/20/2026 12:10 PM,Maribel,Lunch,Greek Salad,,1,12.00,0.00,,12.00,No
37981,07/20/2026 12:10 PM,Maribel,Lunch,Greek Salad,,1,12.00,0.00,,12.00,No
37982,07/20/2026 02:02 PM,Ines,Breakfast,Avocado Toast,,1,11.00,0.00,,11.00,No
37982,07/20/2026 02:02 PM,Ines,Coffee & Tea,Cappuccino,,1,4.75,0.00,,4.75,No
37982,07/20/2026 02:02 PM,Ines,Modifiers,+ Extra shot,Cappuccino,1,1.00,0.00,,1.00,No
37982,07/20/2026 02:02 PM,Ines,Breakfast,Breakfast Sandwich,,1,9.50,0.00,,9.50,No
37983,07/20/2026 09:51 AM,Theo,Coffee & Tea,Drip Coffee,,1,3.00,0.00,,3.00,No
37983,07/20/2026 09:51 AM,Theo,Coffee & Tea,Drip Coffee,,1,3.00,0.00,,3.00,No
37984,07/20/2026 08:11 AM,Rashid,Lunch,Soup of the Day,,1,7.00,0.00,,7.00,No
37984,07/20/2026 08:11 AM,Rashid,Bakery,Chocolate Chip Cookie,,1,2.75,0.00,,2.75,No
37985,07/20/2026 02:14 PM,Rashid,Lunch,Greek Salad,,1,12.00,0.00,,12.00,No
37985,07/20/2026 02:14 PM,Rashid,Lunch,Turkey Club,,1,13.50,0.00,,13.50,No
37985,07/20/2026 02:14 PM,Rashid,Coffee & Tea,Latte,,1,5.25,0.00,,5.25,No
37985,07/20/2026 02:14 PM,Rashid,Modifiers,+ Oat milk,Latte,1,0.75,0.00,,0.75,No
37986,07/20/2026 12:34 PM,Maribel,Coffee & Tea,Latte,,1,5.25,2.62,Staff meal 50%,2.63,No
37986,07/20/2026 12:34 PM,Maribel,Modifiers,+ Oat milk,Latte,1,0.75,0.38,Staff meal 50%,0.37,No
37987,07/20/2026 09:56 AM,Ines,Lunch,Turkey Club,,1,13.50,0.00,,13.50,No
37987,07/20/2026 09:56 AM,Ines,Modifiers,+ No onions,Turkey Club,1,0.00,0.00,,0.00,No
37988,07/20/2026 08:17 AM,Rashid,Breakfast,Avocado Toast,,1,11.00,0.00,,11.00,No
37989,07/20/2026 07:37 AM,Rashid,Bakery,Blueberry Muffin,,1,3.50,0.00,,3.50,No
37989,07/20/2026 07:37 AM,Rashid,Breakfast,Avocado Toast,,1,11.00,0.00,,11.00,No
37990,07/20/2026 09:47 AM,Ines,Lunch,Greek Salad,,1,12.00,0.00,,12.00,No
37990,07/20/2026 09:47 AM,Ines,Breakfast,Breakfast Sandwich,,1,9.50,0.00,,9.50,No
37991,07/20/2026 02:34 PM,Rashid,Coffee & Tea,Drip Coffee,,1,3.00,0.00,,3.00,No
37991,07/20/2026 02:34 PM,Rashid,Breakfast,Breakfast Sandwich,,1,9.50,0.00,,9.50,No
37991,07/20/2026 02:34 PM,Rashid,Modifiers,+ Add egg,Breakfast Sandwich,1,1.50,0.00,,1.50,No
37992,07/20/2026 10:35 AM,Maribel,Coffee & Tea,Drip Coffee,,1,3.00,0.00,,3.00,No
37992,07/20/2026 10:35 AM,Maribel,Lunch,Soup of the Day,,1,7.00,0.00,,7.00,No
37992,07/20/2026 10:35 AM,Maribel,Coffee & Tea,Cappuccino,,1,4.75,0.00,,4.75,No
37992,07/20/2026 10:35 AM,Maribel,Modifiers,+ Oat milk,Cappuccino,1,0.75,0.00,,0.75,No
37992,07/20/2026 10:35 AM,Maribel,Modifiers,+ Extra shot,Cappuccino,1,1.00,0.00,,1.00,No
37993,07/20/2026 01:10 PM,Theo,Coffee & Tea,Cold Brew,,1,4.50,0.00,,4.50,No
37993,07/20/2026 01:10 PM,Theo,Modifiers,+ Oat milk,Cold Brew,1,0.75,0.00,,0.75,No
37993,07/20/2026 01:10 PM,Theo,Modifiers,+ Vanilla syrup,Cold Brew,1,0.60,0.00,,0.60,No
37994,07/20/2026 11:31 AM,Theo,Bakery,Blueberry Muffin,,1,3.50,0.00,,3.50,No
37994,07/20/2026 11:31 AM,Theo,Coffee & Tea,Drip Coffee,,1,3.00,0.00,,3.00,No
37994,07/20/2026 11:31 AM,Theo,Coffee & Tea,Chai Tea,,1,4.75,0.00,,4.75,No
37995,07/20/2026 11:44 AM,Theo,Coffee & Tea,Cold Brew,,1,4.50,0.00,,4.50,No
37995,07/20/2026 11:44 AM,Theo,Bakery,Croissant,,1,3.75,0.00,,3.75,No
37996,07/20/2026 07:38 AM,Ines,Coffee & Tea,Drip Coffee,,1,3.00,0.00,,3.00,No
37997,07/20/2026 08:29 AM,Maribel,Coffee & Tea,Drip Coffee,,1,3.00,0.00,,3.00,No
37997,07/20/2026 08:29 AM,Maribel,Lunch,Soup of the Day,,1,7.00,0.00,,7.00,No
37998,07/20/2026 11:03 AM,Kai,Lunch,Greek Salad,,1,12.00,0.00,,12.00,No
37998,07/20/2026 11:03 AM,Kai,Lunch,Turkey Club,,1,13.50,0.00,,13.50,No
37999,07/20/2026 11:46 AM,Kai,Lunch,Turkey Club,,1,13.50,6.75,Staff meal 50%,6.75,No
37999,07/20/2026 11:46 AM,Kai,Modifiers,+ Add bacon,Turkey Club,1,2.50,1.25,Staff meal 50%,1.25,No
37999,07/20/2026 11:46 AM,Kai,Lunch,Turkey Club,,1,13.50,6.75,Staff meal 50%,6.75,No
37999,07/20/2026 11:46 AM,Kai,Modifiers,+ Add bacon,Turkey Club,1,2.50,1.25,Staff meal 50%,1.25,No
37999,07/20/2026 11:46 AM,Kai,Coffee & Tea,Drip Coffee,,1,3.00,1.50,Staff meal 50%,1.50,No
38000,07/20/2026 09:26 AM,Maribel,Coffee & Tea,Cappuccino,,1,4.75,0.00,,4.75,No
38000,07/20/2026 09:26 AM,Maribel,Modifiers,+ Oat milk,Cappuccino,1,0.75,0.00,,0.75,No
38000,07/20/2026 09:26 AM,Maribel,Breakfast,Oatmeal Bowl,,1,7.50,0.00,,7.50,No
38000,07/20/2026 09:26 AM,Maribel,Coffee & Tea,Cold Brew,,1,4.50,0.00,,4.50,No
38001,07/20/2026 08:46 AM,Rashid,Coffee & Tea,Drip Coffee,,1,3.00,0.00,,3.00,No
38001,07/20/2026 08:46 AM,Rashid,Breakfast,Breakfast Sandwich,,1,9.50,0.00,,9.50,No
38001,07/20/2026 08:46 AM,Rashid,Modifiers,+ Add bacon,Breakfast Sandwich,1,2.50,0.00,,2.50,No
38001,07/20/2026 08:46 AM,Rashid,Modifiers,+ Add egg,Breakfast Sandwich,1,1.50,0.00,,1.50,No
38001,07/20/2026 08:46 AM,Rashid,Modifiers,+ Add avocado,Breakfast Sandwich,1,2.00,0.00,,2.00,No
38002,07/20/2026 09:11 AM,Ines,Coffee & Tea,Latte,,1,5.25,0.00,,5.25,No
38002,07/20/2026 09:11 AM,Ines,Coffee & Tea,Latte,,1,5.25,0.00,,5.25,No
38002,07/20/2026 09:11 AM,Ines,Modifiers,+ Oat milk,Latte,1,0.75,0.00,,0.75,No
38002,07/20/2026 09:11 AM,Ines,Modifiers,+ Extra shot,Latte,1,1.00,0.00,,1.00,No
38002,07/20/2026 09:11 AM,Ines,Modifiers,+ Vanilla syrup,Latte,1,0.60,0.00,,0.60,No
38002,07/20/2026 09:11 AM,Ines,Breakfast,Avocado Toast,,1,11.00,0.00,,11.00,No
38003,07/20/2026 07:33 AM,Maribel,Coffee & Tea,Latte,,1,5.25,0.00,,5.25,No
38004,07/20/2026 08:01 AM,Ines,Coffee & Tea,Latte,,1,5.25,0.00,,5.25,No
38004,07/20/2026 08:01 AM,Ines,Bakery,Croissant,,1,3.75,0.00,,3.75,No
38005,07/20/2026 07:39 AM,Kai,Coffee & Tea,Latte,,1,5.25,0.00,,5.25,No
38005,07/20/2026 07:39 AM,Kai,Modifiers,+ Oat milk,Latte,1,0.75,0.00,,0.75,No
38006,07/20/2026 10:46 AM,Rashid,Coffee & Tea,Cappuccino,,1,4.75,0.00,,4.75,No
38006,07/20/2026 10:46 AM,Rashid,Modifiers,+ Oat milk,Cappuccino,1,0.75,0.00,,0.75,No
38006,07/20/2026 10:46 AM,Rashid,Breakfast,Oatmeal Bowl,,1,7.50,0.00,,7.50,No
38007,07/20/2026 01:33 PM,Theo,Coffee & Tea,Chai Tea,,1,4.75,0.00,,4.75,No
38007,07/20/2026 01:33 PM,Theo,Coffee & Tea,Chai Tea,,1,4.75,0.00,,4.75,No
38008,07/20/2026 10:36 AM,Theo,Coffee & Tea,Drip Coffee,,1,3.00,0.00,,3.00,No
38009,07/20/2026 12:02 PM,Rashid,Lunch,Turkey Club,,1,13.50,0.00,,13.50,No
38009,07/20/2026 12:02 PM,Rashid,Breakfast,Breakfast Sandwich,,1,9.50,0.00,,9.50,No
38009,07/20/2026 12:02 PM,Rashid,Modifiers,+ Add bacon,Breakfast Sandwich,1,2.50,0.00,,2.50,No
38009,07/20/2026 12:02 PM,Rashid,Modifiers,+ Add avocado,Breakfast Sandwich,1,2.00,0.00,,2.00,No
38009,07/20/2026 12:02 PM,Rashid,Coffee & Tea,Latte,,1,5.25,0.00,,5.25,No
38010,07/21/2026 02:07 PM,Kai,Coffee & Tea,Latte,,1,5.25,0.00,,5.25,No
38010,07/21/2026 02:07 PM,Kai,Modifiers,+ Oat milk,Latte,1,0.75,0.00,,0.75,No
38010,07/21/2026 02:07 PM,Kai,Modifiers,+ Vanilla syrup,Latte,1,0.60,0.00,,0.60,No
38010,07/21/2026 02:07 PM,Kai,Coffee & Tea,Cappuccino,,1,4.75,0.00,,4.75,No
38010,07/21/2026 02:07 PM,Kai,Modifiers,+ Extra shot,Cappuccino,1,1.00,0.00,,1.00,No
38011,07/21/2026 01:23 PM,Ines,Breakfast,Avocado Toast,,1,11.00,0.00,,11.00,No
38011,07/21/2026 01:23 PM,Ines,Modifiers,+ Gluten-free bread,Avocado Toast,1,1.50,0.00,,1.50,No
38011,07/21/2026 01:23 PM,Ines,Coffee & Tea,Latte,,1,5.25,0.00,,5.25,No
38012,07/21/2026 11:44 AM,Maribel,Breakfast,Oatmeal Bowl,,1,7.50,0.00,,7.50,No
38012,07/21/2026 11:44 AM,Maribel,Breakfast,Avocado Toast,,1,11.00,0.00,,11.00,No
38012,07/21/2026 11:44 AM,Maribel,Lunch,Turkey Club,,1,13.50,0.00,,13.50,No
38013,07/21/2026 12:05 PM,Maribel,Bakery,Blueberry Muffin,,1,3.50,0.00,,3.50,No
38014,07/21/2026 11:37 AM,Rashid,Coffee & Tea,Cappuccino,,1,4.75,0.00,,4.75,No
38014,07/21/2026 11:37 AM,Rashid,Lunch,Turkey Club,,1,13.50,0.00,,13.50,No
38014,07/21/2026 11:37 AM,Rashid,Modifiers,+ Add bacon,Turkey Club,1,2.50,0.00,,2.50,No
38015,07/21/2026 09:22 AM,Rashid,Breakfast,Breakfast Sandwich,,1,9.50,0.00,,9.50,No
38016,07/21/2026 01:34 PM,Rashid,Coffee & Tea,Latte,,1,5.25,5.25,Comp - manager,0.00,No
38016,07/21/2026 01:34 PM,Rashid,Lunch,Soup of the Day,,1,7.00,0.00,,7.00,No
38017,07/21/2026 10:51 AM,Kai,Bakery,Chocolate Chip Cookie,,1,2.75,0.00,,2.75,No
38017,07/21/2026 10:51 AM,Kai,Bakery,Blueberry Muffin,,1,3.50,0.00,,3.50,No
38018,07/21/2026 11:30 AM,Theo,Coffee & Tea,Cappuccino,,1,4.75,0.00,,4.75,No
38018,07/21/2026 11:30 AM,Theo,Modifiers,+ Oat milk,Cappuccino,1,0.75,0.00,,0.75,No
38019,07/21/2026 02:11 PM,Ines,Breakfast,Avocado Toast,,1,11.00,0.00,,11.00,No
38019,07/21/2026 02:11 PM,Ines,Modifiers,+ Add egg,Avocado Toast,1,1.50,0.00,,1.50,No
38020,07/21/2026 09:20 AM,Rashid,Coffee & Tea,Drip Coffee,,1,3.00,0.00,,3.00,No
38020,07/21/2026 09:20 AM,Rashid,Lunch,Soup of the Day,,1,7.00,0.00,,7.00,No
38021,07/21/2026 07:55 AM,Rashid,Breakfast,Breakfast Sandwich,,1,9.50,0.00,,9.50,No
38021,07/21/2026 07:55 AM,Rashid,Modifiers,+ Add bacon,Breakfast Sandwich,1,2.50,0.00,,2.50,No
38021,07/21/2026 07:55 AM,Rashid,Modifiers,+ Add avocado,Breakfast Sandwich,1,2.00,0.00,,2.00,No
38022,07/21/2026 02:33 PM,Rashid,Coffee & Tea,Latte,,1,5.25,0.00,,5.25,No
38022,07/21/2026 02:33 PM,Rashid,Breakfast,Breakfast Sandwich,,1,9.50,0.00,,9.50,No
38023,07/21/2026 02:38 PM,Ines,Breakfast,Avocado Toast,,1,11.00,0.00,,11.00,No
38024,07/21/2026 08:04 AM,Rashid,Coffee & Tea,Cappuccino,,1,4.75,0.00,,4.75,No
38024,07/21/2026 08:04 AM,Rashid,Modifiers,+ Oat milk,Cappuccino,1,0.75,0.00,,0.75,No
38024,07/21/2026 08:04 AM,Rashid,Coffee & Tea,Chai Tea,,1,4.75,0.00,,4.75,No
38025,07/21/2026 01:07 PM,Theo,Breakfast,Avocado Toast,,1,11.00,0.00,,11.00,No
38026,07/21/2026 12:03 PM,Rashid,Bakery,Blueberry Muffin,,1,3.50,0.00,,3.50,No
38026,07/21/2026 12:03 PM,Rashid,Coffee & Tea,Drip Coffee,,1,3.00,0.00,,3.00,No
38027,07/21/2026 02:30 PM,Theo,Coffee & Tea,Cold Brew,,1,4.50,0.00,,4.50,No
38028,07/21/2026 11:19 AM,Rashid,Lunch,Soup of the Day,,1,7.00,0.00,,7.00,No
38029,07/21/2026 11:31 AM,Ines,Coffee & Tea,Cappuccino,,1,4.75,0.00,,4.75,No
38029,07/21/2026 11:31 AM,Ines,Modifiers,+ Oat milk,Cappuccino,1,0.75,0.00,,0.75,No
38029,07/21/2026 11:31 AM,Ines,Modifiers,+ Extra shot,Cappuccino,1,1.00,0.00,,1.00,No
38030,07/21/2026 08:41 AM,Kai,Bakery,Chocolate Chip Cookie,,1,2.75,0.00,,2.75,No
38031,07/21/2026 08:03 AM,Kai,Coffee & Tea,Drip Coffee,,1,3.00,0.00,,3.00,No
38032,07/21/2026 09:38 AM,Maribel,Coffee & Tea,Latte,,1,5.25,0.00,,5.25,No
38032,07/21/2026 09:38 AM,Maribel,Modifiers,+ Oat milk,Latte,1,0.75,0.00,,0.75,No
38032,07/21/2026 09:38 AM,Maribel,Lunch,Soup of the Day,,1,7.00,0.00,,7.00,No
38033,07/21/2026 11:07 AM,Maribel,Lunch,Turkey Club,,1,13.50,6.75,Staff meal 50%,6.75,No
38033,07/21/2026 11:07 AM,Maribel,Bakery,Croissant,,1,3.75,1.88,Staff meal 50%,1.87,No
38034,07/21/2026 07:54 AM,Theo,Lunch,Turkey Club,,1,13.50,0.00,,13.50,No
38034,07/21/2026 07:54 AM,Theo,Modifiers,+ Add bacon,Turkey Club,1,2.50,0.00,,2.50,No
38034,07/21/2026 07:54 AM,Theo,Coffee & Tea,Chai Tea,,1,4.75,0.00,,4.75,No
38035,07/21/2026 11:37 AM,Theo,Coffee & Tea,Latte,,1,5.25,0.00,,5.25,No
38035,07/21/2026 11:37 AM,Theo,Modifiers,+ Oat milk,Latte,1,0.75,0.00,,0.75,No
38035,07/21/2026 11:37 AM,Theo,Modifiers,+ Vanilla syrup,Latte,1,0.60,0.00,,0.60,No
38035,07/21/2026 11:37 AM,Theo,Breakfast,Oatmeal Bowl,,1,7.50,0.00,,7.50,No
38036,07/21/2026 11:59 AM,Ines,Coffee & Tea,Cappuccino,,1,4.75,0.00,,4.75,No
38037,07/21/2026 07:53 AM,Maribel,Coffee & Tea,Latte,,1,5.25,0.00,,5.25,No
38037,07/21/2026 07:53 AM,Maribel,Modifiers,+ Oat milk,Latte,1,0.75,0.00,,0.75,No
38037,07/21/2026 07:53 AM,Maribel,Modifiers,+ Extra shot,Latte,1,1.00,0.00,,1.00,No
38037,07/21/2026 07:53 AM,Maribel,Breakfast,Breakfast Sandwich,,1,9.50,0.00,,9.50,No
38037,07/21/2026 07:53 AM,Maribel,Modifiers,+ Add bacon,Breakfast Sandwich,1,2.50,0.00,,2.50,No
38037,07/21/2026 07:53 AM,Maribel,Modifiers,+ Add avocado,Breakfast Sandwich,1,2.00,0.00,,2.00,No
38038,07/21/2026 07:26 AM,Kai,Bakery,Croissant,,1,3.75,0.00,,3.75,No
38038,07/21/2026 07:26 AM,Kai,Breakfast,Avocado Toast,,1,11.00,0.00,,11.00,No
38039,07/21/2026 09:43 AM,Rashid,Breakfast,Avocado Toast,,1,11.00,0.00,,11.00,No
38039,07/21/2026 09:43 AM,Rashid,Coffee & Tea,Drip Coffee,,1,3.00,0.00,,3.00,No
38040,07/21/2026 01:29 PM,Rashid,Bakery,Croissant,,1,3.75,0.00,,3.75,No
38041,07/21/2026 12:06 PM,Ines,Coffee & Tea,Drip Coffee,,1,3.00,0.00,,3.00,No
38042,07/21/2026 02:19 PM,Maribel,Coffee & Tea,Cappuccino,,1,4.75,0.00,,4.75,No
38043,07/21/2026 07:25 AM,Kai,Coffee & Tea,Drip Coffee,,1,3.00,0.00,,3.00,No
38043,07/21/2026 07:25 AM,Kai,Coffee & Tea,Cold Brew,,1,4.50,0.00,,4.50,No
38043,07/21/2026 07:25 AM,Kai,Modifiers,+ Oat milk,Cold Brew,1,0.75,0.00,,0.75,No
38044,07/21/2026 01:42 PM,Theo,Bakery,Blueberry Muffin,,1,3.50,0.00,,3.50,No
38044,07/21/2026 01:42 PM,Theo,Coffee & Tea,Drip Coffee,,1,3.00,0.00,,3.00,No
38045,07/21/2026 02:26 PM,Theo,Bakery,Croissant,,1,3.75,0.00,,3.75,No
38046,07/21/2026 02:09 PM,Theo,Breakfast,Breakfast Sandwich,,1,9.50,0.00,,9.50,No
38047,07/21/2026 07:26 AM,Ines,Lunch,Soup of the Day,,1,7.00,0.00,,7.00,No
38047,07/21/2026 07:26 AM,Ines,Breakfast,Oatmeal Bowl,,1,7.50,0.00,,7.50,No
38048,07/21/2026 02:35 PM,Ines,Lunch,Greek Salad,,1,12.00,0.00,,12.00,No
38049,07/21/2026 11:44 AM,Maribel,Bakery,Chocolate Chip Cookie,,1,2.75,0.00,,2.75,No
38049,07/21/2026 11:44 AM,Maribel,Coffee & Tea,Chai Tea,,1,4.75,0.00,,4.75,No
38050,07/21/2026 08:26 AM,Theo,Coffee & Tea,Latte,,1,5.25,0.00,,5.25,No
38051,07/21/2026 09:25 AM,Ines,Breakfast,Avocado Toast,,1,11.00,0.00,,11.00,No
38051,07/21/2026 09:25 AM,Ines,Coffee & Tea,Drip Coffee,,1,3.00,0.00,,3.00,No
38051,07/21/2026 09:25 AM,Ines,Coffee & Tea,Cold Brew,,1,4.50,0.00,,4.50,No
38052,07/21/2026 10:56 AM,Kai,Coffee & Tea,Cappuccino,,1,4.75,0.00,,4.75,No
38053,07/21/2026 08:22 AM,Theo,Breakfast,Breakfast Sandwich,,1,9.50,0.00,,9.50,No
38053,07/21/2026 08:22 AM,Theo,Modifiers,+ Add bacon,Breakfast Sandwich,1,2.50,0.00,,2.50,No
38054,07/21/2026 01:33 PM,Theo,Lunch,Greek Salad,,1,12.00,6.00,Staff meal 50%,6.00,No
38054,07/21/2026 01:33 PM,Theo,Bakery,Blueberry Muffin,,1,3.50,0.00,,0.00,Yes
38055,07/21/2026 10:00 AM,Kai,Breakfast,Oatmeal Bowl,,1,7.50,0.00,,7.50,No
38055,07/21/2026 10:00 AM,Kai,Bakery,Croissant,,1,3.75,0.00,,3.75,No
38056,07/21/2026 11:03 AM,Maribel,Breakfast,Avocado Toast,,1,11.00,0.00,,11.00,No
38057,07/21/2026 08:53 AM,Ines,Coffee & Tea,Cold Brew,,1,4.50,0.00,,4.50,No
38058,07/21/2026 08:48 AM,Maribel,Coffee & Tea,Latte,,1,5.25,0.00,,5.25,No
38058,07/21/2026 08:48 AM,Maribel,Coffee & Tea,Drip Coffee,,1,3.00,0.00,,3.00,No
38059,07/21/2026 01:31 PM,Ines,Bakery,Croissant,,1,3.75,0.00,,3.75,No
38059,07/21/2026 01:31 PM,Ines,Coffee & Tea,Cappuccino,,1,4.75,0.00,,4.75,No
38060,07/21/2026 11:51 AM,Kai,Bakery,Croissant,,1,3.75,3.75,Comp - manager,0.00,No
38060,07/21/2026 11:51 AM,Kai,Bakery,Chocolate Chip Cookie,,1,2.75,2.75,Comp - manager,0.00,No
38060,07/21/2026 11:51 AM,Kai,Lunch,Turkey Club,,1,13.50,13.50,Comp - manager,0.00,No
38060,07/21/2026 11:51 AM,Kai,Modifiers,+ Add bacon,Turkey Club,1,2.50,2.50,Comp - manager,0.00,No
38061,07/21/2026 11:13 AM,Rashid,Coffee & Tea,Latte,,1,5.25,0.00,,5.25,No
38061,07/21/2026 11:13 AM,Rashid,Modifiers,+ Oat milk,Latte,1,0.75,0.00,,0.75,No
38061,07/21/2026 11:13 AM,Rashid,Bakery,Chocolate Chip Cookie,,1,2.75,0.00,,2.75,No
38062,07/22/2026 01:56 PM,Ines,Coffee & Tea,Drip Coffee,,1,3.00,0.00,,3.00,No
38062,07/22/2026 01:56 PM,Ines,Coffee & Tea,Cappuccino,,1,4.75,0.00,,4.75,No
38063,07/22/2026 11:36 AM,Kai,Coffee & Tea,Cappuccino,,1,4.75,0.00,,4.75,No
38064,07/22/2026 08:35 AM,Rashid,Lunch,Greek Salad,,1,12.00,0.00,,12.00,No
38064,07/22/2026 08:35 AM,Rashid,Breakfast,Breakfast Sandwich,,1,9.50,0.00,,9.50,No
38064,07/22/2026 08:35 AM,Rashid,Modifiers,+ Add egg,Breakfast Sandwich,1,1.50,0.00,,1.50,No
38065,07/22/2026 08:46 AM,Theo,Coffee & Tea,Latte,,1,5.25,0.00,,5.25,No
38065,07/22/2026 08:46 AM,Theo,Modifiers,+ Extra shot,Latte,1,1.00,0.00,,1.00,No
38065,07/22/2026 08:46 AM,Theo,Modifiers,+ Vanilla syrup,Latte,1,0.60,0.00,,0.60,No
38065,07/22/2026 08:46 AM,Theo,Coffee & Tea,Drip Coffee,,1,3.00,0.00,,3.00,No
38066,07/22/2026 07:48 AM,Kai,Bakery,Croissant,,1,3.75,0.00,,3.75,No
38067,07/22/2026 01:34 PM,Maribel,Coffee & Tea,Cold Brew,,1,4.50,0.00,,4.50,No
38067,07/22/2026 01:34 PM,Maribel,Bakery,Croissant,,1,3.75,0.00,,3.75,No
38068,07/22/2026 01:16 PM,Maribel,Breakfast,Breakfast Sandwich,,1,9.50,0.00,,9.50,No
38068,07/22/2026 01:16 PM,Maribel,Coffee & Tea,Cold Brew,,1,4.50,0.00,,4.50,No
38068,07/22/2026 01:16 PM,Maribel,Modifiers,+ Oat milk,Cold Brew,1,0.75,0.00,,0.75,No
38068,07/22/2026 01:16 PM,Maribel,Coffee & Tea,Drip Coffee,,1,3.00,0.00,,3.00,No
38069,07/22/2026 01:56 PM,Theo,Lunch,Turkey Club,,1,13.50,0.00,,13.50,No
38069,07/22/2026 01:56 PM,Theo,Breakfast,Breakfast Sandwich,,1,9.50,0.00,,9.50,No
38069,07/22/2026 01:56 PM,Theo,Modifiers,+ Add egg,Breakfast Sandwich,1,1.50,0.00,,1.50,No
38070,07/22/2026 08:03 AM,Maribel,Coffee & Tea,Chai Tea,,1,4.75,0.00,,4.75,No
38070,07/22/2026 08:03 AM,Maribel,Lunch,Soup of the Day,,1,7.00,0.00,,7.00,No
38070,07/22/2026 08:03 AM,Maribel,Bakery,Blueberry Muffin,,1,3.50,0.00,,3.50,No
38071,07/22/2026 12:51 PM,Maribel,Coffee & Tea,Latte,,1,5.25,0.00,,5.25,No
38071,07/22/2026 12:51 PM,Maribel,Modifiers,+ Oat milk,Latte,1,0.75,0.00,,0.75,No
38071,07/22/2026 12:51 PM,Maribel,Coffee & Tea,Drip Coffee,,1,3.00,0.00,,3.00,No
38071,07/22/2026 12:51 PM,Maribel,Bakery,Blueberry Muffin,,1,3.50,0.00,,3.50,No
38072,07/22/2026 10:26 AM,Rashid,Coffee & Tea,Cold Brew,,1,4.50,0.00,,4.50,No
38073,07/22/2026 08:19 AM,Rashid,Breakfast,Avocado Toast,,1,11.00,0.00,,11.00,No
38073,07/22/2026 08:19 AM,Rashid,Lunch,Greek Salad,,1,12.00,0.00,,12.00,No
38073,07/22/2026 08:19 AM,Rashid,Modifiers,+ No onions,Greek Salad,1,0.00,0.00,,0.00,No
38074,07/22/2026 01:58 PM,Maribel,Coffee & Tea,Latte,,1,5.25,0.00,,5.25,No
38075,07/22/2026 01:00 PM,Ines,Coffee & Tea,Cold Brew,,1,4.50,0.00,,4.50,No
38076,07/22/2026 12:19 PM,Rashid,Lunch,Turkey Club,,1,13.50,0.00,,13.50,No
38076,07/22/2026 12:19 PM,Rashid,Modifiers,+ Add bacon,Turkey Club,1,2.50,0.00,,2.50,No
38076,07/22/2026 12:19 PM,Rashid,Modifiers,+ No onions,Turkey Club,1,0.00,0.00,,0.00,No
38076,07/22/2026 12:19 PM,Rashid,Coffee & Tea,Latte,,1,5.25,0.00,,5.25,No
38077,07/22/2026 12:36 PM,Maribel,Coffee & Tea,Chai Tea,,1,4.75,0.00,,4.75,No
38078,07/22/2026 09:13 AM,Maribel,Lunch,Soup of the Day,,1,7.00,0.00,,7.00,No
38078,07/22/2026 09:13 AM,Maribel,Lunch,Greek Salad,,1,12.00,0.00,,12.00,No
38079,07/22/2026 10:57 AM,Kai,Bakery,Croissant,,1,3.75,0.00,,3.75,No
38080,07/22/2026 02:18 PM,Theo,Lunch,Turkey Club,,1,13.50,0.00,,13.50,No
38081,07/22/2026 10:19 AM,Kai,Bakery,Croissant,,1,3.75,0.00,,3.75,No
38081,07/22/2026 10:19 AM,Kai,Breakfast,Avocado Toast,,1,11.00,0.00,,11.00,No
38082,07/22/2026 11:11 AM,Maribel,Coffee & Tea,Cold Brew,,1,4.50,0.00,,4.50,No
38082,07/22/2026 11:11 AM,Maribel,Modifiers,+ Oat milk,Cold Brew,1,0.75,0.00,,0.75,No
38082,07/22/2026 11:11 AM,Maribel,Modifiers,+ Vanilla syrup,Cold Brew,1,0.60,0.00,,0.60,No
38082,07/22/2026 11:11 AM,Maribel,Lunch,Soup of the Day,,1,7.00,0.00,,7.00,No
38083,07/22/2026 09:40 AM,Kai,Lunch,Greek Salad,,1,12.00,0.00,,12.00,No
38083,07/22/2026 09:40 AM,Kai,Bakery,Croissant,,1,3.75,0.00,,3.75,No
38084,07/22/2026 02:24 PM,Ines,Bakery,Croissant,,1,3.75,0.00,,3.75,No
38085,07/22/2026 10:57 AM,Ines,Coffee & Tea,Chai Tea,,1,4.75,0.00,,4.75,No
38085,07/22/2026 10:57 AM,Ines,Coffee & Tea,Latte,,1,5.25,0.00,,5.25,No
38085,07/22/2026 10:57 AM,Ines,Modifiers,+ Vanilla syrup,Latte,1,0.60,0.00,,0.60,No
38086,07/22/2026 08:33 AM,Maribel,Breakfast,Breakfast Sandwich,,1,9.50,0.00,,9.50,No
38086,07/22/2026 08:33 AM,Maribel,Modifiers,+ Add bacon,Breakfast Sandwich,1,2.50,0.00,,2.50,No
38086,07/22/2026 08:33 AM,Maribel,Bakery,Croissant,,1,3.75,0.00,,3.75,No
38086,07/22/2026 08:33 AM,Maribel,Coffee & Tea,Chai Tea,,1,4.75,0.00,,4.75,No
38087,07/22/2026 09:45 AM,Rashid,Breakfast,Breakfast Sandwich,,1,9.50,0.00,,9.50,No
38088,07/22/2026 11:36 AM,Kai,Coffee & Tea,Drip Coffee,,1,3.00,0.00,,3.00,No
38089,07/22/2026 09:47 AM,Maribel,Breakfast,Avocado Toast,,1,11.00,0.00,,11.00,No
38089,07/22/2026 09:47 AM,Maribel,Modifiers,+ Add egg,Avocado Toast,1,1.50,0.00,,1.50,No
38090,07/22/2026 11:12 AM,Maribel,Bakery,Blueberry Muffin,,1,3.50,0.00,,3.50,No
38090,07/22/2026 11:12 AM,Maribel,Coffee & Tea,Cappuccino,,1,4.75,0.00,,4.75,No
38090,07/22/2026 11:12 AM,Maribel,Modifiers,+ Extra shot,Cappuccino,1,1.00,0.00,,1.00,No
38091,07/22/2026 02:12 PM,Maribel,Bakery,Blueberry Muffin,,1,3.50,0.00,,3.50,No
38092,07/22/2026 07:54 AM,Maribel,Breakfast,Oatmeal Bowl,,1,7.50,0.00,,7.50,No
38093,07/22/2026 11:48 AM,Ines,Lunch,Turkey Club,,1,13.50,0.00,,13.50,No
38094,07/22/2026 10:20 AM,Maribel,Coffee & Tea,Chai Tea,,1,4.75,0.00,,4.75,No
38095,07/22/2026 10:20 AM,Ines,Lunch,Soup of the Day,,1,7.00,0.00,,7.00,No
38095,07/22/2026 10:20 AM,Ines,Bakery,Chocolate Chip Cookie,,1,2.75,0.00,,2.75,No
38096,07/22/2026 11:38 AM,Maribel,Coffee & Tea,Cappuccino,,1,4.75,2.38,Staff meal 50%,2.37,No
38096,07/22/2026 11:38 AM,Maribel,Breakfast,Breakfast Sandwich,,1,9.50,4.75,Staff meal 50%,4.75,No
38097,07/22/2026 02:59 PM,Ines,Lunch,Soup of the Day,,1,7.00,3.50,Staff meal 50%,3.50,No
38097,07/22/2026 02:59 PM,Ines,Lunch,Soup of the Day,,1,7.00,3.50,Staff meal 50%,3.50,No
38098,07/22/2026 10:11 AM,Theo,Coffee & Tea,Cold Brew,,1,4.50,0.00,,4.50,No
38099,07/22/2026 12:22 PM,Rashid,Breakfast,Oatmeal Bowl,,1,7.50,0.00,,7.50,No
38100,07/22/2026 12:21 PM,Kai,Lunch,Turkey Club,,1,13.50,0.00,,13.50,No
38100,07/22/2026 12:21 PM,Kai,Modifiers,+ Add bacon,Turkey Club,1,2.50,0.00,,2.50,No
38100,07/22/2026 12:21 PM,Kai,Coffee & Tea,Drip Coffee,,1,3.00,0.00,,3.00,No
38100,07/22/2026 12:21 PM,Kai,Lunch,Greek Salad,,1,12.00,0.00,,12.00,No
38101,07/22/2026 11:37 AM,Maribel,Breakfast,Breakfast Sandwich,,1,9.50,0.00,,9.50,No
38101,07/22/2026 11:37 AM,Maribel,Coffee & Tea,Drip Coffee,,1,3.00,0.00,,3.00,No
38102,07/22/2026 09:17 AM,Ines,Lunch,Turkey Club,,1,13.50,0.00,,13.50,No
38102,07/22/2026 09:17 AM,Ines,Coffee & Tea,Drip Coffee,,1,3.00,0.00,,3.00,No
38102,07/22/2026 09:17 AM,Ines,Bakery,Chocolate Chip Cookie,,1,2.75,0.00,,2.75,No
38103,07/22/2026 09:23 AM,Kai,Coffee & Tea,Latte,,1,5.25,0.00,,5.25,No
38103,07/22/2026 09:23 AM,Kai,Modifiers,+ Oat milk,Latte,1,0.75,0.00,,0.75,No
38103,07/22/2026 09:23 AM,Kai,Coffee & Tea,Drip Coffee,,1,3.00,0.00,,3.00,No
38103,07/22/2026 09:23 AM,Kai,Bakery,Croissant,,1,3.75,0.00,,3.75,No
38104,07/22/2026 01:23 PM,Theo,Lunch,Soup of the Day,,1,7.00,0.00,,7.00,No
38105,07/22/2026 01:47 PM,Ines,Coffee & Tea,Chai Tea,,1,4.75,0.00,,4.75,No
38106,07/22/2026 02:37 PM,Maribel,Bakery,Chocolate Chip Cookie,,1,2.75,0.00,,2.75,No
38106,07/22/2026 02:37 PM,Maribel,Breakfast,Breakfast Sandwich,,1,9.50,0.00,,9.50,No
38106,07/22/2026 02:37 PM,Maribel,Modifiers,+ Add bacon,Breakfast Sandwich,1,2.50,0.00,,2.50,No
38106,07/22/2026 02:37 PM,Maribel,Bakery,Blueberry Muffin,,1,3.50,0.00,,3.50,No
38107,07/22/2026 11:58 AM,Maribel,Lunch,Greek Salad,,1,12.00,0.00,,12.00,No
38107,07/22/2026 11:58 AM,Maribel,Modifiers,+ Add avocado,Greek Salad,1,2.00,0.00,,2.00,No
38108,07/22/2026 12:54 PM,Theo,Coffee & Tea,Cold Brew,,1,4.50,0.00,,4.50,No
38109,07/22/2026 07:19 AM,Maribel,Bakery,Croissant,,1,3.75,0.00,,3.75,No
38109,07/22/2026 07:19 AM,Maribel,Breakfast,Breakfast Sandwich,,1,9.50,0.00,,9.50,No
38109,07/22/2026 07:19 AM,Maribel,Modifiers,+ Add bacon,Breakfast Sandwich,1,2.50,0.00,,2.50,No
38110,07/22/2026 12:48 PM,Kai,Bakery,Croissant,,1,3.75,0.00,,3.75,No
38110,07/22/2026 12:48 PM,Kai,Coffee & Tea,Drip Coffee,,1,3.00,0.00,,3.00,No
38110,07/22/2026 12:48 PM,Kai,Coffee & Tea,Drip Coffee,,1,3.00,0.00,,3.00,No
38111,07/23/2026 12:39 PM,Kai,Coffee & Tea,Latte,,1,5.25,0.00,,5.25,No
38111,07/23/2026 12:39 PM,Kai,Modifiers,+ Oat milk,Latte,1,0.75,0.00,,0.75,No
38112,07/23/2026 10:14 AM,Ines,Breakfast,Breakfast Sandwich,,1,9.50,0.00,,9.50,No
38112,07/23/2026 10:14 AM,Ines,Modifiers,+ Add bacon,Breakfast Sandwich,1,2.50,0.00,,2.50,No
38113,07/23/2026 02:49 PM,Maribel,Lunch,Turkey Club,,1,13.50,0.00,,13.50,No
38113,07/23/2026 02:49 PM,Maribel,Bakery,Chocolate Chip Cookie,,1,2.75,0.00,,2.75,No
38113,07/23/2026 02:49 PM,Maribel,Coffee & Tea,Drip Coffee,,1,3.00,0.00,,3.00,No
38114,07/23/2026 09:03 AM,Theo,Coffee & Tea,Chai Tea,,1,4.75,0.00,,4.75,No
38115,07/23/2026 11:57 AM,Theo,Breakfast,Oatmeal Bowl,,1,7.50,0.00,,7.50,No
38115,07/23/2026 11:57 AM,Theo,Coffee & Tea,Cold Brew,,1,4.50,0.00,,4.50,No
38115,07/23/2026 11:57 AM,Theo,Modifiers,+ Oat milk,Cold Brew,1,0.75,0.00,,0.75,No
38116,07/23/2026 01:14 PM,Rashid,Coffee & Tea,Chai Tea,,1,4.75,0.00,,4.75,No
38117,07/23/2026 07:15 AM,Theo,Lunch,Turkey Club,,1,13.50,0.00,,13.50,No
38117,07/23/2026 07:15 AM,Theo,Modifiers,+ No onions,Turkey Club,1,0.00,0.00,,0.00,No
38117,07/23/2026 07:15 AM,Theo,Lunch,Soup of the Day,,1,7.00,0.00,,7.00,No
38117,07/23/2026 07:15 AM,Theo,Coffee & Tea,Drip Coffee,,1,3.00,0.00,,3.00,No
38118,07/23/2026 08:29 AM,Ines,Coffee & Tea,Drip Coffee,,1,3.00,0.00,,3.00,No
38118,07/23/2026 08:29 AM,Ines,Lunch,Turkey Club,,1,13.50,0.00,,13.50,No
38118,07/23/2026 08:29 AM,Ines,Modifiers,+ Add bacon,Turkey Club,1,2.50,0.00,,2.50,No
38118,07/23/2026 08:29 AM,Ines,Modifiers,+ Gluten-free bread,Turkey Club,1,1.50,0.00,,1.50,No
38119,07/23/2026 08:27 AM,Kai,Lunch,Soup of the Day,,1,7.00,0.00,,7.00,No
38119,07/23/2026 08:27 AM,Kai,Coffee & Tea,Drip Coffee,,1,3.00,0.00,,3.00,No
38120,07/23/2026 01:04 PM,Kai,Coffee & Tea,Cold Brew,,1,4.50,0.00,,0.00,Yes
38120,07/23/2026 01:04 PM,Kai,Modifiers,+ Oat milk,Cold Brew,1,0.75,0.00,,0.00,Yes
38121,07/23/2026 11:46 AM,Maribel,Coffee & Tea,Latte,,1,5.25,0.00,,5.25,No
38121,07/23/2026 11:46 AM,Maribel,Modifiers,+ Vanilla syrup,Latte,1,0.60,0.00,,0.60,No
38121,07/23/2026 11:46 AM,Maribel,Breakfast,Breakfast Sandwich,,1,9.50,0.00,,9.50,No
38121,07/23/2026 11:46 AM,Maribel,Coffee & Tea,Cold Brew,,1,4.50,0.00,,4.50,No
38122,07/23/2026 12:55 PM,Rashid,Bakery,Croissant,,1,3.75,0.00,,3.75,No
38122,07/23/2026 12:55 PM,Rashid,Lunch,Greek Salad,,1,12.00,0.00,,12.00,No
38123,07/23/2026 09:31 AM,Maribel,Coffee & Tea,Cold Brew,,1,4.50,0.00,,4.50,No
38123,07/23/2026 09:31 AM,Maribel,Coffee & Tea,Chai Tea,,1,4.75,0.00,,4.75,No
38123,07/23/2026 09:31 AM,Maribel,Coffee & Tea,Drip Coffee,,1,3.00,0.00,,3.00,No
38124,07/23/2026 11:25 AM,Maribel,Bakery,Blueberry Muffin,,1,3.50,0.00,,3.50,No
38125,07/23/2026 07:10 AM,Kai,Coffee & Tea,Drip Coffee,,1,3.00,0.00,,3.00,No
38126,07/23/2026 11:21 AM,Theo,Coffee & Tea,Drip Coffee,,1,3.00,0.00,,3.00,No
38126,07/23/2026 11:21 AM,Theo,Lunch,Greek Salad,,1,12.00,0.00,,12.00,No
38127,07/23/2026 09:38 AM,Theo,Coffee & Tea,Cappuccino,,1,4.75,0.00,,4.75,No
38127,07/23/2026 09:38 AM,Theo,Breakfast,Oatmeal Bowl,,1,7.50,0.00,,7.50,No
38128,07/23/2026 12:41 PM,Theo,Coffee & Tea,Latte,,1,5.25,0.00,,5.25,No
38128,07/23/2026 12:41 PM,Theo,Modifiers,+ Oat milk,Latte,1,0.75,0.00,,0.75,No
38129,07/23/2026 01:45 PM,Rashid,Breakfast,Oatmeal Bowl,,1,7.50,7.50,Comp - manager,0.00,No
38129,07/23/2026 01:45 PM,Rashid,Bakery,Chocolate Chip Cookie,,1,2.75,2.75,Comp - manager,0.00,No
38130,07/23/2026 07:10 AM,Ines,Bakery,Chocolate Chip Cookie,,1,2.75,0.00,,2.75,No
38130,07/23/2026 07:10 AM,Ines,Lunch,Soup of the Day,,1,7.00,0.00,,7.00,No
38131,07/23/2026 02:08 PM,Maribel,Coffee & Tea,Chai Tea,,1,4.75,0.00,,4.75,No
38132,07/23/2026 09:29 AM,Theo,Coffee & Tea,Drip Coffee,,1,3.00,3.00,Comp - manager,0.00,No
38132,07/23/2026 09:29 AM,Theo,Breakfast,Avocado Toast,,1,11.00,11.00,Comp - manager,0.00,No
38132,07/23/2026 09:29 AM,Theo,Modifiers,+ Gluten-free bread,Avocado Toast,1,1.50,1.50,Comp - manager,0.00,No
38133,07/23/2026 09:56 AM,Kai,Coffee & Tea,Cappuccino,,1,4.75,0.00,,4.75,No
38133,07/23/2026 09:56 AM,Kai,Coffee & Tea,Latte,,1,5.25,0.00,,5.25,No
38133,07/23/2026 09:56 AM,Kai,Modifiers,+ Oat milk,Latte,1,0.75,0.00,,0.75,No
38134,07/23/2026 08:00 AM,Rashid,Coffee & Tea,Latte,,1,5.25,0.00,,5.25,No
38134,07/23/2026 08:00 AM,Rashid,Coffee & Tea,Cold Brew,,1,4.50,0.00,,4.50,No
38135,07/23/2026 07:55 AM,Ines,Coffee & Tea,Latte,,1,5.25,0.00,,5.25,No
38136,07/23/2026 02:33 PM,Theo,Lunch,Greek Salad,,1,12.00,0.00,,12.00,No
38136,07/23/2026 02:33 PM,Theo,Modifiers,+ No onions,Greek Salad,1,0.00,0.00,,0.00,No
38136,07/23/2026 02:33 PM,Theo,Breakfast,Avocado Toast,,1,11.00,0.00,,11.00,No
38137,07/23/2026 09:50 AM,Kai,Coffee & Tea,Latte,,1,5.25,0.00,,5.25,No
38138,07/23/2026 11:14 AM,Rashid,Coffee & Tea,Latte,,1,5.25,0.00,,5.25,No
38139,07/23/2026 02:29 PM,Rashid,Breakfast,Breakfast Sandwich,,1,9.50,0.00,,9.50,No
38139,07/23/2026 02:29 PM,Rashid,Coffee & Tea,Cold Brew,,1,4.50,0.00,,4.50,No
38139,07/23/2026 02:29 PM,Rashid,Breakfast,Breakfast Sandwich,,1,9.50,0.00,,9.50,No
38140,07/23/2026 12:53 PM,Ines,Breakfast,Oatmeal Bowl,,1,7.50,0.00,,7.50,No
38141,07/23/2026 08:23 AM,Rashid,Breakfast,Avocado Toast,,1,11.00,0.00,,11.00,No
38142,07/23/2026 02:29 PM,Rashid,Coffee & Tea,Cappuccino,,1,4.75,4.75,Comp - manager,0.00,No
38142,07/23/2026 02:29 PM,Rashid,Modifiers,+ Oat milk,Cappuccino,1,0.75,0.75,Comp - manager,0.00,No
38143,07/23/2026 07:37 AM,Rashid,Lunch,Soup of the Day,,1,7.00,0.00,,7.00,No
38144,07/23/2026 12:49 PM,Kai,Lunch,Turkey Club,,1,13.50,0.00,,13.50,No
38145,07/23/2026 01:34 PM,Kai,Coffee & Tea,Latte,,1,5.25,0.00,,5.25,No
38145,07/23/2026 01:34 PM,Kai,Modifiers,+ Extra shot,Latte,1,1.00,0.00,,1.00,No
38146,07/23/2026 01:51 PM,Rashid,Breakfast,Avocado Toast,,1,11.00,0.00,,11.00,No
38146,07/23/2026 01:51 PM,Rashid,Lunch,Turkey Club,,1,13.50,0.00,,13.50,No
38147,07/23/2026 07:58 AM,Maribel,Coffee & Tea,Cappuccino,,1,4.75,0.00,,4.75,No
38148,07/23/2026 07:44 AM,Ines,Lunch,Greek Salad,,1,12.00,0.00,,12.00,No
38148,07/23/2026 07:44 AM,Ines,Modifiers,+ Add avocado,Greek Salad,1,2.00,0.00,,2.00,No
38148,07/23/2026 07:44 AM,Ines,Bakery,Blueberry Muffin,,1,3.50,0.00,,3.50,No
38148,07/23/2026 07:44 AM,Ines,Coffee & Tea,Chai Tea,,1,4.75,0.00,,4.75,No
38149,07/23/2026 02:59 PM,Ines,Lunch,Greek Salad,,1,12.00,0.00,,12.00,No
38150,07/23/2026 01:12 PM,Kai,Lunch,Greek Salad,,1,12.00,0.00,,12.00,No
38150,07/23/2026 01:12 PM,Kai,Modifiers,+ Add avocado,Greek Salad,1,2.00,0.00,,2.00,No
38150,07/23/2026 01:12 PM,Kai,Bakery,Blueberry Muffin,,1,3.50,0.00,,3.50,No
38150,07/23/2026 01:12 PM,Kai,Breakfast,Avocado Toast,,1,11.00,0.00,,11.00,No
38151,07/23/2026 11:43 AM,Theo,Breakfast,Avocado Toast,,1,11.00,0.00,,11.00,No
38152,07/23/2026 01:44 PM,Kai,Coffee & Tea,Cold Brew,,1,4.50,0.00,,4.50,No
38152,07/23/2026 01:44 PM,Kai,Modifiers,+ Oat milk,Cold Brew,1,0.75,0.00,,0.75,No
38152,07/23/2026 01:44 PM,Kai,Breakfast,Avocado Toast,,1,11.00,0.00,,11.00,No
38152,07/23/2026 01:44 PM,Kai,Bakery,Blueberry Muffin,,1,3.50,0.00,,3.50,No
38153,07/23/2026 10:03 AM,Theo,Breakfast,Avocado Toast,,1,11.00,0.00,,11.00,No
38153,07/23/2026 10:03 AM,Theo,Bakery,Chocolate Chip Cookie,,1,2.75,0.00,,2.75,No
38153,07/23/2026 10:03 AM,Theo,Breakfast,Avocado Toast,,1,11.00,0.00,,11.00,No
38154,07/23/2026 09:14 AM,Theo,Coffee & Tea,Drip Coffee,,1,3.00,3.00,Comp - manager,0.00,No
38155,07/23/2026 07:33 AM,Ines,Coffee & Tea,Drip Coffee,,1,3.00,0.00,,3.00,No
38155,07/23/2026 07:33 AM,Ines,Breakfast,Breakfast Sandwich,,1,9.50,0.00,,9.50,No
38156,07/23/2026 12:45 PM,Ines,Breakfast,Breakfast Sandwich,,1,9.50,0.00,,9.50,No
38157,07/23/2026 10:48 AM,Kai,Coffee & Tea,Cappuccino,,1,4.75,0.00,,4.75,No
38157,07/23/2026 10:48 AM,Kai,Breakfast,Avocado Toast,,1,11.00,0.00,,0.00,Yes
38158,07/23/2026 11:10 AM,Theo,Breakfast,Avocado Toast,,1,11.00,5.50,Staff meal 50%,5.50,No
38158,07/23/2026 11:10 AM,Theo,Coffee & Tea,Cappuccino,,1,4.75,2.38,Staff meal 50%,2.37,No
38158,07/23/2026 11:10 AM,Theo,Breakfast,Breakfast Sandwich,,1,9.50,4.75,Staff meal 50%,4.75,No
38158,07/23/2026 11:10 AM,Theo,Modifiers,+ Add bacon,Breakfast Sandwich,1,2.50,1.25,Staff meal 50%,1.25,No
38159,07/23/2026 01:10 PM,Kai,Lunch,Soup of the Day,,1,7.00,0.00,,7.00,No
38159,07/23/2026 01:10 PM,Kai,Coffee & Tea,Cold Brew,,1,4.50,0.00,,4.50,No
38160,07/23/2026 02:19 PM,Rashid,Coffee & Tea,Cold Brew,,1,4.50,0.00,,4.50,No
38161,07/23/2026 01:00 PM,Theo,Breakfast,Breakfast Sandwich,,1,9.50,0.00,,9.50,No
38162,07/24/2026 02:50 PM,Ines,Coffee & Tea,Drip Coffee,,1,3.00,0.00,,3.00,No
38162,07/24/2026 02:50 PM,Ines,Lunch,Turkey Club,,1,13.50,0.00,,13.50,No
38162,07/24/2026 02:50 PM,Ines,Modifiers,+ Add bacon,Turkey Club,1,2.50,0.00,,2.50,No
38163,07/24/2026 09:28 AM,Kai,Coffee & Tea,Cold Brew,,1,4.50,0.00,,4.50,No
38163,07/24/2026 09:28 AM,Kai,Lunch,Turkey Club,,1,13.50,0.00,,13.50,No
38164,07/24/2026 01:36 PM,Kai,Lunch,Turkey Club,,1,13.50,0.00,,13.50,No
38164,07/24/2026 01:36 PM,Kai,Modifiers,+ No onions,Turkey Club,1,0.00,0.00,,0.00,No
38165,07/24/2026 09:16 AM,Maribel,Lunch,Turkey Club,,1,13.50,13.50,Comp - manager,0.00,No
38165,07/24/2026 09:16 AM,Maribel,Modifiers,+ Gluten-free bread,Turkey Club,1,1.50,1.50,Comp - manager,0.00,No
38165,07/24/2026 09:16 AM,Maribel,Bakery,Blueberry Muffin,,1,3.50,0.00,,3.50,No
38166,07/24/2026 07:28 AM,Ines,Lunch,Turkey Club,,1,13.50,0.00,,0.00,Yes
38167,07/24/2026 11:13 AM,Kai,Lunch,Greek Salad,,1,12.00,0.00,,0.00,Yes
38167,07/24/2026 11:13 AM,Kai,Modifiers,+ Add avocado,Greek Salad,1,2.00,0.00,,0.00,Yes
38168,07/24/2026 02:23 PM,Kai,Coffee & Tea,Chai Tea,,1,4.75,0.00,,4.75,No
38168,07/24/2026 02:23 PM,Kai,Lunch,Greek Salad,,1,12.00,0.00,,12.00,No
38168,07/24/2026 02:23 PM,Kai,Modifiers,+ No onions,Greek Salad,1,0.00,0.00,,0.00,No
38169,07/24/2026 07:10 AM,Maribel,Lunch,Greek Salad,,1,12.00,0.00,,12.00,No
38169,07/24/2026 07:10 AM,Maribel,Modifiers,+ Add avocado,Greek Salad,1,2.00,0.00,,2.00,No
38170,07/24/2026 11:09 AM,Maribel,Bakery,Chocolate Chip Cookie,,1,2.75,0.00,,2.75,No
38171,07/24/2026 10:57 AM,Kai,Breakfast,Breakfast Sandwich,,1,9.50,0.00,,9.50,No
38171,07/24/2026 10:57 AM,Kai,Modifiers,+ Add bacon,Breakfast Sandwich,1,2.50,0.00,,2.50,No
38171,07/24/2026 10:57 AM,Kai,Bakery,Blueberry Muffin,,1,3.50,0.00,,3.50,No
38171,07/24/2026 10:57 AM,Kai,Coffee & Tea,Chai Tea,,1,4.75,0.00,,4.75,No
38172,07/24/2026 02:03 PM,Kai,Coffee & Tea,Cappuccino,,1,4.75,4.75,Comp - manager,0.00,No
38172,07/24/2026 02:03 PM,Kai,Modifiers,+ Oat milk,Cappuccino,1,0.75,0.75,Comp - manager,0.00,No
38172,07/24/2026 02:03 PM,Kai,Modifiers,+ Extra shot,Cappuccino,1,1.00,1.00,Comp - manager,0.00,No
38172,07/24/2026 02:03 PM,Kai,Bakery,Croissant,,1,3.75,3.75,Comp - manager,0.00,No
38173,07/24/2026 09:51 AM,Kai,Bakery,Blueberry Muffin,,1,3.50,0.00,,3.50,No
38173,07/24/2026 09:51 AM,Kai,Coffee & Tea,Latte,,1,5.25,0.00,,5.25,No
38173,07/24/2026 09:51 AM,Kai,Modifiers,+ Extra shot,Latte,1,1.00,0.00,,1.00,No
38173,07/24/2026 09:51 AM,Kai,Lunch,Turkey Club,,1,13.50,0.00,,13.50,No
38173,07/24/2026 09:51 AM,Kai,Modifiers,+ Add bacon,Turkey Club,1,2.50,0.00,,2.50,No
38174,07/24/2026 01:44 PM,Maribel,Breakfast,Breakfast Sandwich,,1,9.50,0.00,,9.50,No
38174,07/24/2026 01:44 PM,Maribel,Modifiers,+ Add bacon,Breakfast Sandwich,1,2.50,0.00,,2.50,No
38174,07/24/2026 01:44 PM,Maribel,Modifiers,+ Add egg,Breakfast Sandwich,1,1.50,0.00,,1.50,No
38175,07/24/2026 07:24 AM,Maribel,Bakery,Chocolate Chip Cookie,,1,2.75,0.00,,2.75,No
38175,07/24/2026 07:24 AM,Maribel,Coffee & Tea,Drip Coffee,,1,3.00,0.00,,3.00,No
38176,07/24/2026 02:13 PM,Theo,Coffee & Tea,Drip Coffee,,1,3.00,0.00,,3.00,No
38177,07/24/2026 11:50 AM,Theo,Bakery,Croissant,,1,3.75,0.00,,3.75,No
38177,07/24/2026 11:50 AM,Theo,Coffee & Tea,Cappuccino,,1,4.75,0.00,,4.75,No
38177,07/24/2026 11:50 AM,Theo,Modifiers,+ Oat milk,Cappuccino,1,0.75,0.00,,0.75,No
38177,07/24/2026 11:50 AM,Theo,Coffee & Tea,Cold Brew,,1,4.50,0.00,,4.50,No
38178,07/24/2026 08:16 AM,Ines,Breakfast,Oatmeal Bowl,,1,7.50,0.00,,7.50,No
38179,07/24/2026 01:22 PM,Rashid,Coffee & Tea,Chai Tea,,1,4.75,0.00,,4.75,No
38179,07/24/2026 01:22 PM,Rashid,Bakery,Blueberry Muffin,,1,3.50,0.00,,3.50,No
38179,07/24/2026 01:22 PM,Rashid,Bakery,Blueberry Muffin,,1,3.50,0.00,,3.50,No
38180,07/24/2026 12:41 PM,Ines,Breakfast,Breakfast Sandwich,,1,9.50,0.00,,9.50,No
38180,07/24/2026 12:41 PM,Ines,Bakery,Croissant,,1,3.75,0.00,,3.75,No
38180,07/24/2026 12:41 PM,Ines,Lunch,Turkey Club,,1,13.50,0.00,,13.50,No
38180,07/24/2026 12:41 PM,Ines,Modifiers,+ No onions,Turkey Club,1,0.00,0.00,,0.00,No
38181,07/24/2026 08:20 AM,Theo,Bakery,Blueberry Muffin,,1,3.50,0.00,,3.50,No
38181,07/24/2026 08:20 AM,Theo,Coffee & Tea,Latte,,1,5.25,0.00,,5.25,No
38182,07/24/2026 09:41 AM,Maribel,Coffee & Tea,Cold Brew,,1,4.50,0.00,,4.50,No
38182,07/24/2026 09:41 AM,Maribel,Lunch,Greek Salad,,1,12.00,0.00,,12.00,No
38182,07/24/2026 09:41 AM,Maribel,Modifiers,+ Add avocado,Greek Salad,1,2.00,0.00,,2.00,No
38182,07/24/2026 09:41 AM,Maribel,Coffee & Tea,Latte,,1,5.25,0.00,,5.25,No
38183,07/24/2026 12:59 PM,Theo,Lunch,Soup of the Day,,1,7.00,7.00,Comp - manager,0.00,No
38183,07/24/2026 12:59 PM,Theo,Bakery,Chocolate Chip Cookie,,1,2.75,2.75,Comp - manager,0.00,No
38183,07/24/2026 12:59 PM,Theo,Bakery,Blueberry Muffin,,1,3.50,3.50,Comp - manager,0.00,No
38184,07/24/2026 07:56 AM,Maribel,Coffee & Tea,Cappuccino,,1,4.75,0.00,,4.75,No
38185,07/24/2026 12:51 PM,Kai,Bakery,Chocolate Chip Cookie,,1,2.75,0.00,,2.75,No
38185,07/24/2026 12:51 PM,Kai,Coffee & Tea,Latte,,1,5.25,0.00,,5.25,No
38186,07/24/2026 09:34 AM,Kai,Breakfast,Breakfast Sandwich,,1,9.50,0.00,,9.50,No
38186,07/24/2026 09:34 AM,Kai,Modifiers,+ Add avocado,Breakfast Sandwich,1,2.00,0.00,,2.00,No
38187,07/24/2026 01:03 PM,Ines,Coffee & Tea,Cappuccino,,1,4.75,0.00,,4.75,No
38188,07/24/2026 09:44 AM,Ines,Breakfast,Avocado Toast,,1,11.00,0.00,,11.00,No
38189,07/24/2026 08:58 AM,Maribel,Coffee & Tea,Chai Tea,,1,4.75,0.00,,4.75,No
38189,07/24/2026 08:58 AM,Maribel,Lunch,Turkey Club,,1,13.50,0.00,,13.50,No
38190,07/24/2026 12:37 PM,Rashid,Coffee & Tea,Drip Coffee,,1,3.00,0.00,,3.00,No
38191,07/24/2026 11:53 AM,Kai,Breakfast,Oatmeal Bowl,,1,7.50,0.00,,7.50,No
38192,07/24/2026 09:45 AM,Maribel,Breakfast,Breakfast Sandwich,,1,9.50,0.00,,9.50,No
38193,07/24/2026 12:57 PM,Theo,Lunch,Turkey Club,,1,13.50,0.00,,13.50,No
38193,07/24/2026 12:57 PM,Theo,Modifiers,+ Add bacon,Turkey Club,1,2.50,0.00,,2.50,No
38193,07/24/2026 12:57 PM,Theo,Lunch,Turkey Club,,1,13.50,0.00,,13.50,No
38193,07/24/2026 12:57 PM,Theo,Coffee & Tea,Cappuccino,,1,4.75,0.00,,4.75,No
38193,07/24/2026 12:57 PM,Theo,Modifiers,+ Oat milk,Cappuccino,1,0.75,0.00,,0.75,No
38194,07/24/2026 01:54 PM,Maribel,Coffee & Tea,Drip Coffee,,1,3.00,0.00,,3.00,No
38195,07/24/2026 10:16 AM,Rashid,Bakery,Blueberry Muffin,,1,3.50,0.00,,3.50,No
38195,07/24/2026 10:16 AM,Rashid,Lunch,Turkey Club,,1,13.50,0.00,,13.50,No
38195,07/24/2026 10:16 AM,Rashid,Modifiers,+ Add bacon,Turkey Club,1,2.50,0.00,,2.50,No
38196,07/24/2026 09:35 AM,Kai,Coffee & Tea,Drip Coffee,,1,3.00,0.00,,3.00,No
38196,07/24/2026 09:35 AM,Kai,Breakfast,Breakfast Sandwich,,1,9.50,9.50,Comp - manager,0.00,No
38196,07/24/2026 09:35 AM,Kai,Modifiers,+ Add bacon,Breakfast Sandwich,1,2.50,2.50,Comp - manager,0.00,No
38197,07/24/2026 10:27 AM,Kai,Coffee & Tea,Cappuccino,,1,4.75,0.00,,4.75,No
38197,07/24/2026 10:27 AM,Kai,Modifiers,+ Oat milk,Cappuccino,1,0.75,0.00,,0.75,No
38197,07/24/2026 10:27 AM,Kai,Modifiers,+ Extra shot,Cappuccino,1,1.00,0.00,,1.00,No
38198,07/24/2026 10:47 AM,Kai,Coffee & Tea,Drip Coffee,,1,3.00,0.00,,3.00,No
38198,07/24/2026 10:47 AM,Kai,Lunch,Greek Salad,,1,12.00,0.00,,12.00,No
38198,07/24/2026 10:47 AM,Kai,Coffee & Tea,Cappuccino,,1,4.75,0.00,,4.75,No
38199,07/24/2026 11:30 AM,Maribel,Coffee & Tea,Drip Coffee,,1,3.00,0.00,,3.00,No
38199,07/24/2026 11:30 AM,Maribel,Bakery,Chocolate Chip Cookie,,1,2.75,0.00,,2.75,No
38200,07/24/2026 10:19 AM,Rashid,Coffee & Tea,Chai Tea,,1,4.75,0.00,,4.75,No
38201,07/24/2026 10:10 AM,Theo,Breakfast,Avocado Toast,,1,11.00,0.00,,11.00,No
38202,07/24/2026 09:22 AM,Kai,Coffee & Tea,Latte,,1,5.25,0.00,,5.25,No
38202,07/24/2026 09:22 AM,Kai,Bakery,Croissant,,1,3.75,0.00,,3.75,No
38202,07/24/2026 09:22 AM,Kai,Bakery,Croissant,,1,3.75,0.00,,3.75,No
38203,07/24/2026 10:07 AM,Theo,Lunch,Soup of the Day,,1,7.00,0.00,,7.00,No
38203,07/24/2026 10:07 AM,Theo,Coffee & Tea,Cold Brew,,1,4.50,0.00,,4.50,No
38204,07/25/2026 08:49 AM,Theo,Lunch,Soup of the Day,,1,7.00,0.00,,7.00,No
38204,07/25/2026 08:49 AM,Theo,Coffee & Tea,Latte,,1,5.25,0.00,,5.25,No
38205,07/25/2026 08:26 AM,Theo,Breakfast,Breakfast Sandwich,,1,9.50,0.00,,9.50,No
38206,07/25/2026 10:29 AM,Maribel,Coffee & Tea,Cold Brew,,1,4.50,2.25,Staff meal 50%,2.25,No
38206,07/25/2026 10:29 AM,Maribel,Modifiers,+ Vanilla syrup,Cold Brew,1,0.60,0.30,Staff meal 50%,0.30,No
38206,07/25/2026 10:29 AM,Maribel,Bakery,Blueberry Muffin,,1,3.50,1.75,Staff meal 50%,1.75,No
38207,07/25/2026 07:21 AM,Ines,Breakfast,Avocado Toast,,1,11.00,0.00,,11.00,No
38208,07/25/2026 09:20 AM,Ines,Coffee & Tea,Cappuccino,,1,4.75,0.00,,4.75,No
38209,07/25/2026 07:15 AM,Kai,Coffee & Tea,Drip Coffee,,1,3.00,0.00,,3.00,No
38210,07/25/2026 02:45 PM,Kai,Breakfast,Breakfast Sandwich,,1,9.50,0.00,,9.50,No
38211,07/25/2026 02:46 PM,Theo,Coffee & Tea,Drip Coffee,,1,3.00,0.00,,3.00,No
38211,07/25/2026 02:46 PM,Theo,Coffee & Tea,Cold Brew,,1,4.50,0.00,,4.50,No
38211,07/25/2026 02:46 PM,Theo,Modifiers,+ Vanilla syrup,Cold Brew,1,0.60,0.00,,0.60,No
38211,07/25/2026 02:46 PM,Theo,Coffee & Tea,Chai Tea,,1,4.75,0.00,,4.75,No
38212,07/25/2026 07:01 AM,Rashid,Lunch,Soup of the Day,,1,7.00,0.00,,7.00,No
38212,07/25/2026 07:01 AM,Rashid,Coffee & Tea,Cappuccino,,1,4.75,0.00,,4.75,No
38212,07/25/2026 07:01 AM,Rashid,Modifiers,+ Extra shot,Cappuccino,1,1.00,0.00,,1.00,No
38213,07/25/2026 09:09 AM,Kai,Lunch,Turkey Club,,1,13.50,0.00,,13.50,No
38213,07/25/2026 09:09 AM,Kai,Modifiers,+ Add bacon,Turkey Club,1,2.50,0.00,,2.50,No
38213,07/25/2026 09:09 AM,Kai,Coffee & Tea,Drip Coffee,,1,3.00,0.00,,3.00,No
38213,07/25/2026 09:09 AM,Kai,Lunch,Greek Salad,,1,12.00,0.00,,12.00,No
38213,07/25/2026 09:09 AM,Kai,Modifiers,+ Add avocado,Greek Salad,1,2.00,0.00,,2.00,No
38214,07/25/2026 11:14 AM,Maribel,Breakfast,Avocado Toast,,1,11.00,0.00,,11.00,No
38214,07/25/2026 11:14 AM,Maribel,Modifiers,+ Add egg,Avocado Toast,1,1.50,0.00,,1.50,No
38214,07/25/2026 11:14 AM,Maribel,Bakery,Blueberry Muffin,,1,3.50,0.00,,3.50,No
38215,07/25/2026 02:38 PM,Rashid,Lunch,Turkey Club,,1,13.50,0.00,,13.50,No
38215,07/25/2026 02:38 PM,Rashid,Lunch,Turkey Club,,1,13.50,0.00,,13.50,No
38216,07/25/2026 02:13 PM,Maribel,Coffee & Tea,Latte,,1,5.25,0.00,,5.25,No
38216,07/25/2026 02:13 PM,Maribel,Coffee & Tea,Drip Coffee,,1,3.00,0.00,,3.00,No
38216,07/25/2026 02:13 PM,Maribel,Bakery,Chocolate Chip Cookie,,1,2.75,0.00,,2.75,No
38217,07/25/2026 11:31 AM,Kai,Breakfast,Breakfast Sandwich,,1,9.50,0.00,,9.50,No
38217,07/25/2026 11:31 AM,Kai,Modifiers,+ Add bacon,Breakfast Sandwich,1,2.50,0.00,,2.50,No
38217,07/25/2026 11:31 AM,Kai,Coffee & Tea,Drip Coffee,,1,3.00,0.00,,3.00,No
38218,07/25/2026 08:13 AM,Rashid,Breakfast,Avocado Toast,,1,11.00,0.00,,11.00,No
38218,07/25/2026 08:13 AM,Rashid,Modifiers,+ Add egg,Avocado Toast,1,1.50,0.00,,1.50,No
38219,07/25/2026 01:34 PM,Maribel,Coffee & Tea,Cappuccino,,1,4.75,0.00,,4.75,No
38219,07/25/2026 01:34 PM,Maribel,Coffee & Tea,Cold Brew,,1,4.50,0.00,,4.50,No
38220,07/25/2026 10:28 AM,Maribel,Bakery,Croissant,,1,3.75,0.00,,3.75,No
38220,07/25/2026 10:28 AM,Maribel,Coffee & Tea,Cappuccino,,1,4.75,0.00,,4.75,No
38220,07/25/2026 10:28 AM,Maribel,Coffee & Tea,Latte,,1,5.25,0.00,,5.25,No
38221,07/25/2026 08:58 AM,Kai,Bakery,Chocolate Chip Cookie,,1,2.75,0.00,,2.75,No
38221,07/25/2026 08:58 AM,Kai,Breakfast,Oatmeal Bowl,,1,7.50,0.00,,7.50,No
38222,07/25/2026 07:05 AM,Maribel,Coffee & Tea,Cold Brew,,1,4.50,0.00,,4.50,No
38222,07/25/2026 07:05 AM,Maribel,Modifiers,+ Vanilla syrup,Cold Brew,1,0.60,0.00,,0.60,No
38223,07/25/2026 07:23 AM,Theo,Breakfast,Avocado Toast,,1,11.00,0.00,,11.00,No
38224,07/25/2026 07:19 AM,Theo,Bakery,Chocolate Chip Cookie,,1,2.75,0.00,,2.75,No
38225,07/25/2026 12:51 PM,Theo,Lunch,Turkey Club,,1,13.50,0.00,,13.50,No
38225,07/25/2026 12:51 PM,Theo,Modifiers,+ No onions,Turkey Club,1,0.00,0.00,,0.00,No
38225,07/25/2026 12:51 PM,Theo,Coffee & Tea,Drip Coffee,,1,3.00,0.00,,3.00,No
38226,07/25/2026 07:41 AM,Rashid,Lunch,Turkey Club,,1,13.50,0.00,,13.50,No
38226,07/25/2026 07:41 AM,Rashid,Modifiers,+ Add bacon,Turkey Club,1,2.50,0.00,,2.50,No
38226,07/25/2026 07:41 AM,Rashid,Breakfast,Avocado Toast,,1,11.00,0.00,,11.00,No
38227,07/25/2026 01:38 PM,Theo,Lunch,Greek Salad,,1,12.00,12.00,Comp - manager,0.00,No
38227,07/25/2026 01:38 PM,Theo,Modifiers,+ Add avocado,Greek Salad,1,2.00,2.00,Comp - manager,0.00,No
38227,07/25/2026 01:38 PM,Theo,Bakery,Croissant,,1,3.75,0.00,,3.75,No
38228,07/25/2026 07:18 AM,Theo,Breakfast,Avocado Toast,,1,11.00,0.00,,11.00,No
38228,07/25/2026 07:18 AM,Theo,Modifiers,+ Add egg,Avocado Toast,1,1.50,0.00,,1.50,No
38229,07/25/2026 02:42 PM,Ines,Lunch,Soup of the Day,,1,7.00,0.00,,7.00,No
38229,07/25/2026 02:42 PM,Ines,Bakery,Chocolate Chip Cookie,,1,2.75,0.00,,2.75,No
38229,07/25/2026 02:42 PM,Ines,Coffee & Tea,Latte,,1,5.25,0.00,,5.25,No
38230,07/25/2026 08:38 AM,Ines,Coffee & Tea,Cold Brew,,1,4.50,0.00,,4.50,No
38230,07/25/2026 08:38 AM,Ines,Modifiers,+ Vanilla syrup,Cold Brew,1,0.60,0.00,,0.60,No
38231,07/25/2026 11:28 AM,Rashid,Breakfast,Breakfast Sandwich,,1,9.50,9.50,Comp - manager,0.00,No
38231,07/25/2026 11:28 AM,Rashid,Modifiers,+ Add bacon,Breakfast Sandwich,1,2.50,2.50,Comp - manager,0.00,No
38231,07/25/2026 11:28 AM,Rashid,Bakery,Blueberry Muffin,,1,3.50,3.50,Comp - manager,0.00,No
38232,07/25/2026 09:53 AM,Ines,Coffee & Tea,Latte,,1,5.25,0.00,,5.25,No
38232,07/25/2026 09:53 AM,Ines,Modifiers,+ Extra shot,Latte,1,1.00,0.00,,1.00,No
38232,07/25/2026 09:53 AM,Ines,Modifiers,+ Vanilla syrup,Latte,1,0.60,0.00,,0.60,No
38232,07/25/2026 09:53 AM,Ines,Bakery,Croissant,,1,3.75,0.00,,3.75,No
38233,07/25/2026 07:14 AM,Theo,Breakfast,Breakfast Sandwich,,1,9.50,0.00,,9.50,No
38233,07/25/2026 07:14 AM,Theo,Modifiers,+ Add egg,Breakfast Sandwich,1,1.50,0.00,,1.50,No
38233,07/25/2026 07:14 AM,Theo,Coffee & Tea,Cold Brew,,1,4.50,0.00,,4.50,No
38233,07/25/2026 07:14 AM,Theo,Modifiers,+ Vanilla syrup,Cold Brew,1,0.60,0.00,,0.60,No
38234,07/25/2026 09:35 AM,Kai,Lunch,Soup of the Day,,1,7.00,0.00,,7.00,No
38234,07/25/2026 09:35 AM,Kai,Bakery,Blueberry Muffin,,1,3.50,0.00,,3.50,No
38234,07/25/2026 09:35 AM,Kai,Bakery,Croissant,,1,3.75,0.00,,3.75,No
38235,07/25/2026 02:40 PM,Ines,Coffee & Tea,Cold Brew,,1,4.50,0.00,,4.50,No
38235,07/25/2026 02:40 PM,Ines,Modifiers,+ Oat milk,Cold Brew,1,0.75,0.00,,0.75,No
38235,07/25/2026 02:40 PM,Ines,Modifiers,+ Vanilla syrup,Cold Brew,1,0.60,0.00,,0.60,No
38235,07/25/2026 02:40 PM,Ines,Coffee & Tea,Cappuccino,,1,4.75,0.00,,4.75,No
38235,07/25/2026 02:40 PM,Ines,Breakfast,Avocado Toast,,1,11.00,0.00,,11.00,No
38235,07/25/2026 02:40 PM,Ines,Modifiers,+ Add egg,Avocado Toast,1,1.50,0.00,,1.50,No
38236,07/25/2026 08:51 AM,Ines,Coffee & Tea,Latte,,1,5.25,0.00,,5.25,No
38236,07/25/2026 08:51 AM,Ines,Modifiers,+ Extra shot,Latte,1,1.00,0.00,,1.00,No
38236,07/25/2026 08:51 AM,Ines,Modifiers,+ Vanilla syrup,Latte,1,0.60,0.00,,0.60,No
38237,07/25/2026 01:56 PM,Kai,Bakery,Blueberry Muffin,,1,3.50,0.00,,3.50,No
38238,07/25/2026 11:57 AM,Ines,Bakery,Croissant,,1,3.75,0.00,,3.75,No
38238,07/25/2026 11:57 AM,Ines,Coffee & Tea,Chai Tea,,1,4.75,0.00,,4.75,No
38239,07/25/2026 12:19 PM,Maribel,Coffee & Tea,Cappuccino,,1,4.75,2.38,Staff meal 50%,2.37,No
38239,07/25/2026 12:19 PM,Maribel,Modifiers,+ Oat milk,Cappuccino,1,0.75,0.38,Staff meal 50%,0.37,No
38240,07/25/2026 07:20 AM,Maribel,Coffee & Tea,Chai Tea,,1,4.75,0.00,,4.75,No
38241,07/25/2026 07:23 AM,Ines,Breakfast,Breakfast Sandwich,,1,9.50,0.00,,9.50,No
38241,07/25/2026 07:23 AM,Ines,Modifiers,+ Add egg,Breakfast Sandwich,1,1.50,0.00,,1.50,No
38241,07/25/2026 07:23 AM,Ines,Bakery,Croissant,,1,3.75,0.00,,3.75,No
38242,07/25/2026 11:06 AM,Maribel,Coffee & Tea,Drip Coffee,,1,3.00,0.00,,3.00,No
38242,07/25/2026 11:06 AM,Maribel,Coffee & Tea,Latte,,1,5.25,0.00,,5.25,No
38242,07/25/2026 11:06 AM,Maribel,Coffee & Tea,Drip Coffee,,1,3.00,0.00,,3.00,No
38243,07/25/2026 01:59 PM,Rashid,Lunch,Turkey Club,,1,13.50,0.00,,13.50,No
38243,07/25/2026 01:59 PM,Rashid,Modifiers,+ Add bacon,Turkey Club,1,2.50,0.00,,2.50,No
38243,07/25/2026 01:59 PM,Rashid,Coffee & Tea,Chai Tea,,1,4.75,0.00,,4.75,No
38244,07/25/2026 07:36 AM,Theo,Breakfast,Avocado Toast,,1,11.00,0.00,,11.00,No
38244,07/25/2026 07:36 AM,Theo,Modifiers,+ Add egg,Avocado Toast,1,1.50,0.00,,1.50,No
38245,07/25/2026 12:40 PM,Kai,Bakery,Blueberry Muffin,,1,3.50,0.00,,3.50,No
38246,07/25/2026 09:43 AM,Kai,Bakery,Chocolate Chip Cookie,,1,2.75,0.00,,2.75,No
38246,07/25/2026 09:43 AM,Kai,Coffee & Tea,Drip Coffee,,1,3.00,0.00,,3.00,No
38246,07/25/2026 09:43 AM,Kai,Coffee & Tea,Drip Coffee,,1,3.00,0.00,,3.00,No
38247,07/26/2026 12:47 PM,Theo,Coffee & Tea,Cold Brew,,1,4.50,0.00,,4.50,No
38247,07/26/2026 12:47 PM,Theo,Breakfast,Avocado Toast,,1,11.00,0.00,,11.00,No
38247,07/26/2026 12:47 PM,Theo,Bakery,Blueberry Muffin,,1,3.50,0.00,,3.50,No
38248,07/26/2026 02:58 PM,Theo,Bakery,Croissant,,1,3.75,0.00,,3.75,No
38248,07/26/2026 02:58 PM,Theo,Coffee & Tea,Drip Coffee,,1,3.00,0.00,,3.00,No
38249,07/26/2026 02:48 PM,Rashid,Bakery,Blueberry Muffin,,1,3.50,0.00,,3.50,No
38249,07/26/2026 02:48 PM,Rashid,Coffee & Tea,Drip Coffee,,1,3.00,0.00,,3.00,No
38250,07/26/2026 12:08 PM,Kai,Breakfast,Breakfast Sandwich,,1,9.50,0.00,,9.50,No
38251,07/26/2026 11:57 AM,Ines,Bakery,Croissant,,1,3.75,0.00,,3.75,No
38252,07/26/2026 09:58 AM,Maribel,Coffee & Tea,Cold Brew,,1,4.50,2.25,Staff meal 50%,2.25,No
38252,07/26/2026 09:58 AM,Maribel,Coffee & Tea,Drip Coffee,,1,3.00,1.50,Staff meal 50%,1.50,No
38253,07/26/2026 02:09 PM,Theo,Coffee & Tea,Cold Brew,,1,4.50,0.00,,4.50,No
38253,07/26/2026 02:09 PM,Theo,Modifiers,+ Oat milk,Cold Brew,1,0.75,0.00,,0.75,No
38253,07/26/2026 02:09 PM,Theo,Breakfast,Breakfast Sandwich,,1,9.50,0.00,,9.50,No
38253,07/26/2026 02:09 PM,Theo,Modifiers,+ Add bacon,Breakfast Sandwich,1,2.50,0.00,,2.50,No
38253,07/26/2026 02:09 PM,Theo,Coffee & Tea,Cold Brew,,1,4.50,0.00,,4.50,No
38253,07/26/2026 02:09 PM,Theo,Modifiers,+ Oat milk,Cold Brew,1,0.75,0.00,,0.75,No
38254,07/26/2026 07:20 AM,Maribel,Breakfast,Avocado Toast,,1,11.00,0.00,,11.00,No
38254,07/26/2026 07:20 AM,Maribel,Coffee & Tea,Cold Brew,,1,4.50,0.00,,4.50,No
38254,07/26/2026 07:20 AM,Maribel,Modifiers,+ Vanilla syrup,Cold Brew,1,0.60,0.00,,0.60,No
38255,07/26/2026 10:19 AM,Kai,Coffee & Tea,Drip Coffee,,1,3.00,0.00,,3.00,No
38255,07/26/2026 10:19 AM,Kai,Coffee & Tea,Latte,,1,5.25,0.00,,5.25,No
38255,07/26/2026 10:19 AM,Kai,Modifiers,+ Vanilla syrup,Latte,1,0.60,0.00,,0.60,No
38256,07/26/2026 07:34 AM,Kai,Coffee & Tea,Drip Coffee,,1,3.00,0.00,,3.00,No
38257,07/26/2026 12:56 PM,Maribel,Breakfast,Breakfast Sandwich,,1,9.50,0.00,,9.50,No
38257,07/26/2026 12:56 PM,Maribel,Modifiers,+ Add bacon,Breakfast Sandwich,1,2.50,0.00,,2.50,No
38257,07/26/2026 12:56 PM,Maribel,Modifiers,+ Add egg,Breakfast Sandwich,1,1.50,0.00,,1.50,No
38257,07/26/2026 12:56 PM,Maribel,Coffee & Tea,Cappuccino,,1,4.75,0.00,,4.75,No
38257,07/26/2026 12:56 PM,Maribel,Modifiers,+ Oat milk,Cappuccino,1,0.75,0.00,,0.75,No
38257,07/26/2026 12:56 PM,Maribel,Modifiers,+ Extra shot,Cappuccino,1,1.00,0.00,,1.00,No
38258,07/26/2026 11:42 AM,Rashid,Breakfast,Breakfast Sandwich,,1,9.50,0.00,,9.50,No
38258,07/26/2026 11:42 AM,Rashid,Coffee & Tea,Cold Brew,,1,4.50,0.00,,4.50,No
38259,07/26/2026 02:40 PM,Rashid,Coffee & Tea,Chai Tea,,1,4.75,0.00,,4.75,No
38259,07/26/2026 02:40 PM,Rashid,Coffee & Tea,Cold Brew,,1,4.50,0.00,,4.50,No
38260,07/26/2026 01:31 PM,Ines,Lunch,Greek Salad,,1,12.00,12.00,Comp - manager,0.00,No
38260,07/26/2026 01:31 PM,Ines,Modifiers,+ No onions,Greek Salad,1,0.00,0.00,Comp - manager,0.00,No
38261,07/26/2026 02:48 PM,Ines,Coffee & Tea,Cold Brew,,1,4.50,0.00,,4.50,No
38261,07/26/2026 02:48 PM,Ines,Bakery,Blueberry Muffin,,1,3.50,0.00,,3.50,No
38262,07/26/2026 01:01 PM,Maribel,Bakery,Blueberry Muffin,,1,3.50,0.00,,3.50,No
38263,07/26/2026 02:45 PM,Ines,Breakfast,Breakfast Sandwich,,1,9.50,0.00,,9.50,No
38263,07/26/2026 02:45 PM,Ines,Modifiers,+ Add bacon,Breakfast Sandwich,1,2.50,0.00,,2.50,No
38263,07/26/2026 02:45 PM,Ines,Modifiers,+ Add egg,Breakfast Sandwich,1,1.50,0.00,,1.50,No
38263,07/26/2026 02:45 PM,Ines,Modifiers,+ Add avocado,Breakfast Sandwich,1,2.00,0.00,,2.00,No
38263,07/26/2026 02:45 PM,Ines,Coffee & Tea,Chai Tea,,1,4.75,0.00,,4.75,No
38263,07/26/2026 02:45 PM,Ines,Lunch,Turkey Club,,1,13.50,0.00,,13.50,No
38264,07/26/2026 11:12 AM,Maribel,Coffee & Tea,Latte,,1,5.25,5.25,Comp - manager,0.00,No
38264,07/26/2026 11:12 AM,Maribel,Modifiers,+ Extra shot,Latte,1,1.00,1.00,Comp - manager,0.00,No
38264,07/26/2026 11:12 AM,Maribel,Modifiers,+ Vanilla syrup,Latte,1,0.60,0.60,Comp - manager,0.00,No
38265,07/26/2026 02:48 PM,Maribel,Coffee & Tea,Drip Coffee,,1,3.00,0.00,,3.00,No
38265,07/26/2026 02:48 PM,Maribel,Lunch,Turkey Club,,1,13.50,0.00,,13.50,No
38265,07/26/2026 02:48 PM,Maribel,Modifiers,+ No onions,Turkey Club,1,0.00,0.00,,0.00,No
38266,07/26/2026 07:36 AM,Maribel,Breakfast,Avocado Toast,,1,11.00,0.00,,11.00,No
38266,07/26/2026 07:36 AM,Maribel,Modifiers,+ Gluten-free bread,Avocado Toast,1,1.50,0.00,,1.50,No
38266,07/26/2026 07:36 AM,Maribel,Breakfast,Avocado Toast,,1,11.00,0.00,,11.00,No
38266,07/26/2026 07:36 AM,Maribel,Modifiers,+ Add egg,Avocado Toast,1,1.50,0.00,,1.50,No
38266,07/26/2026 07:36 AM,Maribel,Modifiers,+ Gluten-free bread,Avocado Toast,1,1.50,0.00,,1.50,No
38267,07/26/2026 09:38 AM,Kai,Breakfast,Avocado Toast,,1,11.00,0.00,,11.00,No
38267,07/26/2026 09:38 AM,Kai,Lunch,Turkey Club,,1,13.50,0.00,,13.50,No
38267,07/26/2026 09:38 AM,Kai,Modifiers,+ Add bacon,Turkey Club,1,2.50,0.00,,2.50,No
38267,07/26/2026 09:38 AM,Kai,Modifiers,+ No onions,Turkey Club,1,0.00,0.00,,0.00,No
38267,07/26/2026 09:38 AM,Kai,Breakfast,Oatmeal Bowl,,1,7.50,0.00,,7.50,No
38268,07/26/2026 02:30 PM,Ines,Coffee & Tea,Cappuccino,,1,4.75,0.00,,4.75,No
38268,07/26/2026 02:30 PM,Ines,Modifiers,+ Oat milk,Cappuccino,1,0.75,0.00,,0.75,No
38269,07/26/2026 02:42 PM,Kai,Coffee & Tea,Drip Coffee,,1,3.00,3.00,Comp - manager,0.00,No
38269,07/26/2026 02:42 PM,Kai,Breakfast,Oatmeal Bowl,,1,7.50,0.00,,7.50,No
38270,07/26/2026 12:32 PM,Kai,Breakfast,Avocado Toast,,1,11.00,0.00,,11.00,No
38270,07/26/2026 12:32 PM,Kai,Modifiers,+ Gluten-free bread,Avocado Toast,1,1.50,0.00,,1.50,No
38271,07/26/2026 11:06 AM,Ines,Breakfast,Avocado Toast,,1,11.00,0.00,,11.00,No
38272,07/26/2026 01:02 PM,Kai,Coffee & Tea,Cold Brew,,1,4.50,0.00,,0.00,Yes
38272,07/26/2026 01:02 PM,Kai,Modifiers,+ Vanilla syrup,Cold Brew,1,0.60,0.00,,0.00,Yes
38272,07/26/2026 01:02 PM,Kai,Coffee & Tea,Latte,,1,5.25,0.00,,5.25,No
38273,07/26/2026 10:39 AM,Maribel,Coffee & Tea,Chai Tea,,1,4.75,0.00,,4.75,No
38273,07/26/2026 10:39 AM,Maribel,Breakfast,Avocado Toast,,1,11.00,0.00,,11.00,No
38274,07/26/2026 10:07 AM,Theo,Bakery,Croissant,,1,3.75,0.00,,3.75,No
38274,07/26/2026 10:07 AM,Theo,Breakfast,Avocado Toast,,1,11.00,0.00,,11.00,No
38274,07/26/2026 10:07 AM,Theo,Breakfast,Avocado Toast,,1,11.00,0.00,,11.00,No
38274,07/26/2026 10:07 AM,Theo,Modifiers,+ Add egg,Avocado Toast,1,1.50,0.00,,1.50,No
38275,07/26/2026 12:42 PM,Rashid,Bakery,Chocolate Chip Cookie,,1,2.75,1.38,Staff meal 50%,1.37,No
38276,07/26/2026 02:28 PM,Kai,Coffee & Tea,Drip Coffee,,1,3.00,3.00,Comp - manager,0.00,No
38276,07/26/2026 02:28 PM,Kai,Breakfast,Breakfast Sandwich,,1,9.50,9.50,Comp - manager,0.00,No
38277,07/26/2026 02:31 PM,Theo,Coffee & Tea,Cappuccino,,1,4.75,0.00,,4.75,No
38278,07/26/2026 07:09 AM,Ines,Breakfast,Avocado Toast,,1,11.00,0.00,,11.00,No
38278,07/26/2026 07:09 AM,Ines,Modifiers,+ Add egg,Avocado Toast,1,1.50,0.00,,1.50,No
38279,07/26/2026 02:47 PM,Maribel,Bakery,Croissant,,1,3.75,0.00,,3.75,No
38280,07/26/2026 12:13 PM,Maribel,Lunch,Greek Salad,,1,12.00,0.00,,12.00,No
38281,07/26/2026 09:57 AM,Rashid,Lunch,Soup of the Day,,1,7.00,0.00,,7.00,No
38281,07/26/2026 09:57 AM,Rashid,Breakfast,Breakfast Sandwich,,1,9.50,0.00,,9.50,No
38281,07/26/2026 09:57 AM,Rashid,Modifiers,+ Add egg,Breakfast Sandwich,1,1.50,0.00,,1.50,No
38281,07/26/2026 09:57 AM,Rashid,Coffee & Tea,Chai Tea,,1,4.75,0.00,,4.75,No
38282,07/26/2026 10:37 AM,Ines,Breakfast,Avocado Toast,,1,11.00,0.00,,11.00,No
38283,07/26/2026 08:41 AM,Kai,Coffee & Tea,Drip Coffee,,1,3.00,0.00,,3.00,No
38284,07/26/2026 01:56 PM,Kai,Coffee & Tea,Latte,,1,5.25,0.00,,5.25,No
38285,07/26/2026 12:21 PM,Theo,Lunch,Greek Salad,,1,12.00,0.00,,12.00,No
38286,07/26/2026 02:21 PM,Rashid,Breakfast,Avocado Toast,,1,11.00,0.00,,11.00,No
38286,07/26/2026 02:21 PM,Rashid,Modifiers,+ Add egg,Avocado Toast,1,1.50,0.00,,1.50,No
38286,07/26/2026 02:21 PM,Rashid,Bakery,Blueberry Muffin,,1,3.50,0.00,,3.50,No
38286,07/26/2026 02:21 PM,Rashid,Lunch,Soup of the Day,,1,7.00,0.00,,7.00,No
38287,07/26/2026 09:12 AM,Theo,Lunch,Soup of the Day,,1,7.00,0.00,,7.00,No
38288,07/26/2026 09:37 AM,Theo,Coffee & Tea,Chai Tea,,1,4.75,0.00,,4.75,No
38289,07/26/2026 07:52 AM,Maribel,Coffee & Tea,Latte,,1,5.25,0.00,,5.25,No
38289,07/26/2026 07:52 AM,Maribel,Breakfast,Avocado Toast,,1,11.00,0.00,,11.00,No
38289,07/26/2026 07:52 AM,Maribel,Breakfast,Avocado Toast,,1,11.00,0.00,,11.00,No
38290,07/26/2026 10:58 AM,Theo,Breakfast,Oatmeal Bowl,,1,7.50,0.00,,7.50,No
38291,07/26/2026 01:36 PM,Ines,Coffee & Tea,Cold Brew,,1,4.50,0.00,,4.50,No
38292,07/27/2026 10:41 AM,Rashid,Breakfast,Breakfast Sandwich,,1,9.50,0.00,,9.50,No
38292,07/27/2026 10:41 AM,Rashid,Modifiers,+ Add bacon,Breakfast Sandwich,1,2.50,0.00,,2.50,No
38292,07/27/2026 10:41 AM,Rashid,Modifiers,+ Add egg,Breakfast Sandwich,1,1.50,0.00,,1.50,No
38293,07/27/2026 02:50 PM,Ines,Coffee & Tea,Drip Coffee,,1,3.00,0.00,,3.00,No
38293,07/27/2026 02:50 PM,Ines,Coffee & Tea,Cappuccino,,1,4.75,0.00,,4.75,No
38293,07/27/2026 02:50 PM,Ines,Modifiers,+ Oat milk,Cappuccino,1,0.75,0.00,,0.75,No
38294,07/27/2026 07:35 AM,Theo,Coffee & Tea,Latte,,1,5.25,0.00,,5.25,No
38294,07/27/2026 07:35 AM,Theo,Lunch,Soup of the Day,,1,7.00,0.00,,7.00,No
38295,07/27/2026 10:22 AM,Maribel,Coffee & Tea,Latte,,1,5.25,0.00,,5.25,No
38295,07/27/2026 10:22 AM,Maribel,Modifiers,+ Vanilla syrup,Latte,1,0.60,0.00,,0.60,No
38295,07/27/2026 10:22 AM,Maribel,Coffee & Tea,Cappuccino,,1,4.75,0.00,,4.75,No
38295,07/27/2026 10:22 AM,Maribel,Breakfast,Avocado Toast,,1,11.00,0.00,,11.00,No
38296,07/27/2026 08:27 AM,Rashid,Coffee & Tea,Latte,,1,5.25,0.00,,5.25,No
38296,07/27/2026 08:27 AM,Rashid,Modifiers,+ Extra shot,Latte,1,1.00,0.00,,1.00,No
38296,07/27/2026 08:27 AM,Rashid,Lunch,Turkey Club,,1,13.50,0.00,,13.50,No
38297,07/27/2026 11:37 AM,Ines,Breakfast,Avocado Toast,,1,11.00,0.00,,11.00,No
38297,07/27/2026 11:37 AM,Ines,Breakfast,Avocado Toast,,1,11.00,0.00,,11.00,No
38297,07/27/2026 11:37 AM,Ines,Bakery,Chocolate Chip Cookie,,1,2.75,0.00,,2.75,No
38298,07/27/2026 10:27 AM,Theo,Coffee & Tea,Cold Brew,,1,4.50,0.00,,4.50,No
38298,07/27/2026 10:27 AM,Theo,Modifiers,+ Vanilla syrup,Cold Brew,1,0.60,0.00,,0.60,No
38298,07/27/2026 10:27 AM,Theo,Breakfast,Breakfast Sandwich,,1,9.50,0.00,,9.50,No
38299,07/27/2026 12:06 PM,Theo,Lunch,Greek Salad,,1,12.00,0.00,,12.00,No
38299,07/27/2026 12:06 PM,Theo,Modifiers,+ No onions,Greek Salad,1,0.00,0.00,,0.00,No
38300,07/27/2026 10:26 AM,Kai,Breakfast,Oatmeal Bowl,,1,7.50,0.00,,7.50,No
38300,07/27/2026 10:26 AM,Kai,Coffee & Tea,Cappuccino,,1,4.75,0.00,,4.75,No
38300,07/27/2026 10:26 AM,Kai,Modifiers,+ Oat milk,Cappuccino,1,0.75,0.00,,0.75,No
38300,07/27/2026 10:26 AM,Kai,Coffee & Tea,Chai Tea,,1,4.75,0.00,,4.75,No
38301,07/27/2026 12:12 PM,Kai,Breakfast,Avocado Toast,,1,11.00,0.00,,11.00,No
38301,07/27/2026 12:12 PM,Kai,Coffee & Tea,Cold Brew,,1,4.50,0.00,,4.50,No
38302,07/27/2026 08:08 AM,Theo,Coffee & Tea,Latte,,1,5.25,0.00,,5.25,No
38302,07/27/2026 08:08 AM,Theo,Coffee & Tea,Drip Coffee,,1,3.00,0.00,,3.00,No
38303,07/27/2026 02:58 PM,Rashid,Coffee & Tea,Cappuccino,,1,4.75,0.00,,4.75,No
38303,07/27/2026 02:58 PM,Rashid,Modifiers,+ Oat milk,Cappuccino,1,0.75,0.00,,0.75,No
38303,07/27/2026 02:58 PM,Rashid,Modifiers,+ Extra shot,Cappuccino,1,1.00,0.00,,1.00,No
38304,07/27/2026 01:16 PM,Maribel,Coffee & Tea,Cold Brew,,1,4.50,0.00,,4.50,No
38305,07/27/2026 02:39 PM,Theo,Coffee & Tea,Latte,,1,5.25,0.00,,5.25,No
38305,07/27/2026 02:39 PM,Theo,Modifiers,+ Oat milk,Latte,1,0.75,0.00,,0.75,No
38305,07/27/2026 02:39 PM,Theo,Modifiers,+ Extra shot,Latte,1,1.00,0.00,,1.00,No
38306,07/27/2026 02:36 PM,Kai,Coffee & Tea,Chai Tea,,1,4.75,0.00,,4.75,No
38306,07/27/2026 02:36 PM,Kai,Bakery,Chocolate Chip Cookie,,1,2.75,0.00,,2.75,No
38307,07/27/2026 01:49 PM,Maribel,Breakfast,Breakfast Sandwich,,1,9.50,0.00,,9.50,No
38307,07/27/2026 01:49 PM,Maribel,Modifiers,+ Add bacon,Breakfast Sandwich,1,2.50,0.00,,2.50,No
38307,07/27/2026 01:49 PM,Maribel,Coffee & Tea,Drip Coffee,,1,3.00,0.00,,3.00,No
38308,07/27/2026 08:59 AM,Ines,Coffee & Tea,Latte,,1,5.25,0.00,,5.25,No
38308,07/27/2026 08:59 AM,Ines,Coffee & Tea,Drip Coffee,,1,3.00,0.00,,3.00,No
38309,07/27/2026 12:17 PM,Rashid,Breakfast,Avocado Toast,,1,11.00,0.00,,11.00,No
38310,07/27/2026 02:35 PM,Theo,Bakery,Croissant,,1,3.75,0.00,,3.75,No
38310,07/27/2026 02:35 PM,Theo,Coffee & Tea,Latte,,1,5.25,0.00,,5.25,No
38310,07/27/2026 02:35 PM,Theo,Modifiers,+ Vanilla syrup,Latte,1,0.60,0.00,,0.60,No
38311,07/27/2026 07:24 AM,Ines,Coffee & Tea,Cold Brew,,1,4.50,0.00,,4.50,No
38312,07/27/2026 09:14 AM,Maribel,Bakery,Blueberry Muffin,,1,3.50,0.00,,3.50,No
38313,07/27/2026 08:17 AM,Rashid,Bakery,Blueberry Muffin,,1,3.50,0.00,,3.50,No
38313,07/27/2026 08:17 AM,Rashid,Bakery,Croissant,,1,3.75,0.00,,3.75,No
38314,07/27/2026 01:18 PM,Ines,Bakery,Blueberry Muffin,,1,3.50,0.00,,3.50,No
38314,07/27/2026 01:18 PM,Ines,Breakfast,Avocado Toast,,1,11.00,0.00,,11.00,No
38315,07/27/2026 11:53 AM,Theo,Coffee & Tea,Latte,,1,5.25,0.00,,5.25,No
38316,07/27/2026 10:02 AM,Maribel,Bakery,Croissant,,1,3.75,0.00,,3.75,No
38316,07/27/2026 10:02 AM,Maribel,Coffee & Tea,Chai Tea,,1,4.75,0.00,,4.75,No
38317,07/27/2026 09:43 AM,Maribel,Coffee & Tea,Latte,,1,5.25,0.00,,5.25,No
38317,07/27/2026 09:43 AM,Maribel,Modifiers,+ Oat milk,Latte,1,0.75,0.00,,0.75,No
38317,07/27/2026 09:43 AM,Maribel,Coffee & Tea,Chai Tea,,1,4.75,0.00,,4.75,No
38318,07/27/2026 09:56 AM,Maribel,Bakery,Chocolate Chip Cookie,,1,2.75,0.00,,2.75,No
38318,07/27/2026 09:56 AM,Maribel,Breakfast,Breakfast Sandwich,,1,9.50,0.00,,9.50,No
38318,07/27/2026 09:56 AM,Maribel,Modifiers,+ Add bacon,Breakfast Sandwich,1,2.50,0.00,,2.50,No
38318,07/27/2026 09:56 AM,Maribel,Modifiers,+ Add avocado,Breakfast Sandwich,1,2.00,0.00,,2.00,No
38319,07/27/2026 02:20 PM,Kai,Coffee & Tea,Chai Tea,,1,4.75,0.00,,4.75,No
38319,07/27/2026 02:20 PM,Kai,Lunch,Greek Salad,,1,12.00,0.00,,12.00,No
38319,07/27/2026 02:20 PM,Kai,Modifiers,+ Add avocado,Greek Salad,1,2.00,0.00,,2.00,No
38320,07/27/2026 11:38 AM,Kai,Breakfast,Avocado Toast,,1,11.00,0.00,,11.00,No
38321,07/27/2026 01:05 PM,Rashid,Lunch,Greek Salad,,1,12.00,0.00,,12.00,No
38321,07/27/2026 01:05 PM,Rashid,Modifiers,+ Add avocado,Greek Salad,1,2.00,0.00,,2.00,No
38321,07/27/2026 01:05 PM,Rashid,Coffee & Tea,Cold Brew,,1,4.50,0.00,,4.50,No
38322,07/27/2026 09:05 AM,Ines,Coffee & Tea,Cappuccino,,1,4.75,0.00,,4.75,No
38322,07/27/2026 09:05 AM,Ines,Modifiers,+ Extra shot,Cappuccino,1,1.00,0.00,,1.00,No
38322,07/27/2026 09:05 AM,Ines,Coffee & Tea,Drip Coffee,,1,3.00,0.00,,3.00,No
38323,07/27/2026 08:46 AM,Kai,Lunch,Turkey Club,,1,13.50,0.00,,13.50,No
38323,07/27/2026 08:46 AM,Kai,Modifiers,+ Gluten-free bread,Turkey Club,1,1.50,0.00,,1.50,No
38323,07/27/2026 08:46 AM,Kai,Coffee & Tea,Latte,,1,5.25,0.00,,5.25,No
38324,07/27/2026 09:56 AM,Rashid,Coffee & Tea,Drip Coffee,,1,3.00,0.00,,3.00,No
38325,07/27/2026 01:08 PM,Kai,Breakfast,Oatmeal Bowl,,1,7.50,0.00,,7.50,No
38325,07/27/2026 01:08 PM,Kai,Coffee & Tea,Drip Coffee,,1,3.00,0.00,,3.00,No
38326,07/27/2026 01:16 PM,Theo,Bakery,Chocolate Chip Cookie,,1,2.75,0.00,,2.75,No
38327,07/27/2026 07:31 AM,Ines,Coffee & Tea,Chai Tea,,1,4.75,0.00,,4.75,No
38328,07/27/2026 10:35 AM,Rashid,Bakery,Croissant,,1,3.75,3.75,Comp - manager,0.00,No
38329,07/27/2026 12:05 PM,Maribel,Coffee & Tea,Cold Brew,,1,4.50,0.00,,4.50,No
38329,07/27/2026 12:05 PM,Maribel,Modifiers,+ Oat milk,Cold Brew,1,0.75,0.00,,0.75,No
38329,07/27/2026 12:05 PM,Maribel,Bakery,Chocolate Chip Cookie,,1,2.75,0.00,,2.75,No
38330,07/27/2026 12:41 PM,Rashid,Bakery,Blueberry Muffin,,1,3.50,0.00,,3.50,No
38331,07/27/2026 12:47 PM,Theo,Bakery,Blueberry Muffin,,1,3.50,1.75,Staff meal 50%,1.75,No
38332,07/27/2026 09:44 AM,Rashid,Breakfast,Avocado Toast,,1,11.00,0.00,,0.00,Yes
38332,07/27/2026 09:44 AM,Rashid,Coffee & Tea,Chai Tea,,1,4.75,0.00,,4.75,No
38332,07/27/2026 09:44 AM,Rashid,Coffee & Tea,Cold Brew,,1,4.50,0.00,,4.50,No
38332,07/27/2026 09:44 AM,Rashid,Modifiers,+ Vanilla syrup,Cold Brew,1,0.60,0.00,,0.60,No
38333,07/27/2026 10:12 AM,Kai,Breakfast,Breakfast Sandwich,,1,9.50,0.00,,9.50,No
38333,07/27/2026 10:12 AM,Kai,Breakfast,Breakfast Sandwich,,1,9.50,0.00,,9.50,No
38333,07/27/2026 10:12 AM,Kai,Lunch,Soup of the Day,,1,7.00,0.00,,7.00,No
38334,07/27/2026 02:10 PM,Rashid,Coffee & Tea,Cappuccino,,1,4.75,0.00,,4.75,No
38334,07/27/2026 02:10 PM,Rashid,Modifiers,+ Extra shot,Cappuccino,1,1.00,0.00,,1.00,No
38334,07/27/2026 02:10 PM,Rashid,Coffee & Tea,Cold Brew,,1,4.50,0.00,,4.50,No
38335,07/27/2026 01:53 PM,Theo,Lunch,Soup of the Day,,1,7.00,0.00,,7.00,No
38336,07/28/2026 12:52 PM,Ines,Breakfast,Oatmeal Bowl,,1,7.50,0.00,,7.50,No
38336,07/28/2026 12:52 PM,Ines,Bakery,Chocolate Chip Cookie,,1,2.75,0.00,,2.75,No
38337,07/28/2026 08:59 AM,Rashid,Coffee & Tea,Cappuccino,,1,4.75,0.00,,4.75,No
38337,07/28/2026 08:59 AM,Rashid,Lunch,Turkey Club,,1,13.50,0.00,,13.50,No
38338,07/28/2026 07:26 AM,Rashid,Bakery,Croissant,,1,3.75,0.00,,3.75,No
38338,07/28/2026 07:26 AM,Rashid,Lunch,Greek Salad,,1,12.00,0.00,,12.00,No
38338,07/28/2026 07:26 AM,Rashid,Coffee & Tea,Cold Brew,,1,4.50,0.00,,4.50,No
38339,07/28/2026 11:06 AM,Ines,Bakery,Croissant,,1,3.75,0.00,,3.75,No
38339,07/28/2026 11:06 AM,Ines,Breakfast,Breakfast Sandwich,,1,9.50,0.00,,9.50,No
38340,07/28/2026 09:54 AM,Maribel,Coffee & Tea,Latte,,1,5.25,0.00,,5.25,No
38341,07/28/2026 10:45 AM,Kai,Breakfast,Breakfast Sandwich,,1,9.50,0.00,,9.50,No
38341,07/28/2026 10:45 AM,Kai,Modifiers,+ Add egg,Breakfast Sandwich,1,1.50,0.00,,1.50,No
38341,07/28/2026 10:45 AM,Kai,Coffee & Tea,Cappuccino,,1,4.75,0.00,,4.75,No
38341,07/28/2026 10:45 AM,Kai,Modifiers,+ Oat milk,Cappuccino,1,0.75,0.00,,0.75,No
38341,07/28/2026 10:45 AM,Kai,Bakery,Chocolate Chip Cookie,,1,2.75,0.00,,2.75,No
38342,07/28/2026 10:09 AM,Rashid,Coffee & Tea,Drip Coffee,,1,3.00,0.00,,3.00,No
38342,07/28/2026 10:09 AM,Rashid,Breakfast,Avocado Toast,,1,11.00,0.00,,11.00,No
38342,07/28/2026 10:09 AM,Rashid,Coffee & Tea,Chai Tea,,1,4.75,0.00,,4.75,No
38343,07/28/2026 10:30 AM,Ines,Lunch,Greek Salad,,1,12.00,0.00,,12.00,No
38343,07/28/2026 10:30 AM,Ines,Modifiers,+ No onions,Greek Salad,1,0.00,0.00,,0.00,No
38343,07/28/2026 10:30 AM,Ines,Coffee & Tea,Cold Brew,,1,4.50,0.00,,4.50,No
38344,07/28/2026 10:19 AM,Ines,Coffee & Tea,Chai Tea,,1,4.75,4.75,Comp - manager,0.00,No
38345,07/28/2026 07:49 AM,Theo,Bakery,Chocolate Chip Cookie,,1,2.75,0.00,,2.75,No
38346,07/28/2026 10:31 AM,Maribel,Coffee & Tea,Drip Coffee,,1,3.00,1.50,Staff meal 50%,1.50,No
38347,07/28/2026 11:59 AM,Maribel,Bakery,Croissant,,1,3.75,0.00,,3.75,No
38347,07/28/2026 11:59 AM,Maribel,Coffee & Tea,Latte,,1,5.25,0.00,,5.25,No
38347,07/28/2026 11:59 AM,Maribel,Breakfast,Avocado Toast,,1,11.00,0.00,,11.00,No
38348,07/28/2026 09:20 AM,Kai,Coffee & Tea,Chai Tea,,1,4.75,0.00,,4.75,No
38349,07/28/2026 08:06 AM,Rashid,Breakfast,Breakfast Sandwich,,1,9.50,9.50,Comp - manager,0.00,No
38349,07/28/2026 08:06 AM,Rashid,Modifiers,+ Add egg,Breakfast Sandwich,1,1.50,1.50,Comp - manager,0.00,No
38349,07/28/2026 08:06 AM,Rashid,Bakery,Croissant,,1,3.75,0.00,,3.75,No
38350,07/28/2026 12:23 PM,Kai,Coffee & Tea,Latte,,1,5.25,0.00,,5.25,No
38350,07/28/2026 12:23 PM,Kai,Modifiers,+ Oat milk,Latte,1,0.75,0.00,,0.75,No
38350,07/28/2026 12:23 PM,Kai,Lunch,Soup of the Day,,1,7.00,0.00,,7.00,No
38350,07/28/2026 12:23 PM,Kai,Breakfast,Oatmeal Bowl,,1,7.50,0.00,,7.50,No
38351,07/28/2026 02:59 PM,Theo,Coffee & Tea,Drip Coffee,,1,3.00,0.00,,3.00,No
38351,07/28/2026 02:59 PM,Theo,Breakfast,Breakfast Sandwich,,1,9.50,0.00,,9.50,No
38351,07/28/2026 02:59 PM,Theo,Modifiers,+ Add avocado,Breakfast Sandwich,1,2.00,0.00,,2.00,No
38352,07/28/2026 08:36 AM,Kai,Coffee & Tea,Cappuccino,,1,4.75,0.00,,4.75,No
38352,07/28/2026 08:36 AM,Kai,Coffee & Tea,Drip Coffee,,1,3.00,0.00,,3.00,No
38353,07/28/2026 08:25 AM,Maribel,Bakery,Croissant,,1,3.75,0.00,,3.75,No
38354,07/28/2026 07:20 AM,Ines,Bakery,Chocolate Chip Cookie,,1,2.75,0.00,,2.75,No
38354,07/28/2026 07:20 AM,Ines,Coffee & Tea,Latte,,1,5.25,0.00,,5.25,No
38354,07/28/2026 07:20 AM,Ines,Lunch,Turkey Club,,1,13.50,0.00,,13.50,No
38354,07/28/2026 07:20 AM,Ines,Modifiers,+ Add bacon,Turkey Club,1,2.50,0.00,,2.50,No
38355,07/28/2026 09:10 AM,Rashid,Coffee & Tea,Drip Coffee,,1,3.00,0.00,,3.00,No
38355,07/28/2026 09:10 AM,Rashid,Coffee & Tea,Latte,,1,5.25,0.00,,5.25,No
38355,07/28/2026 09:10 AM,Rashid,Coffee & Tea,Cappuccino,,1,4.75,0.00,,4.75,No
38356,07/28/2026 02:56 PM,Maribel,Coffee & Tea,Latte,,1,5.25,0.00,,5.25,No
38356,07/28/2026 02:56 PM,Maribel,Coffee & Tea,Cold Brew,,1,4.50,0.00,,4.50,No
38356,07/28/2026 02:56 PM,Maribel,Modifiers,+ Vanilla syrup,Cold Brew,1,0.60,0.00,,0.60,No
38357,07/28/2026 10:43 AM,Ines,Breakfast,Breakfast Sandwich,,1,9.50,0.00,,9.50,No
38358,07/28/2026 01:09 PM,Kai,Coffee & Tea,Drip Coffee,,1,3.00,0.00,,3.00,No
38358,07/28/2026 01:09 PM,Kai,Coffee & Tea,Cappuccino,,1,4.75,0.00,,4.75,No
38358,07/28/2026 01:09 PM,Kai,Breakfast,Avocado Toast,,1,11.00,11.00,Comp - manager,0.00,No
38358,07/28/2026 01:09 PM,Kai,Modifiers,+ Add egg,Avocado Toast,1,1.50,1.50,Comp - manager,0.00,No
38359,07/28/2026 02:25 PM,Kai,Bakery,Chocolate Chip Cookie,,1,2.75,0.00,,2.75,No
38360,07/28/2026 12:37 PM,Theo,Bakery,Croissant,,1,3.75,0.00,,3.75,No
38361,07/28/2026 07:10 AM,Rashid,Coffee & Tea,Cold Brew,,1,4.50,0.00,,4.50,No
38362,07/28/2026 09:58 AM,Ines,Coffee & Tea,Drip Coffee,,1,3.00,0.00,,3.00,No
38362,07/28/2026 09:58 AM,Ines,Lunch,Turkey Club,,1,13.50,0.00,,13.50,No
38362,07/28/2026 09:58 AM,Ines,Modifiers,+ Add bacon,Turkey Club,1,2.50,0.00,,2.50,No
38363,07/28/2026 02:11 PM,Maribel,Coffee & Tea,Drip Coffee,,1,3.00,0.00,,3.00,No
38363,07/28/2026 02:11 PM,Maribel,Bakery,Blueberry Muffin,,1,3.50,0.00,,3.50,No
38364,07/28/2026 12:07 PM,Kai,Breakfast,Breakfast Sandwich,,1,9.50,0.00,,9.50,No
38364,07/28/2026 12:07 PM,Kai,Modifiers,+ Add bacon,Breakfast Sandwich,1,2.50,0.00,,2.50,No
38364,07/28/2026 12:07 PM,Kai,Modifiers,+ Add egg,Breakfast Sandwich,1,1.50,0.00,,1.50,No
38364,07/28/2026 12:07 PM,Kai,Modifiers,+ Add avocado,Breakfast Sandwich,1,2.00,0.00,,2.00,No
38364,07/28/2026 12:07 PM,Kai,Coffee & Tea,Cappuccino,,1,4.75,0.00,,4.75,No
38365,07/28/2026 09:34 AM,Maribel,Breakfast,Breakfast Sandwich,,1,9.50,0.00,,9.50,No
38365,07/28/2026 09:34 AM,Maribel,Bakery,Blueberry Muffin,,1,3.50,0.00,,3.50,No
38366,07/28/2026 07:14 AM,Kai,Coffee & Tea,Drip Coffee,,1,3.00,0.00,,3.00,No
38367,07/28/2026 08:12 AM,Ines,Coffee & Tea,Cold Brew,,1,4.50,0.00,,4.50,No
38367,07/28/2026 08:12 AM,Ines,Modifiers,+ Oat milk,Cold Brew,1,0.75,0.00,,0.75,No
38368,07/28/2026 10:09 AM,Theo,Bakery,Chocolate Chip Cookie,,1,2.75,0.00,,2.75,No
38369,07/28/2026 09:48 AM,Theo,Coffee & Tea,Cappuccino,,1,4.75,0.00,,4.75,No
38369,07/28/2026 09:48 AM,Theo,Modifiers,+ Oat milk,Cappuccino,1,0.75,0.00,,0.75,No
38370,07/28/2026 12:39 PM,Maribel,Bakery,Croissant,,1,3.75,0.00,,3.75,No
38370,07/28/2026 12:39 PM,Maribel,Coffee & Tea,Cold Brew,,1,4.50,0.00,,4.50,No
38371,07/28/2026 10:39 AM,Theo,Coffee & Tea,Cappuccino,,1,4.75,0.00,,4.75,No
38371,07/28/2026 10:39 AM,Theo,Coffee & Tea,Latte,,1,5.25,0.00,,5.25,No
38371,07/28/2026 10:39 AM,Theo,Coffee & Tea,Cold Brew,,1,4.50,0.00,,4.50,No
38372,07/28/2026 10:00 AM,Rashid,Coffee & Tea,Cold Brew,,1,4.50,0.00,,4.50,No
38373,07/28/2026 08:28 AM,Ines,Breakfast,Breakfast Sandwich,,1,9.50,0.00,,9.50,No
38373,07/28/2026 08:28 AM,Ines,Coffee & Tea,Cold Brew,,1,4.50,0.00,,4.50,No
38374,07/28/2026 12:43 PM,Theo,Lunch,Greek Salad,,1,12.00,6.00,Staff meal 50%,6.00,No
38374,07/28/2026 12:43 PM,Theo,Bakery,Chocolate Chip Cookie,,1,2.75,1.38,Staff meal 50%,1.37,No
38374,07/28/2026 12:43 PM,Theo,Lunch,Soup of the Day,,1,7.00,3.50,Staff meal 50%,3.50,No
38375,07/28/2026 02:44 PM,Kai,Bakery,Blueberry Muffin,,1,3.50,1.75,Staff meal 50%,1.75,No
38375,07/28/2026 02:44 PM,Kai,Breakfast,Avocado Toast,,1,11.00,5.50,Staff meal 50%,5.50,No
38376,07/28/2026 12:32 PM,Kai,Bakery,Blueberry Muffin,,1,3.50,0.00,,3.50,No
38376,07/28/2026 12:32 PM,Kai,Lunch,Greek Salad,,1,12.00,0.00,,12.00,No
38377,07/28/2026 08:07 AM,Maribel,Breakfast,Breakfast Sandwich,,1,9.50,0.00,,9.50,No
38377,07/28/2026 08:07 AM,Maribel,Modifiers,+ Add egg,Breakfast Sandwich,1,1.50,0.00,,1.50,No
38377,07/28/2026 08:07 AM,Maribel,Modifiers,+ Add avocado,Breakfast Sandwich,1,2.00,0.00,,2.00,No
38377,07/28/2026 08:07 AM,Maribel,Coffee & Tea,Drip Coffee,,1,3.00,0.00,,3.00,No
38378,07/28/2026 09:01 AM,Maribel,Coffee & Tea,Cappuccino,,1,4.75,0.00,,4.75,No
38378,07/28/2026 09:01 AM,Maribel,Modifiers,+ Oat milk,Cappuccino,1,0.75,0.00,,0.75,No
38378,07/28/2026 09:01 AM,Maribel,Breakfast,Breakfast Sandwich,,1,9.50,0.00,,9.50,No
38378,07/28/2026 09:01 AM,Maribel,Modifiers,+ Add bacon,Breakfast Sandwich,1,2.50,0.00,,2.50,No
38378,07/28/2026 09:01 AM,Maribel,Coffee & Tea,Chai Tea,,1,4.75,0.00,,4.75,No
38379,07/28/2026 09:46 AM,Maribel,Coffee & Tea,Latte,,1,5.25,0.00,,5.25,No
38379,07/28/2026 09:46 AM,Maribel,Modifiers,+ Oat milk,Latte,1,0.75,0.00,,0.75,No
38379,07/28/2026 09:46 AM,Maribel,Lunch,Greek Salad,,1,12.00,0.00,,12.00,No
38380,07/28/2026 02:38 PM,Ines,Coffee & Tea,Drip Coffee,,1,3.00,0.00,,3.00,No
38381,07/28/2026 08:18 AM,Maribel,Coffee & Tea,Cold Brew,,1,4.50,0.00,,4.50,No
38382,07/29/2026 11:32 AM,Rashid,Breakfast,Breakfast Sandwich,,1,9.50,0.00,,9.50,No
38382,07/29/2026 11:32 AM,Rashid,Modifiers,+ Add bacon,Breakfast Sandwich,1,2.50,0.00,,2.50,No
38382,07/29/2026 11:32 AM,Rashid,Modifiers,+ Add egg,Breakfast Sandwich,1,1.50,0.00,,1.50,No
38382,07/29/2026 11:32 AM,Rashid,Breakfast,Breakfast Sandwich,,1,9.50,0.00,,0.00,Yes
38383,07/29/2026 01:36 PM,Theo,Coffee & Tea,Cold Brew,,1,4.50,0.00,,4.50,No
38383,07/29/2026 01:36 PM,Theo,Coffee & Tea,Drip Coffee,,1,3.00,0.00,,3.00,No
38383,07/29/2026 01:36 PM,Theo,Lunch,Soup of the Day,,1,7.00,0.00,,7.00,No
38384,07/29/2026 08:38 AM,Kai,Coffee & Tea,Cold Brew,,1,4.50,0.00,,4.50,No
38385,07/29/2026 12:51 PM,Rashid,Lunch,Soup of the Day,,1,7.00,0.00,,7.00,No
38385,07/29/2026 12:51 PM,Rashid,Bakery,Croissant,,1,3.75,0.00,,3.75,No
38386,07/29/2026 01:13 PM,Maribel,Bakery,Croissant,,1,3.75,0.00,,3.75,No
38386,07/29/2026 01:13 PM,Maribel,Coffee & Tea,Latte,,1,5.25,0.00,,5.25,No
38386,07/29/2026 01:13 PM,Maribel,Coffee & Tea,Chai Tea,,1,4.75,0.00,,4.75,No
38387,07/29/2026 02:40 PM,Ines,Coffee & Tea,Drip Coffee,,1,3.00,0.00,,3.00,No
38388,07/29/2026 09:02 AM,Maribel,Coffee & Tea,Latte,,1,5.25,0.00,,5.25,No
38388,07/29/2026 09:02 AM,Maribel,Coffee & Tea,Latte,,1,5.25,0.00,,5.25,No
38389,07/29/2026 10:15 AM,Theo,Breakfast,Oatmeal Bowl,,1,7.50,0.00,,7.50,No
38389,07/29/2026 10:15 AM,Theo,Lunch,Turkey Club,,1,13.50,0.00,,13.50,No
38390,07/29/2026 10:20 AM,Maribel,Breakfast,Oatmeal Bowl,,1,7.50,0.00,,7.50,No
38391,07/29/2026 12:50 PM,Rashid,Coffee & Tea,Drip Coffee,,1,3.00,0.00,,3.00,No
38392,07/29/2026 01:10 PM,Ines,Coffee & Tea,Cappuccino,,1,4.75,0.00,,4.75,No
38392,07/29/2026 01:10 PM,Ines,Breakfast,Breakfast Sandwich,,1,9.50,0.00,,9.50,No
38392,07/29/2026 01:10 PM,Ines,Modifiers,+ Add egg,Breakfast Sandwich,1,1.50,0.00,,1.50,No
38393,07/29/2026 07:52 AM,Ines,Bakery,Croissant,,1,3.75,0.00,,3.75,No
38393,07/29/2026 07:52 AM,Ines,Coffee & Tea,Drip Coffee,,1,3.00,0.00,,3.00,No
38394,07/29/2026 07:03 AM,Ines,Breakfast,Breakfast Sandwich,,1,9.50,0.00,,0.00,Yes
38394,07/29/2026 07:03 AM,Ines,Bakery,Croissant,,1,3.75,0.00,,3.75,No
38395,07/29/2026 01:27 PM,Theo,Bakery,Blueberry Muffin,,1,3.50,0.00,,3.50,No
38396,07/29/2026 02:13 PM,Kai,Lunch,Greek Salad,,1,12.00,0.00,,12.00,No
38396,07/29/2026 02:13 PM,Kai,Breakfast,Breakfast Sandwich,,1,9.50,0.00,,9.50,No
38396,07/29/2026 02:13 PM,Kai,Modifiers,+ Add egg,Breakfast Sandwich,1,1.50,0.00,,1.50,No
38396,07/29/2026 02:13 PM,Kai,Coffee & Tea,Cappuccino,,1,4.75,0.00,,4.75,No
38397,07/29/2026 09:18 AM,Kai,Lunch,Soup of the Day,,1,7.00,0.00,,7.00,No
38398,07/29/2026 12:29 PM,Theo,Bakery,Blueberry Muffin,,1,3.50,0.00,,3.50,No
38398,07/29/2026 12:29 PM,Theo,Coffee & Tea,Drip Coffee,,1,3.00,0.00,,3.00,No
38398,07/29/2026 12:29 PM,Theo,Coffee & Tea,Cold Brew,,1,4.50,0.00,,4.50,No
38399,07/29/2026 08:17 AM,Kai,Coffee & Tea,Chai Tea,,1,4.75,0.00,,4.75,No
38400,07/29/2026 02:47 PM,Theo,Coffee & Tea,Chai Tea,,1,4.75,0.00,,4.75,No
38400,07/29/2026 02:47 PM,Theo,Bakery,Croissant,,1,3.75,0.00,,3.75,No
38401,07/29/2026 09:18 AM,Ines,Bakery,Blueberry Muffin,,1,3.50,0.00,,3.50,No
38402,07/29/2026 07:00 AM,Kai,Breakfast,Breakfast Sandwich,,1,9.50,0.00,,9.50,No
38402,07/29/2026 07:00 AM,Kai,Modifiers,+ Add bacon,Breakfast Sandwich,1,2.50,0.00,,2.50,No
38402,07/29/2026 07:00 AM,Kai,Breakfast,Breakfast Sandwich,,1,9.50,0.00,,9.50,No
38403,07/29/2026 07:09 AM,Maribel,Breakfast,Avocado Toast,,1,11.00,0.00,,11.00,No
38404,07/29/2026 12:58 PM,Rashid,Coffee & Tea,Cappuccino,,1,4.75,0.00,,4.75,No
38404,07/29/2026 12:58 PM,Rashid,Modifiers,+ Oat milk,Cappuccino,1,0.75,0.00,,0.75,No
38405,07/29/2026 02:03 PM,Maribel,Lunch,Turkey Club,,1,13.50,0.00,,13.50,No
38405,07/29/2026 02:03 PM,Maribel,Bakery,Blueberry Muffin,,1,3.50,0.00,,3.50,No
38405,07/29/2026 02:03 PM,Maribel,Coffee & Tea,Latte,,1,5.25,0.00,,5.25,No
38406,07/29/2026 10:52 AM,Kai,Bakery,Croissant,,1,3.75,0.00,,3.75,No
38406,07/29/2026 10:52 AM,Kai,Coffee & Tea,Cold Brew,,1,4.50,0.00,,4.50,No
38407,07/29/2026 12:16 PM,Ines,Bakery,Chocolate Chip Cookie,,1,2.75,0.00,,2.75,No
38407,07/29/2026 12:16 PM,Ines,Lunch,Soup of the Day,,1,7.00,0.00,,7.00,No
38408,07/29/2026 02:12 PM,Ines,Breakfast,Avocado Toast,,1,11.00,0.00,,0.00,Yes
38408,07/29/2026 02:12 PM,Ines,Breakfast,Breakfast Sandwich,,1,9.50,0.00,,9.50,No
38408,07/29/2026 02:12 PM,Ines,Modifiers,+ Add bacon,Breakfast Sandwich,1,2.50,0.00,,2.50,No
38409,07/29/2026 08:55 AM,Maribel,Breakfast,Breakfast Sandwich,,1,9.50,0.00,,9.50,No
38409,07/29/2026 08:55 AM,Maribel,Modifiers,+ Add avocado,Breakfast Sandwich,1,2.00,0.00,,2.00,No
38410,07/29/2026 11:54 AM,Theo,Coffee & Tea,Cold Brew,,1,4.50,0.00,,4.50,No
38410,07/29/2026 11:54 AM,Theo,Breakfast,Breakfast Sandwich,,1,9.50,0.00,,9.50,No
38410,07/29/2026 11:54 AM,Theo,Lunch,Soup of the Day,,1,7.00,0.00,,7.00,No
38411,07/29/2026 12:00 PM,Maribel,Coffee & Tea,Cappuccino,,1,4.75,0.00,,4.75,No
38411,07/29/2026 12:00 PM,Maribel,Modifiers,+ Oat milk,Cappuccino,1,0.75,0.00,,0.75,No
38412,07/29/2026 09:17 AM,Rashid,Coffee & Tea,Cappuccino,,1,4.75,0.00,,4.75,No
38412,07/29/2026 09:17 AM,Rashid,Modifiers,+ Extra shot,Cappuccino,1,1.00,0.00,,1.00,No
38412,07/29/2026 09:17 AM,Rashid,Breakfast,Breakfast Sandwich,,1,9.50,0.00,,9.50,No
38412,07/29/2026 09:17 AM,Rashid,Modifiers,+ Add bacon,Breakfast Sandwich,1,2.50,0.00,,2.50,No
38412,07/29/2026 09:17 AM,Rashid,Modifiers,+ Add avocado,Breakfast Sandwich,1,2.00,0.00,,2.00,No
38413,07/29/2026 11:22 AM,Ines,Bakery,Chocolate Chip Cookie,,1,2.75,1.38,Staff meal 50%,1.37,No
38414,07/29/2026 09:31 AM,Rashid,Coffee & Tea,Drip Coffee,,1,3.00,0.00,,3.00,No
38414,07/29/2026 09:31 AM,Rashid,Coffee & Tea,Chai Tea,,1,4.75,0.00,,4.75,No
38415,07/29/2026 10:54 AM,Ines,Coffee & Tea,Drip Coffee,,1,3.00,0.00,,3.00,No
38415,07/29/2026 10:54 AM,Ines,Bakery,Croissant,,1,3.75,0.00,,3.75,No
38415,07/29/2026 10:54 AM,Ines,Lunch,Turkey Club,,1,13.50,0.00,,13.50,No
38415,07/29/2026 10:54 AM,Ines,Modifiers,+ Add bacon,Turkey Club,1,2.50,0.00,,2.50,No
38416,07/29/2026 08:08 AM,Theo,Lunch,Greek Salad,,1,12.00,0.00,,12.00,No
38416,07/29/2026 08:08 AM,Theo,Coffee & Tea,Latte,,1,5.25,0.00,,5.25,No
38416,07/29/2026 08:08 AM,Theo,Modifiers,+ Oat milk,Latte,1,0.75,0.00,,0.75,No
38416,07/29/2026 08:08 AM,Theo,Modifiers,+ Extra shot,Latte,1,1.00,0.00,,1.00,No
38417,07/29/2026 08:47 AM,Maribel,Lunch,Turkey Club,,1,13.50,0.00,,13.50,No
38417,07/29/2026 08:47 AM,Maribel,Modifiers,+ Add bacon,Turkey Club,1,2.50,0.00,,2.50,No
38418,07/29/2026 08:30 AM,Theo,Coffee & Tea,Latte,,1,5.25,0.00,,5.25,No
38418,07/29/2026 08:30 AM,Theo,Modifiers,+ Vanilla syrup,Latte,1,0.60,0.00,,0.60,No
38419,07/29/2026 11:39 AM,Rashid,Coffee & Tea,Latte,,1,5.25,0.00,,0.00,Yes
38419,07/29/2026 11:39 AM,Rashid,Modifiers,+ Vanilla syrup,Latte,1,0.60,0.00,,0.00,Yes
38420,07/29/2026 07:46 AM,Maribel,Bakery,Chocolate Chip Cookie,,1,2.75,0.00,,2.75,No
38420,07/29/2026 07:46 AM,Maribel,Breakfast,Oatmeal Bowl,,1,7.50,0.00,,7.50,No
38420,07/29/2026 07:46 AM,Maribel,Lunch,Greek Salad,,1,12.00,0.00,,12.00,No
38420,07/29/2026 07:46 AM,Maribel,Modifiers,+ Add avocado,Greek Salad,1,2.00,0.00,,2.00,No
38421,07/29/2026 07:17 AM,Theo,Coffee & Tea,Cold Brew,,1,4.50,0.00,,4.50,No
38421,07/29/2026 07:17 AM,Theo,Bakery,Blueberry Muffin,,1,3.50,0.00,,3.50,No
38422,07/29/2026 12:02 PM,Kai,Bakery,Croissant,,1,3.75,0.00,,3.75,No
38422,07/29/2026 12:02 PM,Kai,Lunch,Soup of the Day,,1,7.00,0.00,,7.00,No
38423,07/29/2026 02:24 PM,Theo,Coffee & Tea,Latte,,1,5.25,0.00,,5.25,No
38424,07/29/2026 11:34 AM,Theo,Coffee & Tea,Drip Coffee,,1,3.00,0.00,,3.00,No
38424,07/29/2026 11:34 AM,Theo,Breakfast,Avocado Toast,,1,11.00,0.00,,11.00,No
38425,07/29/2026 02:56 PM,Rashid,Lunch,Soup of the Day,,1,7.00,0.00,,7.00,No
38426,07/30/2026 07:10 AM,Kai,Breakfast,Avocado Toast,,1,11.00,0.00,,11.00,No
38426,07/30/2026 07:10 AM,Kai,Modifiers,+ Add egg,Avocado Toast,1,1.50,0.00,,1.50,No
38427,07/30/2026 01:41 PM,Kai,Breakfast,Oatmeal Bowl,,1,7.50,0.00,,7.50,No
38427,07/30/2026 01:41 PM,Kai,Coffee & Tea,Drip Coffee,,1,3.00,0.00,,3.00,No
38428,07/30/2026 02:43 PM,Maribel,Breakfast,Avocado Toast,,1,11.00,0.00,,11.00,No
38429,07/30/2026 07:39 AM,Maribel,Coffee & Tea,Drip Coffee,,1,3.00,0.00,,3.00,No
38430,07/30/2026 12:54 PM,Rashid,Coffee & Tea,Cold Brew,,1,4.50,0.00,,4.50,No
38430,07/30/2026 12:54 PM,Rashid,Breakfast,Breakfast Sandwich,,1,9.50,0.00,,9.50,No
38431,07/30/2026 08:04 AM,Kai,Bakery,Blueberry Muffin,,1,3.50,0.00,,3.50,No
38432,07/30/2026 07:51 AM,Theo,Breakfast,Breakfast Sandwich,,1,9.50,0.00,,9.50,No
38432,07/30/2026 07:51 AM,Theo,Modifiers,+ Add bacon,Breakfast Sandwich,1,2.50,0.00,,2.50,No
38433,07/30/2026 11:16 AM,Maribel,Coffee & Tea,Latte,,1,5.25,0.00,,5.25,No
38433,07/30/2026 11:16 AM,Maribel,Modifiers,+ Vanilla syrup,Latte,1,0.60,0.00,,0.60,No
38434,07/30/2026 08:02 AM,Maribel,Coffee & Tea,Latte,,1,5.25,0.00,,5.25,No
38434,07/30/2026 08:02 AM,Maribel,Coffee & Tea,Cold Brew,,1,4.50,0.00,,4.50,No
38434,07/30/2026 08:02 AM,Maribel,Modifiers,+ Oat milk,Cold Brew,1,0.75,0.00,,0.75,No
38434,07/30/2026 08:02 AM,Maribel,Coffee & Tea,Latte,,1,5.25,0.00,,5.25,No
38435,07/30/2026 07:04 AM,Kai,Lunch,Greek Salad,,1,12.00,0.00,,12.00,No
38435,07/30/2026 07:04 AM,Kai,Modifiers,+ Add avocado,Greek Salad,1,2.00,0.00,,2.00,No
38435,07/30/2026 07:04 AM,Kai,Coffee & Tea,Latte,,1,5.25,0.00,,5.25,No
38436,07/30/2026 10:40 AM,Kai,Bakery,Croissant,,1,3.75,0.00,,3.75,No
38436,07/30/2026 10:40 AM,Kai,Bakery,Blueberry Muffin,,1,3.50,0.00,,3.50,No
38437,07/30/2026 07:39 AM,Maribel,Breakfast,Avocado Toast,,1,11.00,11.00,Comp - manager,0.00,No
38437,07/30/2026 07:39 AM,Maribel,Coffee & Tea,Latte,,1,5.25,5.25,Comp - manager,0.00,No
38437,07/30/2026 07:39 AM,Maribel,Coffee & Tea,Drip Coffee,,1,3.00,3.00,Comp - manager,0.00,No
38438,07/30/2026 07:46 AM,Kai,Lunch,Turkey Club,,1,13.50,0.00,,13.50,No
38438,07/30/2026 07:46 AM,Kai,Breakfast,Breakfast Sandwich,,1,9.50,0.00,,9.50,No
38438,07/30/2026 07:46 AM,Kai,Modifiers,+ Add bacon,Breakfast Sandwich,1,2.50,0.00,,2.50,No
38439,07/30/2026 02:55 PM,Ines,Breakfast,Breakfast Sandwich,,1,9.50,0.00,,9.50,No
38439,07/30/2026 02:55 PM,Ines,Modifiers,+ Add bacon,Breakfast Sandwich,1,2.50,0.00,,2.50,No
38439,07/30/2026 02:55 PM,Ines,Modifiers,+ Add avocado,Breakfast Sandwich,1,2.00,0.00,,2.00,No
38439,07/30/2026 02:55 PM,Ines,Breakfast,Breakfast Sandwich,,1,9.50,0.00,,9.50,No
38439,07/30/2026 02:55 PM,Ines,Coffee & Tea,Cappuccino,,1,4.75,0.00,,4.75,No
38439,07/30/2026 02:55 PM,Ines,Modifiers,+ Extra shot,Cappuccino,1,1.00,0.00,,1.00,No
38440,07/30/2026 11:17 AM,Kai,Coffee & Tea,Cappuccino,,1,4.75,0.00,,4.75,No
38440,07/30/2026 11:17 AM,Kai,Coffee & Tea,Drip Coffee,,1,3.00,0.00,,3.00,No
38441,07/30/2026 11:14 AM,Maribel,Breakfast,Avocado Toast,,1,11.00,5.50,Staff meal 50%,5.50,No
38441,07/30/2026 11:14 AM,Maribel,Modifiers,+ Add egg,Avocado Toast,1,1.50,0.75,Staff meal 50%,0.75,No
38441,07/30/2026 11:14 AM,Maribel,Lunch,Soup of the Day,,1,7.00,3.50,Staff meal 50%,3.50,No
38441,07/30/2026 11:14 AM,Maribel,Bakery,Croissant,,1,3.75,1.88,Staff meal 50%,1.87,No
38442,07/30/2026 12:54 PM,Maribel,Coffee & Tea,Drip Coffee,,1,3.00,0.00,,3.00,No
38443,07/30/2026 09:13 AM,Kai,Breakfast,Oatmeal Bowl,,1,7.50,0.00,,7.50,No
38443,07/30/2026 09:13 AM,Kai,Bakery,Chocolate Chip Cookie,,1,2.75,0.00,,2.75,No
38443,07/30/2026 09:13 AM,Kai,Coffee & Tea,Cappuccino,,1,4.75,0.00,,4.75,No
38444,07/30/2026 07:18 AM,Kai,Bakery,Blueberry Muffin,,1,3.50,0.00,,3.50,No
38444,07/30/2026 07:18 AM,Kai,Coffee & Tea,Drip Coffee,,1,3.00,0.00,,3.00,No
38445,07/30/2026 12:26 PM,Rashid,Lunch,Soup of the Day,,1,7.00,0.00,,7.00,No
38446,07/30/2026 01:10 PM,Kai,Breakfast,Avocado Toast,,1,11.00,0.00,,11.00,No
38446,07/30/2026 01:10 PM,Kai,Bakery,Blueberry Muffin,,1,3.50,0.00,,3.50,No
38447,07/30/2026 07:24 AM,Kai,Lunch,Greek Salad,,1,12.00,0.00,,12.00,No
38448,07/30/2026 10:42 AM,Kai,Coffee & Tea,Drip Coffee,,1,3.00,0.00,,3.00,No
38448,07/30/2026 10:42 AM,Kai,Bakery,Croissant,,1,3.75,0.00,,3.75,No
38449,07/30/2026 02:07 PM,Theo,Breakfast,Avocado Toast,,1,11.00,0.00,,11.00,No
38449,07/30/2026 02:07 PM,Theo,Coffee & Tea,Cold Brew,,1,4.50,4.50,Comp - manager,0.00,No
38450,07/30/2026 09:59 AM,Ines,Coffee & Tea,Latte,,1,5.25,0.00,,5.25,No
38450,07/30/2026 09:59 AM,Ines,Bakery,Chocolate Chip Cookie,,1,2.75,0.00,,2.75,No
38450,07/30/2026 09:59 AM,Ines,Coffee & Tea,Latte,,1,5.25,0.00,,5.25,No
38450,07/30/2026 09:59 AM,Ines,Modifiers,+ Extra shot,Latte,1,1.00,0.00,,1.00,No
38450,07/30/2026 09:59 AM,Ines,Modifiers,+ Vanilla syrup,Latte,1,0.60,0.00,,0.60,No
38451,07/30/2026 08:46 AM,Rashid,Lunch,Greek Salad,,1,12.00,0.00,,12.00,No
38451,07/30/2026 08:46 AM,Rashid,Modifiers,+ Add avocado,Greek Salad,1,2.00,0.00,,2.00,No
38452,07/30/2026 12:04 PM,Kai,Lunch,Greek Salad,,1,12.00,0.00,,12.00,No
38452,07/30/2026 12:04 PM,Kai,Modifiers,+ No onions,Greek Salad,1,0.00,0.00,,0.00,No
38452,07/30/2026 12:04 PM,Kai,Coffee & Tea,Drip Coffee,,1,3.00,0.00,,3.00,No
38453,07/30/2026 01:06 PM,Theo,Lunch,Soup of the Day,,1,7.00,0.00,,7.00,No
38454,07/30/2026 07:02 AM,Rashid,Coffee & Tea,Drip Coffee,,1,3.00,0.00,,3.00,No
38454,07/30/2026 07:02 AM,Rashid,Lunch,Turkey Club,,1,13.50,0.00,,13.50,No
38454,07/30/2026 07:02 AM,Rashid,Modifiers,+ Gluten-free bread,Turkey Club,1,1.50,0.00,,1.50,No
38455,07/30/2026 12:35 PM,Maribel,Breakfast,Avocado Toast,,1,11.00,0.00,,11.00,No
38455,07/30/2026 12:35 PM,Maribel,Coffee & Tea,Chai Tea,,1,4.75,0.00,,4.75,No
38455,07/30/2026 12:35 PM,Maribel,Coffee & Tea,Cold Brew,,1,4.50,0.00,,4.50,No
38456,07/30/2026 12:02 PM,Rashid,Coffee & Tea,Chai Tea,,1,4.75,0.00,,4.75,No
38456,07/30/2026 12:02 PM,Rashid,Bakery,Croissant,,1,3.75,0.00,,3.75,No
38456,07/30/2026 12:02 PM,Rashid,Coffee & Tea,Drip Coffee,,1,3.00,0.00,,3.00,No
38457,07/30/2026 01:42 PM,Ines,Coffee & Tea,Latte,,1,5.25,0.00,,5.25,No
38457,07/30/2026 01:42 PM,Ines,Bakery,Blueberry Muffin,,1,3.50,0.00,,3.50,No
38458,07/30/2026 09:50 AM,Rashid,Breakfast,Oatmeal Bowl,,1,7.50,0.00,,7.50,No
38459,07/30/2026 01:35 PM,Theo,Bakery,Croissant,,1,3.75,0.00,,3.75,No
38459,07/30/2026 01:35 PM,Theo,Breakfast,Breakfast Sandwich,,1,9.50,0.00,,9.50,No
38459,07/30/2026 01:35 PM,Theo,Modifiers,+ Add egg,Breakfast Sandwich,1,1.50,0.00,,1.50,No
38460,07/30/2026 10:21 AM,Maribel,Coffee & Tea,Cappuccino,,1,4.75,0.00,,4.75,No
38460,07/30/2026 10:21 AM,Maribel,Lunch,Soup of the Day,,1,7.00,0.00,,7.00,No
38461,07/30/2026 02:35 PM,Maribel,Bakery,Croissant,,1,3.75,1.88,Staff meal 50%,1.87,No
38461,07/30/2026 02:35 PM,Maribel,Bakery,Chocolate Chip Cookie,,1,2.75,1.38,Staff meal 50%,1.37,No
38462,07/30/2026 02:55 PM,Theo,Bakery,Blueberry Muffin,,1,3.50,3.50,Comp - manager,0.00,No
38462,07/30/2026 02:55 PM,Theo,Lunch,Turkey Club,,1,13.50,0.00,,13.50,No
38462,07/30/2026 02:55 PM,Theo,Modifiers,+ Gluten-free bread,Turkey Club,1,1.50,0.00,,1.50,No
38463,07/30/2026 07:16 AM,Theo,Bakery,Croissant,,1,3.75,0.00,,3.75,No
38464,07/30/2026 02:31 PM,Kai,Lunch,Turkey Club,,1,13.50,13.50,Comp - manager,0.00,No
38464,07/30/2026 02:31 PM,Kai,Bakery,Croissant,,1,3.75,0.00,,3.75,No
38465,07/30/2026 11:20 AM,Kai,Coffee & Tea,Drip Coffee,,1,3.00,0.00,,3.00,No
38465,07/30/2026 11:20 AM,Kai,Bakery,Blueberry Muffin,,1,3.50,0.00,,3.50,No
38465,07/30/2026 11:20 AM,Kai,Breakfast,Avocado Toast,,1,11.00,0.00,,11.00,No
38466,07/30/2026 01:33 PM,Ines,Breakfast,Breakfast Sandwich,,1,9.50,0.00,,9.50,No
38466,07/30/2026 01:33 PM,Ines,Modifiers,+ Add bacon,Breakfast Sandwich,1,2.50,0.00,,2.50,No
38466,07/30/2026 01:33 PM,Ines,Bakery,Croissant,,1,3.75,0.00,,3.75,No
38467,07/30/2026 11:26 AM,Rashid,Coffee & Tea,Drip Coffee,,1,3.00,1.50,Staff meal 50%,1.50,No
38468,07/30/2026 10:14 AM,Ines,Coffee & Tea,Chai Tea,,1,4.75,0.00,,4.75,No
38468,07/30/2026 10:14 AM,Ines,Coffee & Tea,Drip Coffee,,1,3.00,0.00,,3.00,No
38469,07/30/2026 12:37 PM,Maribel,Coffee & Tea,Latte,,1,5.25,0.00,,5.25,No
38469,07/30/2026 12:37 PM,Maribel,Modifiers,+ Extra shot,Latte,1,1.00,0.00,,1.00,No
38469,07/30/2026 12:37 PM,Maribel,Coffee & Tea,Chai Tea,,1,4.75,0.00,,4.75,No
38470,07/30/2026 07:09 AM,Kai,Coffee & Tea,Latte,,1,5.25,0.00,,5.25,No
38470,07/30/2026 07:09 AM,Kai,Modifiers,+ Oat milk,Latte,1,0.75,0.00,,0.75,No
38470,07/30/2026 07:09 AM,Kai,Lunch,Soup of the Day,,1,7.00,0.00,,7.00,No
38471,07/30/2026 12:13 PM,Ines,Coffee & Tea,Latte,,1,5.25,0.00,,5.25,No
38471,07/30/2026 12:13 PM,Ines,Modifiers,+ Extra shot,Latte,1,1.00,0.00,,1.00,No
38472,07/30/2026 02:07 PM,Rashid,Coffee & Tea,Latte,,1,5.25,0.00,,5.25,No
38472,07/30/2026 02:07 PM,Rashid,Modifiers,+ Oat milk,Latte,1,0.75,0.00,,0.75,No
38472,07/30/2026 02:07 PM,Rashid,Modifiers,+ Extra shot,Latte,1,1.00,0.00,,1.00,No
38472,07/30/2026 02:07 PM,Rashid,Coffee & Tea,Latte,,1,5.25,0.00,,5.25,No
38472,07/30/2026 02:07 PM,Rashid,Modifiers,+ Oat milk,Latte,1,0.75,0.00,,0.75,No
38472,07/30/2026 02:07 PM,Rashid,Modifiers,+ Vanilla syrup,Latte,1,0.60,0.00,,0.60,No
38472,07/30/2026 02:07 PM,Rashid,Breakfast,Avocado Toast,,1,11.00,0.00,,11.00,No
38473,07/30/2026 09:11 AM,Maribel,Coffee & Tea,Latte,,1,5.25,0.00,,5.25,No
38474,07/30/2026 02:15 PM,Kai,Bakery,Chocolate Chip Cookie,,1,2.75,0.00,,2.75,No
38475,07/30/2026 08:04 AM,Theo,Coffee & Tea,Chai Tea,,1,4.75,0.00,,4.75,No
38475,07/30/2026 08:04 AM,Theo,Breakfast,Breakfast Sandwich,,1,9.50,9.50,Comp - manager,0.00,No
38475,07/30/2026 08:04 AM,Theo,Modifiers,+ Add bacon,Breakfast Sandwich,1,2.50,2.50,Comp - manager,0.00,No
38475,07/30/2026 08:04 AM,Theo,Modifiers,+ Add egg,Breakfast Sandwich,1,1.50,1.50,Comp - manager,0.00,No
38476,07/30/2026 07:03 AM,Maribel,Coffee & Tea,Cold Brew,,1,4.50,0.00,,4.50,No
38476,07/30/2026 07:03 AM,Maribel,Modifiers,+ Oat milk,Cold Brew,1,0.75,0.00,,0.75,No
38477,07/30/2026 09:32 AM,Kai,Breakfast,Oatmeal Bowl,,1,7.50,0.00,,7.50,No
38478,07/31/2026 02:40 PM,Ines,Coffee & Tea,Chai Tea,,1,4.75,0.00,,4.75,No
38478,07/31/2026 02:40 PM,Ines,Bakery,Chocolate Chip Cookie,,1,2.75,0.00,,2.75,No
38479,07/31/2026 01:20 PM,Theo,Coffee & Tea,Drip Coffee,,1,3.00,0.00,,3.00,No
38480,07/31/2026 08:26 AM,Rashid,Bakery,Chocolate Chip Cookie,,1,2.75,1.38,Staff meal 50%,1.37,No
38480,07/31/2026 08:26 AM,Rashid,Bakery,Croissant,,1,3.75,1.88,Staff meal 50%,1.87,No
38480,07/31/2026 08:26 AM,Rashid,Breakfast,Oatmeal Bowl,,1,7.50,3.75,Staff meal 50%,3.75,No
38481,07/31/2026 11:23 AM,Kai,Breakfast,Avocado Toast,,1,11.00,0.00,,11.00,No
38481,07/31/2026 11:23 AM,Kai,Coffee & Tea,Chai Tea,,1,4.75,0.00,,4.75,No
38482,07/31/2026 10:52 AM,Ines,Coffee & Tea,Latte,,1,5.25,0.00,,5.25,No
38482,07/31/2026 10:52 AM,Ines,Modifiers,+ Extra shot,Latte,1,1.00,0.00,,1.00,No
38482,07/31/2026 10:52 AM,Ines,Breakfast,Oatmeal Bowl,,1,7.50,0.00,,7.50,No
38482,07/31/2026 10:52 AM,Ines,Breakfast,Breakfast Sandwich,,1,9.50,0.00,,9.50,No
38482,07/31/2026 10:52 AM,Ines,Modifiers,+ Add bacon,Breakfast Sandwich,1,2.50,0.00,,2.50,No
38482,07/31/2026 10:52 AM,Ines,Modifiers,+ Add egg,Breakfast Sandwich,1,1.50,0.00,,1.50,No
38483,07/31/2026 11:35 AM,Theo,Coffee & Tea,Latte,,1,5.25,0.00,,5.25,No
38483,07/31/2026 11:35 AM,Theo,Modifiers,+ Extra shot,Latte,1,1.00,0.00,,1.00,No
38483,07/31/2026 11:35 AM,Theo,Coffee & Tea,Latte,,1,5.25,0.00,,5.25,No
38484,07/31/2026 08:22 AM,Kai,Bakery,Croissant,,1,3.75,0.00,,3.75,No
38484,07/31/2026 08:22 AM,Kai,Coffee & Tea,Chai Tea,,1,4.75,0.00,,4.75,No
38485,07/31/2026 11:56 AM,Maribel,Breakfast,Breakfast Sandwich,,1,9.50,0.00,,9.50,No
38486,07/31/2026 11:17 AM,Rashid,Coffee & Tea,Latte,,1,5.25,0.00,,0.00,Yes
38486,07/31/2026 11:17 AM,Rashid,Coffee & Tea,Drip Coffee,,1,3.00,0.00,,3.00,No
38487,07/31/2026 02:24 PM,Maribel,Lunch,Soup of the Day,,1,7.00,0.00,,7.00,No
38487,07/31/2026 02:24 PM,Maribel,Bakery,Blueberry Muffin,,1,3.50,0.00,,3.50,No
38488,07/31/2026 12:39 PM,Theo,Breakfast,Breakfast Sandwich,,1,9.50,0.00,,9.50,No
38488,07/31/2026 12:39 PM,Theo,Coffee & Tea,Cold Brew,,1,4.50,0.00,,4.50,No
38489,07/31/2026 07:15 AM,Maribel,Bakery,Chocolate Chip Cookie,,1,2.75,0.00,,0.00,Yes
38490,07/31/2026 07:15 AM,Ines,Breakfast,Avocado Toast,,1,11.00,0.00,,11.00,No
38490,07/31/2026 07:15 AM,Ines,Coffee & Tea,Chai Tea,,1,4.75,0.00,,4.75,No
38490,07/31/2026 07:15 AM,Ines,Lunch,Greek Salad,,1,12.00,12.00,Comp - manager,0.00,No
38490,07/31/2026 07:15 AM,Ines,Modifiers,+ No onions,Greek Salad,1,0.00,0.00,Comp - manager,0.00,No
38491,07/31/2026 07:23 AM,Maribel,Bakery,Blueberry Muffin,,1,3.50,0.00,,3.50,No
38492,07/31/2026 07:11 AM,Ines,Bakery,Chocolate Chip Cookie,,1,2.75,0.00,,2.75,No
38492,07/31/2026 07:11 AM,Ines,Bakery,Blueberry Muffin,,1,3.50,0.00,,3.50,No
38493,07/31/2026 11:19 AM,Maribel,Breakfast,Breakfast Sandwich,,1,9.50,0.00,,9.50,No
38493,07/31/2026 11:19 AM,Maribel,Coffee & Tea,Cold Brew,,1,4.50,0.00,,0.00,Yes
38493,07/31/2026 11:19 AM,Maribel,Modifiers,+ Vanilla syrup,Cold Brew,1,0.60,0.00,,0.00,Yes
38494,07/31/2026 01:12 PM,Ines,Coffee & Tea,Drip Coffee,,1,3.00,0.00,,3.00,No
38494,07/31/2026 01:12 PM,Ines,Breakfast,Oatmeal Bowl,,1,7.50,0.00,,7.50,No
38494,07/31/2026 01:12 PM,Ines,Breakfast,Avocado Toast,,1,11.00,0.00,,11.00,No
38495,07/31/2026 11:46 AM,Rashid,Coffee & Tea,Cold Brew,,1,4.50,0.00,,4.50,No
38495,07/31/2026 11:46 AM,Rashid,Modifiers,+ Vanilla syrup,Cold Brew,1,0.60,0.00,,0.60,No
38495,07/31/2026 11:46 AM,Rashid,Coffee & Tea,Latte,,1,5.25,0.00,,5.25,No
38495,07/31/2026 11:46 AM,Rashid,Coffee & Tea,Chai Tea,,1,4.75,0.00,,4.75,No
38496,07/31/2026 08:50 AM,Kai,Coffee & Tea,Latte,,1,5.25,0.00,,5.25,No
38496,07/31/2026 08:50 AM,Kai,Bakery,Blueberry Muffin,,1,3.50,0.00,,3.50,No
38497,07/31/2026 09:22 AM,Maribel,Lunch,Greek Salad,,1,12.00,0.00,,12.00,No
38497,07/31/2026 09:22 AM,Maribel,Coffee & Tea,Cappuccino,,1,4.75,0.00,,4.75,No
38498,07/31/2026 07:34 AM,Ines,Coffee & Tea,Drip Coffee,,1,3.00,0.00,,3.00,No
38499,07/31/2026 10:38 AM,Rashid,Coffee & Tea,Chai Tea,,1,4.75,4.75,Comp - manager,0.00,No
38499,07/31/2026 10:38 AM,Rashid,Bakery,Chocolate Chip Cookie,,1,2.75,0.00,,2.75,No
38499,07/31/2026 10:38 AM,Rashid,Coffee & Tea,Drip Coffee,,1,3.00,0.00,,3.00,No
38500,07/31/2026 09:08 AM,Theo,Coffee & Tea,Drip Coffee,,1,3.00,0.00,,3.00,No
38501,07/31/2026 11:01 AM,Rashid,Breakfast,Avocado Toast,,1,11.00,0.00,,11.00,No
38501,07/31/2026 11:01 AM,Rashid,Coffee & Tea,Drip Coffee,,1,3.00,0.00,,3.00,No
38501,07/31/2026 11:01 AM,Rashid,Coffee & Tea,Chai Tea,,1,4.75,0.00,,4.75,No
38502,07/31/2026 08:56 AM,Kai,Coffee & Tea,Cappuccino,,1,4.75,0.00,,4.75,No
38502,07/31/2026 08:56 AM,Kai,Coffee & Tea,Drip Coffee,,1,3.00,0.00,,3.00,No
38503,07/31/2026 02:22 PM,Theo,Coffee & Tea,Chai Tea,,1,4.75,0.00,,4.75,No
38503,07/31/2026 02:22 PM,Theo,Coffee & Tea,Chai Tea,,1,4.75,0.00,,4.75,No
38504,07/31/2026 07:06 AM,Theo,Coffee & Tea,Cappuccino,,1,4.75,0.00,,4.75,No
38504,07/31/2026 07:06 AM,Theo,Lunch,Soup of the Day,,1,7.00,0.00,,7.00,No
38505,07/31/2026 07:06 AM,Rashid,Coffee & Tea,Cold Brew,,1,4.50,4.50,Comp - manager,0.00,No
38505,07/31/2026 07:06 AM,Rashid,Breakfast,Breakfast Sandwich,,1,9.50,9.50,Comp - manager,0.00,No
38506,07/31/2026 11:40 AM,Ines,Bakery,Croissant,,1,3.75,0.00,,3.75,No
38506,07/31/2026 11:40 AM,Ines,Coffee & Tea,Chai Tea,,1,4.75,0.00,,4.75,No
38506,07/31/2026 11:40 AM,Ines,Bakery,Blueberry Muffin,,1,3.50,0.00,,3.50,No
38507,07/31/2026 11:13 AM,Maribel,Breakfast,Avocado Toast,,1,11.00,0.00,,11.00,No
38508,07/31/2026 09:34 AM,Rashid,Breakfast,Breakfast Sandwich,,1,9.50,9.50,Comp - manager,0.00,No
38508,07/31/2026 09:34 AM,Rashid,Coffee & Tea,Latte,,1,5.25,0.00,,5.25,No
38509,07/31/2026 01:48 PM,Theo,Coffee & Tea,Cappuccino,,1,4.75,0.00,,4.75,No
38509,07/31/2026 01:48 PM,Theo,Bakery,Blueberry Muffin,,1,3.50,0.00,,3.50,No
38510,07/31/2026 11:48 AM,Ines,Lunch,Turkey Club,,1,13.50,0.00,,13.50,No
38510,07/31/2026 11:48 AM,Ines,Modifiers,+ Add bacon,Turkey Club,1,2.50,0.00,,2.50,No
38510,07/31/2026 11:48 AM,Ines,Modifiers,+ No onions,Turkey Club,1,0.00,0.00,,0.00,No
38511,07/31/2026 01:20 PM,Rashid,Coffee & Tea,Chai Tea,,1,4.75,0.00,,4.75,No
38512,07/31/2026 09:24 AM,Maribel,Coffee & Tea,Latte,,1,5.25,0.00,,5.25,No
38512,07/31/2026 09:24 AM,Maribel,Modifiers,+ Extra shot,Latte,1,1.00,0.00,,1.00,No
38512,07/31/2026 09:24 AM,Maribel,Coffee & Tea,Cappuccino,,1,4.75,0.00,,4.75,No
38513,07/31/2026 02:30 PM,Ines,Bakery,Blueberry Muffin,,1,3.50,0.00,,3.50,No
38513,07/31/2026 02:30 PM,Ines,Breakfast,Oatmeal Bowl,,1,7.50,0.00,,7.50,No
38513,07/31/2026 02:30 PM,Ines,Bakery,Chocolate Chip Cookie,,1,2.75,0.00,,2.75,No
38514,07/31/2026 10:27 AM,Kai,Coffee & Tea,Chai Tea,,1,4.75,0.00,,4.75,No
38514,07/31/2026 10:27 AM,Kai,Lunch,Greek Salad,,1,12.00,0.00,,12.00,No
38515,07/31/2026 07:18 AM,Maribel,Breakfast,Avocado Toast,,1,11.00,0.00,,11.00,No
38515,07/31/2026 07:18 AM,Maribel,Coffee & Tea,Drip Coffee,,1,3.00,0.00,,3.00,No
38515,07/31/2026 07:18 AM,Maribel,Coffee & Tea,Drip Coffee,,1,3.00,0.00,,3.00,No
38516,07/31/2026 01:01 PM,Kai,Coffee & Tea,Latte,,1,5.25,0.00,,5.25,No
38516,07/31/2026 01:01 PM,Kai,Bakery,Croissant,,1,3.75,0.00,,3.75,No
38517,07/31/2026 08:09 AM,Kai,Coffee & Tea,Drip Coffee,,1,3.00,0.00,,3.00,No
38518,07/31/2026 07:54 AM,Rashid,Bakery,Blueberry Muffin,,1,3.50,0.00,,3.50,No
38518,07/31/2026 07:54 AM,Rashid,Lunch,Soup of the Day,,1,7.00,0.00,,7.00,No
38519,07/31/2026 02:47 PM,Ines,Coffee & Tea,Drip Coffee,,1,3.00,0.00,,3.00,No
38520,07/31/2026 02:18 PM,Kai,Coffee & Tea,Drip Coffee,,1,3.00,0.00,,3.00,No
38520,07/31/2026 02:18 PM,Kai,Coffee & Tea,Drip Coffee,,1,3.00,0.00,,3.00,No
38520,07/31/2026 02:18 PM,Kai,Coffee & Tea,Drip Coffee,,1,3.00,0.00,,3.00,No
38521,07/31/2026 08:26 AM,Theo,Coffee & Tea,Cold Brew,,1,4.50,0.00,,4.50,No
38521,07/31/2026 08:26 AM,Theo,Breakfast,Oatmeal Bowl,,1,7.50,0.00,,7.50,No
38522,07/31/2026 09:00 AM,Maribel,Lunch,Soup of the Day,,1,7.00,0.00,,7.00,No
38523,07/31/2026 01:00 PM,Maribel,Bakery,Croissant,,1,3.75,0.00,,3.75,No
