Check #,Opened,Server,Menu Group,Item,Parent Item,Qty,Gross Price,Discount,Discount Reason,Net Price,Voided
40211,08/01/2026 11:51 AM,Kai,Breakfast,Breakfast Sandwich,,1,9.50,0.00,,9.50,No
40211,08/01/2026 11:51 AM,Kai,Breakfast,Avocado Toast,,1,11.00,0.00,,11.00,No
40212,08/01/2026 12:02 PM,Kai,Breakfast,Oatmeal Bowl,,1,7.50,7.50,Comp - manager,0.00,No
40213,08/01/2026 02:31 PM,Ines,Breakfast,Breakfast Sandwich,,1,9.50,0.00,,9.50,No
40214,08/01/2026 01:29 PM,Ines,Bakery,Croissant,,1,3.75,0.00,,3.75,No
40214,08/01/2026 01:29 PM,Ines,Coffee & Tea,Latte,,1,5.25,0.00,,5.25,No
40214,08/01/2026 01:29 PM,Ines,Modifiers,+ Oat milk,Latte,1,0.75,0.00,,0.75,No
40215,08/01/2026 01:04 PM,Rashid,Coffee & Tea,Cappuccino,,1,4.75,0.00,,4.75,No
40216,08/01/2026 12:01 PM,Kai,Coffee & Tea,Chai Tea,,1,4.75,0.00,,4.75,No
40216,08/01/2026 12:01 PM,Kai,Lunch,Turkey Club,,1,13.50,0.00,,13.50,No
40217,08/01/2026 11:26 AM,Ines,Coffee & Tea,Drip Coffee,,1,3.00,0.00,,3.00,No
40217,08/01/2026 11:26 AM,Ines,Breakfast,Avocado Toast,,1,11.00,0.00,,11.00,No
40218,08/01/2026 01:34 PM,Maribel,Coffee & Tea,Cold Brew,,1,4.50,0.00,,4.50,No
40219,08/01/2026 12:37 PM,Rashid,Lunch,Greek Salad,,1,12.00,0.00,,12.00,No
40219,08/01/2026 12:37 PM,Rashid,Breakfast,Breakfast Sandwich,,1,9.50,0.00,,9.50,No
40219,08/01/2026 12:37 PM,Rashid,Modifiers,+ Add bacon,Breakfast Sandwich,1,2.50,0.00,,2.50,No
40220,08/01/2026 08:42 AM,Rashid,Coffee & Tea,Cold Brew,,1,4.50,0.00,,4.50,No
40220,08/01/2026 08:42 AM,Rashid,Coffee & Tea,Drip Coffee,,1,3.00,0.00,,3.00,No
40221,08/01/2026 11:59 AM,Maribel,Coffee & Tea,Drip Coffee,,1,3.00,0.00,,3.00,No
40221,08/01/2026 11:59 AM,Maribel,Bakery,Croissant,,1,3.75,0.00,,3.75,No
40222,08/01/2026 09:23 AM,Maribel,Coffee & Tea,Cold Brew,,1,4.50,0.00,,4.50,No
40223,08/01/2026 09:19 AM,Theo,Coffee & Tea,Drip Coffee,,1,3.00,0.00,,3.00,No
40223,08/01/2026 09:19 AM,Theo,Lunch,Greek Salad,,1,12.00,0.00,,12.00,No
40224,08/01/2026 12:10 PM,Ines,Coffee & Tea,Cold Brew,,1,4.50,0.00,,4.50,No
40225,08/01/2026 10:38 AM,Rashid,Coffee & Tea,Chai Tea,,1,4.75,0.00,,4.75,No
40225,08/01/2026 10:38 AM,Rashid,Lunch,Turkey Club,,1,13.50,0.00,,13.50,No
40225,08/01/2026 10:38 AM,Rashid,Coffee & Tea,Latte,,1,5.25,0.00,,5.25,No
40225,08/01/2026 10:38 AM,Rashid,Modifiers,+ Oat milk,Latte,1,0.75,0.00,,0.75,No
40226,08/01/2026 08:21 AM,Ines,Bakery,Croissant,,1,3.75,0.00,,3.75,No
40226,08/01/2026 08:21 AM,Ines,Bakery,Chocolate Chip Cookie,,1,2.75,0.00,,2.75,No
40226,08/01/2026 08:21 AM,Ines,Bakery,Croissant,,1,3.75,0.00,,3.75,No
40227,08/01/2026 11:20 AM,Kai,Breakfast,Avocado Toast,,1,11.00,0.00,,11.00,No
40228,08/01/2026 10:19 AM,Theo,Bakery,Croissant,,1,3.75,3.75,Comp - manager,0.00,No
40228,08/01/2026 10:19 AM,Theo,Bakery,Blueberry Muffin,,1,3.50,3.50,Comp - manager,0.00,No
40228,08/01/2026 10:19 AM,Theo,Coffee & Tea,Drip Coffee,,1,3.00,3.00,Comp - manager,0.00,No
40229,08/01/2026 08:42 AM,Theo,Coffee & Tea,Cold Brew,,1,4.50,0.00,,4.50,No
40230,08/01/2026 09:56 AM,Rashid,Coffee & Tea,Drip Coffee,,1,3.00,0.00,,3.00,No
40231,08/01/2026 08:25 AM,Rashid,Breakfast,Breakfast Sandwich,,1,9.50,0.00,,9.50,No
40231,08/01/2026 08:25 AM,Rashid,Modifiers,+ Add bacon,Breakfast Sandwich,1,2.50,0.00,,2.50,No
40231,08/01/2026 08:25 AM,Rashid,Lunch,Greek Salad,,1,12.00,0.00,,12.00,No
40231,08/01/2026 08:25 AM,Rashid,Coffee & Tea,Cappuccino,,1,4.75,0.00,,4.75,No
40231,08/01/2026 08:25 AM,Rashid,Modifiers,+ Extra shot,Cappuccino,1,1.00,0.00,,1.00,No
40232,08/01/2026 08:04 AM,Theo,Coffee & Tea,Drip Coffee,,1,3.00,0.00,,3.00,No
40232,08/01/2026 08:04 AM,Theo,Bakery,Chocolate Chip Cookie,,1,2.75,0.00,,2.75,No
40233,08/01/2026 11:33 AM,Kai,Bakery,Croissant,,1,3.75,0.00,,3.75,No
40234,08/01/2026 07:46 AM,Ines,Coffee & Tea,Latte,,1,5.25,0.00,,5.25,No
40234,08/01/2026 07:46 AM,Ines,Modifiers,+ Oat milk,Latte,1,0.75,0.00,,0.75,No
40235,08/01/2026 08:21 AM,Kai,Bakery,Blueberry Muffin,,1,3.50,0.00,,3.50,No
40235,08/01/2026 08:21 AM,Kai,Breakfast,Breakfast Sandwich,,1,9.50,0.00,,9.50,No
40235,08/01/2026 08:21 AM,Kai,Modifiers,+ Add bacon,Breakfast Sandwich,1,2.50,0.00,,2.50,No
40235,08/01/2026 08:21 AM,Kai,Modifiers,+ Add egg,Breakfast Sandwich,1,1.50,0.00,,1.50,No
40235,08/01/2026 08:21 AM,Kai,Coffee & Tea,Cappuccino,,1,4.75,0.00,,4.75,No
40235,08/01/2026 08:21 AM,Kai,Modifiers,+ Extra shot,Cappuccino,1,1.00,0.00,,1.00,No
40236,08/01/2026 02:47 PM,Theo,Coffee & Tea,Latte,,1,5.25,0.00,,5.25,No
40237,08/01/2026 10:02 AM,Theo,Coffee & Tea,Latte,,1,5.25,0.00,,5.25,No
40238,08/01/2026 12:29 PM,Theo,Coffee & Tea,Drip Coffee,,1,3.00,0.00,,3.00,No
40238,08/01/2026 12:29 PM,Theo,Breakfast,Avocado Toast,,1,11.00,0.00,,11.00,No
40238,08/01/2026 12:29 PM,Theo,Modifiers,+ Add egg,Avocado Toast,1,1.50,0.00,,1.50,No
40239,08/01/2026 01:53 PM,Rashid,Coffee & Tea,Cold Brew,,1,4.50,0.00,,4.50,No
40239,08/01/2026 01:53 PM,Rashid,Modifiers,+ Vanilla syrup,Cold Brew,1,0.60,0.00,,0.60,No
40240,08/01/2026 07:05 AM,Theo,Bakery,Croissant,,1,3.75,0.00,,3.75,No
40240,08/01/2026 07:05 AM,Theo,Lunch,Greek Salad,,1,12.00,0.00,,12.00,No
40241,08/01/2026 08:12 AM,Theo,Coffee & Tea,Cappuccino,,1,4.75,0.00,,4.75,No
40241,08/01/2026 08:12 AM,Theo,Modifiers,+ Extra shot,Cappuccino,1,1.00,0.00,,1.00,No
40241,08/01/2026 08:12 AM,Theo,Coffee & Tea,Cappuccino,,1,4.75,0.00,,4.75,No
40241,08/01/2026 08:12 AM,Theo,Lunch,Soup of the Day,,1,7.00,0.00,,7.00,No
40242,08/01/2026 10:41 AM,Rashid,Coffee & Tea,Latte,,1,5.25,0.00,,5.25,No
40243,08/01/2026 02:15 PM,Rashid,Coffee & Tea,Latte,,1,5.25,0.00,,5.25,No
40243,08/01/2026 02:15 PM,Rashid,Modifiers,+ Vanilla syrup,Latte,1,0.60,0.00,,0.60,No
40243,08/01/2026 02:15 PM,Rashid,Lunch,Turkey Club,,1,13.50,0.00,,13.50,No
40243,08/01/2026 02:15 PM,Rashid,Modifiers,+ Add bacon,Turkey Club,1,2.50,0.00,,2.50,No
40244,08/01/2026 11:48 AM,Ines,Coffee & Tea,Drip Coffee,,1,3.00,0.00,,3.00,No
40244,08/01/2026 11:48 AM,Ines,Breakfast,Oatmeal Bowl,,1,7.50,0.00,,7.50,No
40245,08/01/2026 01:14 PM,Maribel,Bakery,Chocolate Chip Cookie,,1,2.75,0.00,,2.75,No
40245,08/01/2026 01:14 PM,Maribel,Breakfast,Avocado Toast,,1,11.00,0.00,,11.00,No
40246,08/01/2026 02:51 PM,Kai,Coffee & Tea,Latte,,1,5.25,0.00,,5.25,No
40246,08/01/2026 02:51 PM,Kai,Coffee & Tea,Cold Brew,,1,4.50,0.00,,4.50,No
40247,08/01/2026 02:39 PM,Rashid,Coffee & Tea,Latte,,1,5.25,0.00,,5.25,No
40248,08/01/2026 10:21 AM,Theo,Lunch,Soup of the Day,,1,7.00,0.00,,7.00,No
40248,08/01/2026 10:21 AM,Theo,Lunch,Greek Salad,,1,12.00,0.00,,12.00,No
40248,08/01/2026 10:21 AM,Theo,Coffee & Tea,Drip Coffee,,1,3.00,0.00,,3.00,No
40249,08/01/2026 12:37 PM,Kai,Bakery,Blueberry Muffin,,1,3.50,0.00,,3.50,No
40249,08/01/2026 12:37 PM,Kai,Bakery,Blueberry Muffin,,1,3.50,0.00,,3.50,No
40250,08/01/2026 11:09 AM,Maribel,Bakery,Blueberry Muffin,,1,3.50,0.00,,3.50,No
40250,08/01/2026 11:09 AM,Maribel,Coffee & Tea,Cold Brew,,1,4.50,0.00,,4.50,No
40251,08/02/2026 12:21 PM,Rashid,Coffee & Tea,Cappuccino,,1,4.75,0.00,,4.75,No
40252,08/02/2026 12:49 PM,Ines,Breakfast,Breakfast Sandwich,,1,9.50,0.00,,9.50,No
40253,08/02/2026 09:25 AM,Kai,Lunch,Soup of the Day,,1,7.00,0.00,,7.00,No
40253,08/02/2026 09:25 AM,Kai,Lunch,Soup of the Day,,1,7.00,0.00,,7.00,No
40253,08/02/2026 09:25 AM,Kai,Breakfast,Breakfast Sandwich,,1,9.50,0.00,,9.50,No
40254,08/02/2026 07:00 AM,Kai,Breakfast,Breakfast Sandwich,,1,9.50,0.00,,9.50,No
40254,08/02/2026 07:00 AM,Kai,Modifiers,+ Add egg,Breakfast Sandwich,1,1.50,0.00,,1.50,No
40254,08/02/2026 07:00 AM,Kai,Coffee & Tea,Cold Brew,,1,4.50,0.00,,4.50,No
40255,08/02/2026 01:18 PM,Rashid,Bakery,Croissant,,1,3.75,0.00,,3.75,No
40255,08/02/2026 01:18 PM,Rashid,Bakery,Chocolate Chip Cookie,,1,2.75,0.00,,2.75,No
40255,08/02/2026 01:18 PM,Rashid,Breakfast,Oatmeal Bowl,,1,7.50,0.00,,7.50,No
40256,08/02/2026 07:01 AM,Ines,Bakery,Croissant,,1,3.75,0.00,,3.75,No
40256,08/02/2026 07:01 AM,Ines,Bakery,Blueberry Muffin,,1,3.50,0.00,,3.50,No
40257,08/02/2026 01:21 PM,Maribel,Coffee & Tea,Cold Brew,,1,4.50,0.00,,4.50,No
40258,08/02/2026 02:13 PM,Maribel,Coffee & Tea,Drip Coffee,,1,3.00,0.00,,3.00,No
40258,08/02/2026 02:13 PM,Maribel,Coffee & Tea,Chai Tea,,1,4.75,0.00,,4.75,No
40258,08/02/2026 02:13 PM,Maribel,Breakfast,Breakfast Sandwich,,1,9.50,0.00,,9.50,No
40258,08/02/2026 02:13 PM,Maribel,Modifiers,+ Add avocado,Breakfast Sandwich,1,2.00,0.00,,2.00,No
40259,08/02/2026 12:02 PM,Ines,Coffee & Tea,Drip Coffee,,1,3.00,0.00,,3.00,No
40259,08/02/2026 12:02 PM,Ines,Lunch,Turkey Club,,1,13.50,0.00,,13.50,No
40260,08/02/2026 02:33 PM,Theo,Breakfast,Oatmeal Bowl,,1,7.50,0.00,,7.50,No
40260,08/02/2026 02:33 PM,Theo,Coffee & Tea,Drip Coffee,,1,3.00,0.00,,3.00,No
40260,08/02/2026 02:33 PM,Theo,Bakery,Chocolate Chip Cookie,,1,2.75,0.00,,2.75,No
40261,08/02/2026 01:18 PM,Maribel,Lunch,Greek Salad,,1,12.00,0.00,,12.00,No
40261,08/02/2026 01:18 PM,Maribel,Lunch,Turkey Club,,1,13.50,0.00,,13.50,No
40262,08/02/2026 10:41 AM,Maribel,Bakery,Croissant,,1,3.75,0.00,,3.75,No
40263,08/02/2026 02:57 PM,Maribel,Coffee & Tea,Latte,,1,5.25,0.00,,5.25,No
40263,08/02/2026 02:57 PM,Maribel,Coffee & Tea,Drip Coffee,,1,3.00,0.00,,3.00,No
40263,08/02/2026 02:57 PM,Maribel,Coffee & Tea,Drip Coffee,,1,3.00,0.00,,3.00,No
40264,08/02/2026 02:55 PM,Kai,Coffee & Tea,Drip Coffee,,1,3.00,0.00,,3.00,No
40264,08/02/2026 02:55 PM,Kai,Breakfast,Breakfast Sandwich,,1,9.50,0.00,,9.50,No
40264,08/02/2026 02:55 PM,Kai,Coffee & Tea,Cappuccino,,1,4.75,0.00,,4.75,No
40264,08/02/2026 02:55 PM,Kai,Modifiers,+ Oat milk,Cappuccino,1,0.75,0.00,,0.75,No
40265,08/02/2026 10:50 AM,Ines,Bakery,Croissant,,1,3.75,0.00,,3.75,No
40266,08/02/2026 08:48 AM,Ines,Coffee & Tea,Drip Coffee,,1,3.00,0.00,,3.00,No
40266,08/02/2026 08:48 AM,Ines,Coffee & Tea,Drip Coffee,,1,3.00,3.00,Comp - manager,0.00,No
40266,08/02/2026 08:48 AM,Ines,Breakfast,Breakfast Sandwich,,1,9.50,0.00,,9.50,No
40266,08/02/2026 08:48 AM,Ines,Modifiers,+ Add bacon,Breakfast Sandwich,1,2.50,0.00,,2.50,No
40266,08/02/2026 08:48 AM,Ines,Modifiers,+ Add egg,Breakfast Sandwich,1,1.50,0.00,,1.50,No
40267,08/02/2026 02:02 PM,Maribel,Coffee & Tea,Latte,,1,5.25,0.00,,5.25,No
40267,08/02/2026 02:02 PM,Maribel,Modifiers,+ Extra shot,Latte,1,1.00,0.00,,1.00,No
40267,08/02/2026 02:02 PM,Maribel,Bakery,Croissant,,1,3.75,0.00,,3.75,No
40268,08/02/2026 07:31 AM,Rashid,Lunch,Greek Salad,,1,12.00,0.00,,12.00,No
40268,08/02/2026 07:31 AM,Rashid,Coffee & Tea,Cappuccino,,1,4.75,0.00,,4.75,No
40269,08/02/2026 09:17 AM,Theo,Breakfast,Avocado Toast,,1,11.00,0.00,,11.00,No
40270,08/02/2026 12:26 PM,Rashid,Coffee & Tea,Chai Tea,,1,4.75,0.00,,4.75,No
40270,08/02/2026 12:26 PM,Rashid,Coffee & Tea,Chai Tea,,1,4.75,0.00,,4.75,No
40270,08/02/2026 12:26 PM,Rashid,Lunch,Soup of the Day,,1,7.00,0.00,,7.00,No
40271,08/02/2026 09:08 AM,Maribel,Bakery,Croissant,,1,3.75,0.00,,3.75,No
40272,08/02/2026 07:46 AM,Rashid,Coffee & Tea,Drip Coffee,,1,3.00,0.00,,3.00,No
40272,08/02/2026 07:46 AM,Rashid,Coffee & Tea,Drip Coffee,,1,3.00,0.00,,3.00,No
40273,08/02/2026 02:31 PM,Ines,Coffee & Tea,Latte,,1,5.25,2.62,Staff meal 50%,2.63,No
40273,08/02/2026 02:31 PM,Ines,Modifiers,+ Extra shot,Latte,1,1.00,0.50,Staff meal 50%,0.50,No
40274,08/02/2026 01:16 PM,Maribel,Bakery,Croissant,,1,3.75,0.00,,3.75,No
40275,08/02/2026 09:05 AM,Rashid,Breakfast,Breakfast Sandwich,,1,9.50,0.00,,9.50,No
40275,08/02/2026 09:05 AM,Rashid,Modifiers,+ Add egg,Breakfast Sandwich,1,1.50,0.00,,1.50,No
40275,08/02/2026 09:05 AM,Rashid,Breakfast,Breakfast Sandwich,,1,9.50,0.00,,9.50,No
40275,08/02/2026 09:05 AM,Rashid,Modifiers,+ Add avocado,Breakfast Sandwich,1,2.00,0.00,,2.00,No
40276,08/02/2026 02:05 PM,Theo,Breakfast,Breakfast Sandwich,,1,9.50,0.00,,9.50,No
40276,08/02/2026 02:05 PM,Theo,Modifiers,+ Add egg,Breakfast Sandwich,1,1.50,0.00,,1.50,No
40276,08/02/2026 02:05 PM,Theo,Breakfast,Oatmeal Bowl,,1,7.50,0.00,,7.50,No
40277,08/02/2026 10:00 AM,Theo,Coffee & Tea,Drip Coffee,,1,3.00,0.00,,3.00,No
40277,08/02/2026 10:00 AM,Theo,Lunch,Soup of the Day,,1,7.00,0.00,,7.00,No
40277,08/02/2026 10:00 AM,Theo,Coffee & Tea,Chai Tea,,1,4.75,0.00,,4.75,No
40278,08/02/2026 10:06 AM,Ines,Lunch,Greek Salad,,1,12.00,0.00,,12.00,No
40278,08/02/2026 10:06 AM,Ines,Lunch,Greek Salad,,1,12.00,0.00,,12.00,No
40278,08/02/2026 10:06 AM,Ines,Breakfast,Oatmeal Bowl,,1,7.50,0.00,,7.50,No
40279,08/02/2026 09:54 AM,Rashid,Lunch,Turkey Club,,1,13.50,0.00,,13.50,No
40279,08/02/2026 09:54 AM,Rashid,Modifiers,+ Add bacon,Turkey Club,1,2.50,0.00,,2.50,No
40279,08/02/2026 09:54 AM,Rashid,Coffee & Tea,Drip Coffee,,1,3.00,0.00,,3.00,No
40280,08/02/2026 09:16 AM,Kai,Breakfast,Breakfast Sandwich,,1,9.50,0.00,,9.50,No
40280,08/02/2026 09:16 AM,Kai,Bakery,Croissant,,1,3.75,0.00,,3.75,No
40280,08/02/2026 09:16 AM,Kai,Bakery,Croissant,,1,3.75,0.00,,3.75,No
40281,08/02/2026 02:36 PM,Maribel,Coffee & Tea,Chai Tea,,1,4.75,0.00,,4.75,No
40282,08/02/2026 08:36 AM,Ines,Coffee & Tea,Cold Brew,,1,4.50,4.50,Comp - manager,0.00,No
40282,08/02/2026 08:36 AM,Ines,Bakery,Croissant,,1,3.75,0.00,,3.75,No
40283,08/02/2026 11:21 AM,Rashid,Coffee & Tea,Drip Coffee,,1,3.00,0.00,,3.00,No
40283,08/02/2026 11:21 AM,Rashid,Breakfast,Oatmeal Bowl,,1,7.50,0.00,,7.50,No
40284,08/02/2026 11:22 AM,Theo,Bakery,Chocolate Chip Cookie,,1,2.75,0.00,,2.75,No
40284,08/02/2026 11:22 AM,Theo,Bakery,Blueberry Muffin,,1,3.50,0.00,,3.50,No
40284,08/02/2026 11:22 AM,Theo,Breakfast,Avocado Toast,,1,11.00,0.00,,11.00,No
40284,08/02/2026 11:22 AM,Theo,Modifiers,+ Add egg,Avocado Toast,1,1.50,0.00,,1.50,No
40285,08/02/2026 08:11 AM,Rashid,Breakfast,Oatmeal Bowl,,1,7.50,0.00,,7.50,No
40285,08/02/2026 08:11 AM,Rashid,Breakfast,Avocado Toast,,1,11.00,0.00,,11.00,No
40286,08/02/2026 12:42 PM,Kai,Coffee & Tea,Cold Brew,,1,4.50,0.00,,4.50,No
40287,08/02/2026 11:06 AM,Theo,Coffee & Tea,Cold Brew,,1,4.50,0.00,,4.50,No
40287,08/02/2026 11:06 AM,Theo,Modifiers,+ Oat milk,Cold Brew,1,0.75,0.00,,0.75,No
40287,08/02/2026 11:06 AM,Theo,Bakery,Croissant,,1,3.75,0.00,,3.75,No
40288,08/02/2026 10:31 AM,Theo,Lunch,Turkey Club,,1,13.50,0.00,,13.50,No
40288,08/02/2026 10:31 AM,Theo,Bakery,Chocolate Chip Cookie,,1,2.75,0.00,,2.75,No
40289,08/03/2026 08:45 AM,Maribel,Coffee & Tea,Latte,,1,5.25,0.00,,5.25,No
40289,08/03/2026 08:45 AM,Maribel,Modifiers,+ Vanilla syrup,Latte,1,0.60,0.00,,0.60,No
40289,08/03/2026 08:45 AM,Maribel,Coffee & Tea,Chai Tea,,1,4.75,0.00,,4.75,No
40290,08/03/2026 08:51 AM,Rashid,Lunch,Soup of the Day,,1,7.00,0.00,,7.00,No
40291,08/03/2026 01:19 PM,Kai,Breakfast,Breakfast Sandwich,,1,9.50,0.00,,9.50,No
40291,08/03/2026 01:19 PM,Kai,Modifiers,+ Add avocado,Breakfast Sandwich,1,2.00,0.00,,2.00,No
40292,08/03/2026 10:19 AM,Kai,Breakfast,Breakfast Sandwich,,1,9.50,0.00,,9.50,No
40292,08/03/2026 10:19 AM,Kai,Modifiers,+ Add egg,Breakfast Sandwich,1,1.50,0.00,,1.50,No
40292,08/03/2026 10:19 AM,Kai,Lunch,Turkey Club,,1,13.50,0.00,,13.50,No
40292,08/03/2026 10:19 AM,Kai,Bakery,Croissant,,1,3.75,0.00,,3.75,No
40293,08/03/2026 02:47 PM,Maribel,Coffee & Tea,Drip Coffee,,1,3.00,0.00,,3.00,No
40293,08/03/2026 02:47 PM,Maribel,Coffee & Tea,Cold Brew,,1,4.50,0.00,,4.50,No
40293,08/03/2026 02:47 PM,Maribel,Modifiers,+ Oat milk,Cold Brew,1,0.75,0.00,,0.75,No
40294,08/03/2026 09:33 AM,Kai,Coffee & Tea,Chai Tea,,1,4.75,0.00,,4.75,No
40295,08/03/2026 11:47 AM,Rashid,Breakfast,Breakfast Sandwich,,1,9.50,0.00,,9.50,No
40295,08/03/2026 11:47 AM,Rashid,Breakfast,Breakfast Sandwich,,1,9.50,0.00,,9.50,No
40295,08/03/2026 11:47 AM,Rashid,Modifiers,+ Add bacon,Breakfast Sandwich,1,2.50,0.00,,2.50,No
40295,08/03/2026 11:47 AM,Rashid,Breakfast,Avocado Toast,,1,11.00,0.00,,11.00,No
40296,08/03/2026 08:09 AM,Maribel,Coffee & Tea,Drip Coffee,,1,3.00,0.00,,3.00,No
40296,08/03/2026 08:09 AM,Maribel,Coffee & Tea,Latte,,1,5.25,0.00,,5.25,No
40296,08/03/2026 08:09 AM,Maribel,Modifiers,+ Oat milk,Latte,1,0.75,0.00,,0.75,No
40296,08/03/2026 08:09 AM,Maribel,Modifiers,+ Extra shot,Latte,1,1.00,0.00,,1.00,No
40296,08/03/2026 08:09 AM,Maribel,Modifiers,+ Vanilla syrup,Latte,1,0.60,0.00,,0.60,No
40297,08/03/2026 11:48 AM,Maribel,Coffee & Tea,Chai Tea,,1,4.75,4.75,Comp - manager,0.00,No
40297,08/03/2026 11:48 AM,Maribel,Coffee & Tea,Drip Coffee,,1,3.00,0.00,,3.00,No
40298,08/03/2026 07:43 AM,Maribel,Coffee & Tea,Cappuccino,,1,4.75,0.00,,4.75,No
40298,08/03/2026 07:43 AM,Maribel,Modifiers,+ Oat milk,Cappuccino,1,0.75,0.00,,0.75,No
40298,08/03/2026 07:43 AM,Maribel,Coffee & Tea,Drip Coffee,,1,3.00,0.00,,3.00,No
40299,08/03/2026 11:53 AM,Kai,Coffee & Tea,Cappuccino,,1,4.75,0.00,,4.75,No
40299,08/03/2026 11:53 AM,Kai,Modifiers,+ Extra shot,Cappuccino,1,1.00,0.00,,1.00,No
40300,08/03/2026 02:53 PM,Ines,Coffee & Tea,Drip Coffee,,1,3.00,0.00,,0.00,Yes
40301,08/03/2026 02:34 PM,Theo,Breakfast,Avocado Toast,,1,11.00,0.00,,11.00,No
40302,08/03/2026 11:30 AM,Ines,Coffee & Tea,Cappuccino,,1,4.75,0.00,,4.75,No
40302,08/03/2026 11:30 AM,Ines,Modifiers,+ Oat milk,Cappuccino,1,0.75,0.00,,0.75,No
40302,08/03/2026 11:30 AM,Ines,Coffee & Tea,Drip Coffee,,1,3.00,0.00,,3.00,No
40303,08/03/2026 09:20 AM,Rashid,Coffee & Tea,Cappuccino,,1,4.75,2.38,Staff meal 50%,2.37,No
40303,08/03/2026 09:20 AM,Rashid,Modifiers,+ Extra shot,Cappuccino,1,1.00,0.50,Staff meal 50%,0.50,No
40303,08/03/2026 09:20 AM,Rashid,Bakery,Chocolate Chip Cookie,,1,2.75,1.38,Staff meal 50%,1.37,No
40303,08/03/2026 09:20 AM,Rashid,Lunch,Greek Salad,,1,12.00,6.00,Staff meal 50%,6.00,No
40304,08/03/2026 08:07 AM,Maribel,Breakfast,Breakfast Sandwich,,1,9.50,0.00,,9.50,No
40304,08/03/2026 08:07 AM,Maribel,Modifiers,+ Add avocado,Breakfast Sandwich,1,2.00,0.00,,2.00,No
40305,08/03/2026 01:47 PM,Ines,Coffee & Tea,Latte,,1,5.25,0.00,,5.25,No
40305,08/03/2026 01:47 PM,Ines,Coffee & Tea,Drip Coffee,,1,3.00,0.00,,3.00,No
40305,08/03/2026 01:47 PM,Ines,Lunch,Soup of the Day,,1,7.00,0.00,,7.00,No
40306,08/03/2026 07:15 AM,Ines,Coffee & Tea,Cold Brew,,1,4.50,0.00,,4.50,No
40306,08/03/2026 07:15 AM,Ines,Modifiers,+ Vanilla syrup,Cold Brew,1,0.60,0.00,,0.60,No
40306,08/03/2026 07:15 AM,Ines,Lunch,Turkey Club,,1,13.50,13.50,Comp - manager,0.00,No
40306,08/03/2026 07:15 AM,Ines,Modifiers,+ Add bacon,Turkey Club,1,2.50,2.50,Comp - manager,0.00,No
40307,08/03/2026 11:20 AM,Theo,Bakery,Blueberry Muffin,,1,3.50,0.00,,3.50,No
40307,08/03/2026 11:20 AM,Theo,Bakery,Croissant,,1,3.75,0.00,,3.75,No
40307,08/03/2026 11:20 AM,Theo,Coffee & Tea,Latte,,1,5.25,0.00,,5.25,No
40307,08/03/2026 11:20 AM,Theo,Modifiers,+ Oat milk,Latte,1,0.75,0.00,,0.75,No
40308,08/03/2026 09:40 AM,Ines,Breakfast,Avocado Toast,,1,11.00,0.00,,11.00,No
40309,08/03/2026 01:48 PM,Maribel,Coffee & Tea,Cold Brew,,1,4.50,0.00,,4.50,No
40310,08/03/2026 02:37 PM,Theo,Coffee & Tea,Drip Coffee,,1,3.00,0.00,,3.00,No
40310,08/03/2026 02:37 PM,Theo,Bakery,Croissant,,1,3.75,0.00,,3.75,No
40310,08/03/2026 02:37 PM,Theo,Coffee & Tea,Drip Coffee,,1,3.00,0.00,,3.00,No
40311,08/03/2026 12:36 PM,Maribel,Coffee & Tea,Cold Brew,,1,4.50,0.00,,4.50,No
40311,08/03/2026 12:36 PM,Maribel,Coffee & Tea,Cold Brew,,1,4.50,0.00,,4.50,No
40311,08/03/2026 12:36 PM,Maribel,Modifiers,+ Oat milk,Cold Brew,1,0.75,0.00,,0.75,No
40311,08/03/2026 12:36 PM,Maribel,Modifiers,+ Vanilla syrup,Cold Brew,1,0.60,0.00,,0.60,No
40312,08/03/2026 07:06 AM,Ines,Bakery,Chocolate Chip Cookie,,1,2.75,0.00,,2.75,No
40313,08/03/2026 11:17 AM,Theo,Bakery,Croissant,,1,3.75,0.00,,3.75,No
40313,08/03/2026 11:17 AM,Theo,Coffee & Tea,Cold Brew,,1,4.50,0.00,,4.50,No
40313,08/03/2026 11:17 AM,Theo,Coffee & Tea,Cold Brew,,1,4.50,4.50,Comp - manager,0.00,No
40314,08/03/2026 02:44 PM,Maribel,Coffee & Tea,Drip Coffee,,1,3.00,0.00,,3.00,No
40315,08/03/2026 08:22 AM,Maribel,Coffee & Tea,Chai Tea,,1,4.75,0.00,,4.75,No
40316,08/03/2026 01:11 PM,Maribel,Coffee & Tea,Drip Coffee,,1,3.00,0.00,,3.00,No
40316,08/03/2026 01:11 PM,Maribel,Breakfast,Avocado Toast,,1,11.00,0.00,,11.00,No
40316,08/03/2026 01:11 PM,Maribel,Modifiers,+ Add egg,Avocado Toast,1,1.50,0.00,,1.50,No
40316,08/03/2026 01:11 PM,Maribel,Coffee & Tea,Drip Coffee,,1,3.00,0.00,,3.00,No
40317,08/03/2026 07:10 AM,Theo,Breakfast,Avocado Toast,,1,11.00,0.00,,11.00,No
40318,08/03/2026 10:49 AM,Rashid,Lunch,Turkey Club,,1,13.50,0.00,,13.50,No
40318,08/03/2026 10:49 AM,Rashid,Modifiers,+ Add bacon,Turkey Club,1,2.50,0.00,,2.50,No
40318,08/03/2026 10:49 AM,Rashid,Coffee & Tea,Cappuccino,,1,4.75,0.00,,4.75,No
40318,08/03/2026 10:49 AM,Rashid,Modifiers,+ Oat milk,Cappuccino,1,0.75,0.00,,0.75,No
40319,08/03/2026 02:55 PM,Maribel,Coffee & Tea,Cappuccino,,1,4.75,0.00,,4.75,No
40319,08/03/2026 02:55 PM,Maribel,Modifiers,+ Oat milk,Cappuccino,1,0.75,0.00,,0.75,No
40319,08/03/2026 02:55 PM,Maribel,Coffee & Tea,Latte,,1,5.25,0.00,,5.25,No
40319,08/03/2026 02:55 PM,Maribel,Modifiers,+ Oat milk,Latte,1,0.75,0.00,,0.75,No
40320,08/03/2026 11:55 AM,Maribel,Coffee & Tea,Drip Coffee,,1,3.00,0.00,,3.00,No
40321,08/03/2026 12:41 PM,Kai,Lunch,Turkey Club,,1,13.50,6.75,Staff meal 50%,6.75,No
40321,08/03/2026 12:41 PM,Kai,Modifiers,+ Gluten-free bread,Turkey Club,1,1.50,0.75,Staff meal 50%,0.75,No
40321,08/03/2026 12:41 PM,Kai,Coffee & Tea,Cold Brew,,1,4.50,2.25,Staff meal 50%,2.25,No
40322,08/03/2026 02:09 PM,Maribel,Breakfast,Breakfast Sandwich,,1,9.50,0.00,,9.50,No
40322,08/03/2026 02:09 PM,Maribel,Modifiers,+ Add bacon,Breakfast Sandwich,1,2.50,0.00,,2.50,No
40322,08/03/2026 02:09 PM,Maribel,Modifiers,+ Add avocado,Breakfast Sandwich,1,2.00,0.00,,2.00,No
40322,08/03/2026 02:09 PM,Maribel,Lunch,Greek Salad,,1,12.00,0.00,,12.00,No
40323,08/03/2026 12:16 PM,Kai,Bakery,Croissant,,1,3.75,0.00,,3.75,No
40324,08/03/2026 07:52 AM,Kai,Lunch,Soup of the Day,,1,7.00,0.00,,7.00,No
40325,08/03/2026 02:47 PM,Maribel,Coffee & Tea,Drip Coffee,,1,3.00,0.00,,3.00,No
40325,08/03/2026 02:47 PM,Maribel,Coffee & Tea,Drip Coffee,,1,3.00,0.00,,3.00,No
40325,08/03/2026 02:47 PM,Maribel,Lunch,Soup of the Day,,1,7.00,0.00,,7.00,No
40326,08/03/2026 12:14 PM,Maribel,Breakfast,Breakfast Sandwich,,1,9.50,0.00,,9.50,No
40326,08/03/2026 12:14 PM,Maribel,Coffee & Tea,Drip Coffee,,1,3.00,0.00,,3.00,No
40326,08/03/2026 12:14 PM,Maribel,Breakfast,Avocado Toast,,1,11.00,0.00,,11.00,No
40326,08/03/2026 12:14 PM,Maribel,Modifiers,+ Add egg,Avocado Toast,1,1.50,0.00,,1.50,No
40327,08/03/2026 11:35 AM,Theo,Bakery,Croissant,,1,3.75,0.00,,3.75,No
40328,08/03/2026 08:28 AM,Rashid,Breakfast,Breakfast Sandwich,,1,9.50,0.00,,9.50,No
40328,08/03/2026 08:28 AM,Rashid,Coffee & Tea,Drip Coffee,,1,3.00,0.00,,3.00,No
40329,08/04/2026 12:12 PM,Maribel,Breakfast,Breakfast Sandwich,,1,9.50,0.00,,9.50,No
40329,08/04/2026 12:12 PM,Maribel,Modifiers,+ Add avocado,Breakfast Sandwich,1,2.00,0.00,,2.00,No
40329,08/04/2026 12:12 PM,Maribel,Coffee & Tea,Cold Brew,,1,4.50,0.00,,4.50,No
40330,08/04/2026 10:00 AM,Ines,Coffee & Tea,Drip Coffee,,1,3.00,0.00,,3.00,No
40330,08/04/2026 10:00 AM,Ines,Lunch,Greek Salad,,1,12.00,0.00,,12.00,No
40330,08/04/2026 10:00 AM,Ines,Modifiers,+ No onions,Greek Salad,1,0.00,0.00,,0.00,No
40331,08/04/2026 12:10 PM,Theo,Breakfast,Avocado Toast,,1,11.00,0.00,,11.00,No
40331,08/04/2026 12:10 PM,Theo,Modifiers,+ Add egg,Avocado Toast,1,1.50,0.00,,1.50,No
40332,08/04/2026 09:52 AM,Theo,Breakfast,Avocado Toast,,1,11.00,0.00,,11.00,No
40332,08/04/2026 09:52 AM,Theo,Breakfast,Breakfast Sandwich,,1,9.50,0.00,,0.00,Yes
40332,08/04/2026 09:52 AM,Theo,Modifiers,+ Add bacon,Breakfast Sandwich,1,2.50,0.00,,0.00,Yes
40333,08/04/2026 02:38 PM,Rashid,Bakery,Croissant,,1,3.75,0.00,,3.75,No
40333,08/04/2026 02:38 PM,Rashid,Coffee & Tea,Cold Brew,,1,4.50,0.00,,4.50,No
40334,08/04/2026 09:06 AM,Theo,Breakfast,Avocado Toast,,1,11.00,0.00,,11.00,No
40334,08/04/2026 09:06 AM,Theo,Modifiers,+ Add egg,Avocado Toast,1,1.50,0.00,,1.50,No
40334,08/04/2026 09:06 AM,Theo,Coffee & Tea,Cappuccino,,1,4.75,0.00,,4.75,No
40335,08/04/2026 08:47 AM,Kai,Coffee & Tea,Cappuccino,,1,4.75,0.00,,4.75,No
40335,08/04/2026 08:47 AM,Kai,Modifiers,+ Extra shot,Cappuccino,1,1.00,0.00,,1.00,No
40335,08/04/2026 08:47 AM,Kai,Coffee & Tea,Cappuccino,,1,4.75,0.00,,4.75,No
40335,08/04/2026 08:47 AM,Kai,Modifiers,+ Oat milk,Cappuccino,1,0.75,0.00,,0.75,No
40335,08/04/2026 08:47 AM,Kai,Coffee & Tea,Cold Brew,,1,4.50,0.00,,4.50,No
40336,08/04/2026 02:34 PM,Rashid,Coffee & Tea,Chai Tea,,1,4.75,0.00,,4.75,No
40336,08/04/2026 02:34 PM,Rashid,Coffee & Tea,Drip Coffee,,1,3.00,0.00,,3.00,No
40336,08/04/2026 02:34 PM,Rashid,Coffee & Tea,Drip Coffee,,1,3.00,0.00,,3.00,No
40337,08/04/2026 07:28 AM,Theo,Lunch,Soup of the Day,,1,7.00,0.00,,7.00,No
40337,08/04/2026 07:28 AM,Theo,Coffee & Tea,Drip Coffee,,1,3.00,0.00,,3.00,No
40337,08/04/2026 07:28 AM,Theo,Coffee & Tea,Latte,,1,5.25,0.00,,0.00,Yes
40337,08/04/2026 07:28 AM,Theo,Modifiers,+ Extra shot,Latte,1,1.00,0.00,,0.00,Yes
40338,08/04/2026 07:17 AM,Rashid,Breakfast,Breakfast Sandwich,,1,9.50,0.00,,9.50,No
40338,08/04/2026 07:17 AM,Rashid,Modifiers,+ Add egg,Breakfast Sandwich,1,1.50,0.00,,1.50,No
40339,08/04/2026 12:50 PM,Rashid,Breakfast,Avocado Toast,,1,11.00,0.00,,11.00,No
40339,08/04/2026 12:50 PM,Rashid,Breakfast,Avocado Toast,,1,11.00,0.00,,11.00,No
40340,08/04/2026 09:53 AM,Kai,Lunch,Greek Salad,,1,12.00,0.00,,12.00,No
40340,08/04/2026 09:53 AM,Kai,Breakfast,Breakfast Sandwich,,1,9.50,0.00,,9.50,No
40340,08/04/2026 09:53 AM,Kai,Breakfast,Breakfast Sandwich,,1,9.50,0.00,,9.50,No
40341,08/04/2026 12:10 PM,Rashid,Lunch,Soup of the Day,,1,7.00,0.00,,7.00,No
40341,08/04/2026 12:10 PM,Rashid,Coffee & Tea,Cold Brew,,1,4.50,0.00,,4.50,No
40341,08/04/2026 12:10 PM,Rashid,Bakery,Chocolate Chip Cookie,,1,2.75,0.00,,2.75,No
40342,08/04/2026 07:27 AM,Kai,Coffee & Tea,Latte,,1,5.25,0.00,,5.25,No
40343,08/04/2026 02:29 PM,Kai,Lunch,Turkey Club,,1,13.50,0.00,,13.50,No
40344,08/04/2026 09:54 AM,Maribel,Lunch,Soup of the Day,,1,7.00,3.50,Staff meal 50%,3.50,No
40345,08/04/2026 12:28 PM,Theo,Bakery,Chocolate Chip Cookie,,1,2.75,0.00,,2.75,No
40345,08/04/2026 12:28 PM,Theo,Bakery,Chocolate Chip Cookie,,1,2.75,0.00,,2.75,No
40345,08/04/2026 12:28 PM,Theo,Coffee & Tea,Drip Coffee,,1,3.00,0.00,,3.00,No
40346,08/04/2026 01:05 PM,Ines,Lunch,Soup of the Day,,1,7.00,0.00,,0.00,Yes
40346,08/04/2026 01:05 PM,Ines,Lunch,Turkey Club,,1,13.50,0.00,,13.50,No
40346,08/04/2026 01:05 PM,Ines,Modifiers,+ Gluten-free bread,Turkey Club,1,1.50,0.00,,1.50,No
40347,08/04/2026 11:43 AM,Theo,Bakery,Blueberry Muffin,,1,3.50,0.00,,3.50,No
40347,08/04/2026 11:43 AM,Theo,Bakery,Croissant,,1,3.75,0.00,,3.75,No
40348,08/04/2026 02:11 PM,Theo,Breakfast,Breakfast Sandwich,,1,9.50,0.00,,9.50,No
40349,08/04/2026 10:10 AM,Maribel,Breakfast,Breakfast Sandwich,,1,9.50,0.00,,9.50,No
40349,08/04/2026 10:10 AM,Maribel,Modifiers,+ Add egg,Breakfast Sandwich,1,1.50,0.00,,1.50,No
40349,08/04/2026 10:10 AM,Maribel,Modifiers,+ Add avocado,Breakfast Sandwich,1,2.00,0.00,,2.00,No
40349,08/04/2026 10:10 AM,Maribel,Coffee & Tea,Drip Coffee,,1,3.00,0.00,,3.00,No
40349,08/04/2026 10:10 AM,Maribel,Coffee & Tea,Drip Coffee,,1,3.00,3.00,Comp - manager,0.00,No
40350,08/04/2026 11:35 AM,Theo,Breakfast,Avocado Toast,,1,11.00,11.00,Comp - manager,0.00,No
40351,08/04/2026 11:57 AM,Rashid,Coffee & Tea,Latte,,1,5.25,0.00,,5.25,No
40352,08/04/2026 10:28 AM,Kai,Lunch,Soup of the Day,,1,7.00,3.50,Staff meal 50%,3.50,No
40353,08/04/2026 02:43 PM,Kai,Coffee & Tea,Drip Coffee,,1,3.00,0.00,,3.00,No
40354,08/04/2026 01:22 PM,Theo,Coffee & Tea,Chai Tea,,1,4.75,0.00,,4.75,No
40355,08/04/2026 08:01 AM,Kai,Coffee & Tea,Drip Coffee,,1,3.00,0.00,,3.00,No
40356,08/04/2026 03:00 PM,Theo,Lunch,Soup of the Day,,1,7.00,0.00,,7.00,No
40357,08/04/2026 09:46 AM,Theo,Coffee & Tea,Cold Brew,,1,4.50,0.00,,4.50,No
40357,08/04/2026 09:46 AM,Theo,Breakfast,Breakfast Sandwich,,1,9.50,0.00,,9.50,No
40357,08/04/2026 09:46 AM,Theo,Coffee & Tea,Chai Tea,,1,4.75,0.00,,4.75,No
40358,08/04/2026 02:56 PM,Theo,Coffee & Tea,Cold Brew,,1,4.50,0.00,,4.50,No
40358,08/04/2026 02:56 PM,Theo,Coffee & Tea,Cappuccino,,1,4.75,0.00,,4.75,No
40359,08/04/2026 08:25 AM,Ines,Coffee & Tea,Drip Coffee,,1,3.00,0.00,,3.00,No
40360,08/04/2026 12:30 PM,Theo,Coffee & Tea,Drip Coffee,,1,3.00,0.00,,3.00,No
40360,08/04/2026 12:30 PM,Theo,Coffee & Tea,Chai Tea,,1,4.75,0.00,,4.75,No
40361,08/04/2026 09:41 AM,Kai,Bakery,Chocolate Chip Cookie,,1,2.75,0.00,,2.75,No
40362,08/04/2026 10:02 AM,Theo,Breakfast,Oatmeal Bowl,,1,7.50,0.00,,7.50,No
40362,08/04/2026 10:02 AM,Theo,Coffee & Tea,Drip Coffee,,1,3.00,0.00,,3.00,No
40362,08/04/2026 10:02 AM,Theo,Coffee & Tea,Cappuccino,,1,4.75,0.00,,4.75,No
40362,08/04/2026 10:02 AM,Theo,Modifiers,+ Oat milk,Cappuccino,1,0.75,0.00,,0.75,No
40363,08/04/2026 02:14 PM,Theo,Lunch,Greek Salad,,1,12.00,0.00,,12.00,No
40363,08/04/2026 02:14 PM,Theo,Bakery,Chocolate Chip Cookie,,1,2.75,0.00,,2.75,No
40364,08/04/2026 09:16 AM,Maribel,Breakfast,Breakfast Sandwich,,1,9.50,0.00,,9.50,No
40364,08/04/2026 09:16 AM,Maribel,Bakery,Croissant,,1,3.75,0.00,,3.75,No
40364,08/04/2026 09:16 AM,Maribel,Breakfast,Breakfast Sandwich,,1,9.50,0.00,,9.50,No
40364,08/04/2026 09:16 AM,Maribel,Modifiers,+ Add bacon,Breakfast Sandwich,1,2.50,0.00,,2.50,No
40364,08/04/2026 09:16 AM,Maribel,Modifiers,+ Add egg,Breakfast Sandwich,1,1.50,0.00,,1.50,No
40365,08/04/2026 08:08 AM,Maribel,Coffee & Tea,Drip Coffee,,1,3.00,1.50,Staff meal 50%,1.50,No
40366,08/04/2026 12:47 PM,Maribel,Breakfast,Avocado Toast,,1,11.00,0.00,,11.00,No
40367,08/04/2026 02:55 PM,Kai,Coffee & Tea,Drip Coffee,,1,3.00,0.00,,3.00,No
40367,08/04/2026 02:55 PM,Kai,Breakfast,Avocado Toast,,1,11.00,0.00,,11.00,No
40367,08/04/2026 02:55 PM,Kai,Breakfast,Avocado Toast,,1,11.00,0.00,,11.00,No
40368,08/04/2026 11:06 AM,Theo,Bakery,Chocolate Chip Cookie,,1,2.75,0.00,,2.75,No
40369,08/04/2026 08:32 AM,Theo,Bakery,Croissant,,1,3.75,0.00,,3.75,No
40369,08/04/2026 08:32 AM,Theo,Coffee & Tea,Drip Coffee,,1,3.00,0.00,,3.00,No
40370,08/04/2026 07:59 AM,Ines,Coffee & Tea,Cold Brew,,1,4.50,0.00,,4.50,No
40370,08/04/2026 07:59 AM,Ines,Lunch,Turkey Club,,1,13.50,0.00,,13.50,No
40371,08/04/2026 02:27 PM,Maribel,Bakery,Chocolate Chip Cookie,,1,2.75,0.00,,2.75,No
40371,08/04/2026 02:27 PM,Maribel,Coffee & Tea,Latte,,1,5.25,0.00,,5.25,No
40372,08/04/2026 02:49 PM,Rashid,Coffee & Tea,Cold Brew,,1,4.50,0.00,,4.50,No
40372,08/04/2026 02:49 PM,Rashid,Breakfast,Avocado Toast,,1,11.00,0.00,,11.00,No
40373,08/04/2026 09:01 AM,Rashid,Coffee & Tea,Latte,,1,5.25,0.00,,5.25,No
40373,08/04/2026 09:01 AM,Rashid,Modifiers,+ Oat milk,Latte,1,0.75,0.00,,0.75,No
40373,08/04/2026 09:01 AM,Rashid,Lunch,Greek Salad,,1,12.00,0.00,,12.00,No
40374,08/04/2026 12:12 PM,Kai,Bakery,Chocolate Chip Cookie,,1,2.75,0.00,,2.75,No
40375,08/04/2026 09:14 AM,Maribel,Lunch,Greek Salad,,1,12.00,0.00,,12.00,No
40376,08/04/2026 10:59 AM,Ines,Breakfast,Avocado Toast,,1,11.00,0.00,,11.00,No
40376,08/04/2026 10:59 AM,Ines,Coffee & Tea,Latte,,1,5.25,5.25,Comp - manager,0.00,No
40376,08/04/2026 10:59 AM,Ines,Modifiers,+ Extra shot,Latte,1,1.00,1.00,Comp - manager,0.00,No
40376,08/04/2026 10:59 AM,Ines,Breakfast,Oatmeal Bowl,,1,7.50,0.00,,7.50,No
40377,08/04/2026 10:45 AM,Ines,Coffee & Tea,Drip Coffee,,1,3.00,0.00,,3.00,No
40378,08/04/2026 10:18 AM,Maribel,Breakfast,Breakfast Sandwich,,1,9.50,0.00,,9.50,No
40378,08/04/2026 10:18 AM,Maribel,Coffee & Tea,Cappuccino,,1,4.75,0.00,,4.75,No
40379,08/04/2026 02:29 PM,Kai,Bakery,Chocolate Chip Cookie,,1,2.75,0.00,,2.75,No
40380,08/05/2026 10:46 AM,Theo,Lunch,Soup of the Day,,1,7.00,0.00,,7.00,No
40381,08/05/2026 09:49 AM,Rashid,Bakery,Blueberry Muffin,,1,3.50,0.00,,3.50,No
40381,08/05/2026 09:49 AM,Rashid,Breakfast,Breakfast Sandwich,,1,9.50,0.00,,9.50,No
40381,08/05/2026 09:49 AM,Rashid,Modifiers,+ Add bacon,Breakfast Sandwich,1,2.50,0.00,,2.50,No
40381,08/05/2026 09:49 AM,Rashid,Modifiers,+ Add egg,Breakfast Sandwich,1,1.50,0.00,,1.50,No
40382,08/05/2026 08:50 AM,Ines,Coffee & Tea,Chai Tea,,1,4.75,0.00,,4.75,No
40383,08/05/2026 11:46 AM,Theo,Breakfast,Breakfast Sandwich,,1,9.50,0.00,,9.50,No
40383,08/05/2026 11:46 AM,Theo,Modifiers,+ Add bacon,Breakfast Sandwich,1,2.50,0.00,,2.50,No
40383,08/05/2026 11:46 AM,Theo,Lunch,Soup of the Day,,1,7.00,0.00,,7.00,No
40384,08/05/2026 10:48 AM,Maribel,Coffee & Tea,Cappuccino,,1,4.75,0.00,,4.75,No
40384,08/05/2026 10:48 AM,Maribel,Coffee & Tea,Cold Brew,,1,4.50,0.00,,4.50,No
40384,08/05/2026 10:48 AM,Maribel,Lunch,Turkey Club,,1,13.50,0.00,,13.50,No
40384,08/05/2026 10:48 AM,Maribel,Modifiers,+ Add bacon,Turkey Club,1,2.50,0.00,,2.50,No
40385,08/05/2026 02:57 PM,Maribel,Lunch,Soup of the Day,,1,7.00,0.00,,7.00,No
40385,08/05/2026 02:57 PM,Maribel,Coffee & Tea,Cold Brew,,1,4.50,0.00,,4.50,No
40385,08/05/2026 02:57 PM,Maribel,Lunch,Greek Salad,,1,12.00,0.00,,12.00,No
40386,08/05/2026 12:57 PM,Ines,Breakfast,Oatmeal Bowl,,1,7.50,0.00,,7.50,No
40386,08/05/2026 12:57 PM,Ines,Lunch,Greek Salad,,1,12.00,0.00,,12.00,No
40387,08/05/2026 09:43 AM,Ines,Coffee & Tea,Chai Tea,,1,4.75,0.00,,4.75,No
40388,08/05/2026 10:28 AM,Maribel,Lunch,Soup of the Day,,1,7.00,0.00,,7.00,No
40389,08/05/2026 11:37 AM,Rashid,Coffee & Tea,Latte,,1,5.25,0.00,,5.25,No
40389,08/05/2026 11:37 AM,Rashid,Modifiers,+ Extra shot,Latte,1,1.00,0.00,,1.00,No
40390,08/05/2026 11:27 AM,Maribel,Lunch,Greek Salad,,1,12.00,0.00,,12.00,No
40390,08/05/2026 11:27 AM,Maribel,Modifiers,+ Add avocado,Greek Salad,1,2.00,0.00,,2.00,No
40390,08/05/2026 11:27 AM,Maribel,Coffee & Tea,Latte,,1,5.25,0.00,,5.25,No
40390,08/05/2026 11:27 AM,Maribel,Modifiers,+ Vanilla syrup,Latte,1,0.60,0.00,,0.60,No
40390,08/05/2026 11:27 AM,Maribel,Breakfast,Breakfast Sandwich,,1,9.50,0.00,,9.50,No
40390,08/05/2026 11:27 AM,Maribel,Modifiers,+ Add egg,Breakfast Sandwich,1,1.50,0.00,,1.50,No
40391,08/05/2026 09:58 AM,Kai,Bakery,Blueberry Muffin,,1,3.50,0.00,,3.50,No
40391,08/05/2026 09:58 AM,Kai,Bakery,Blueberry Muffin,,1,3.50,3.50,Comp - manager,0.00,No
40392,08/05/2026 12:56 PM,Theo,Coffee & Tea,Drip Coffee,,1,3.00,0.00,,3.00,No
40393,08/05/2026 02:18 PM,Kai,Lunch,Turkey Club,,1,13.50,0.00,,13.50,No
40393,08/05/2026 02:18 PM,Kai,Coffee & Tea,Cold Brew,,1,4.50,0.00,,4.50,No
40394,08/05/2026 11:41 AM,Maribel,Coffee & Tea,Drip Coffee,,1,3.00,0.00,,3.00,No
40395,08/05/2026 12:15 PM,Ines,Coffee & Tea,Drip Coffee,,1,3.00,0.00,,3.00,No
40395,08/05/2026 12:15 PM,Ines,Coffee & Tea,Chai Tea,,1,4.75,0.00,,4.75,No
40395,08/05/2026 12:15 PM,Ines,Lunch,Turkey Club,,1,13.50,0.00,,13.50,No
40395,08/05/2026 12:15 PM,Ines,Modifiers,+ Gluten-free bread,Turkey Club,1,1.50,0.00,,1.50,No
40396,08/05/2026 12:52 PM,Rashid,Bakery,Croissant,,1,3.75,0.00,,3.75,No
40397,08/05/2026 10:43 AM,Maribel,Coffee & Tea,Cappuccino,,1,4.75,0.00,,4.75,No
40397,08/05/2026 10:43 AM,Maribel,Modifiers,+ Oat milk,Cappuccino,1,0.75,0.00,,0.75,No
40398,08/05/2026 12:01 PM,Ines,Coffee & Tea,Drip Coffee,,1,3.00,0.00,,3.00,No
40398,08/05/2026 12:01 PM,Ines,Bakery,Chocolate Chip Cookie,,1,2.75,0.00,,2.75,No
40398,08/05/2026 12:01 PM,Ines,Coffee & Tea,Chai Tea,,1,4.75,0.00,,4.75,No
40399,08/05/2026 11:04 AM,Theo,Breakfast,Avocado Toast,,1,11.00,0.00,,11.00,No
40399,08/05/2026 11:04 AM,Theo,Coffee & Tea,Latte,,1,5.25,0.00,,5.25,No
40399,08/05/2026 11:04 AM,Theo,Modifiers,+ Oat milk,Latte,1,0.75,0.00,,0.75,No
40399,08/05/2026 11:04 AM,Theo,Coffee & Tea,Drip Coffee,,1,3.00,0.00,,3.00,No
40400,08/05/2026 10:39 AM,Rashid,Coffee & Tea,Drip Coffee,,1,3.00,0.00,,3.00,No
40400,08/05/2026 10:39 AM,Rashid,Coffee & Tea,Latte,,1,5.25,0.00,,5.25,No
40400,08/05/2026 10:39 AM,Rashid,Coffee & Tea,Drip Coffee,,1,3.00,0.00,,3.00,No
40401,08/05/2026 10:44 AM,Ines,Breakfast,Breakfast Sandwich,,1,9.50,0.00,,9.50,No
40401,08/05/2026 10:44 AM,Ines,Breakfast,Avocado Toast,,1,11.00,0.00,,11.00,No
40401,08/05/2026 10:44 AM,Ines,Modifiers,+ Gluten-free bread,Avocado Toast,1,1.50,0.00,,1.50,No
40402,08/05/2026 08:15 AM,Ines,Coffee & Tea,Latte,,1,5.25,0.00,,5.25,No
40402,08/05/2026 08:15 AM,Ines,Modifiers,+ Vanilla syrup,Latte,1,0.60,0.00,,0.60,No
40402,08/05/2026 08:15 AM,Ines,Bakery,Chocolate Chip Cookie,,1,2.75,0.00,,2.75,No
40403,08/05/2026 10:48 AM,Ines,Coffee & Tea,Cold Brew,,1,4.50,0.00,,0.00,Yes
40403,08/05/2026 10:48 AM,Ines,Modifiers,+ Oat milk,Cold Brew,1,0.75,0.00,,0.00,Yes
40403,08/05/2026 10:48 AM,Ines,Bakery,Croissant,,1,3.75,0.00,,3.75,No
40403,08/05/2026 10:48 AM,Ines,Breakfast,Oatmeal Bowl,,1,7.50,0.00,,7.50,No
40404,08/05/2026 07:11 AM,Rashid,Breakfast,Avocado Toast,,1,11.00,0.00,,11.00,No
40404,08/05/2026 07:11 AM,Rashid,Breakfast,Avocado Toast,,1,11.00,0.00,,11.00,No
40405,08/05/2026 07:28 AM,Rashid,Breakfast,Breakfast Sandwich,,1,9.50,0.00,,9.50,No
40405,08/05/2026 07:28 AM,Rashid,Breakfast,Breakfast Sandwich,,1,9.50,0.00,,9.50,No
40405,08/05/2026 07:28 AM,Rashid,Bakery,Croissant,,1,3.75,0.00,,3.75,No
40406,08/05/2026 07:29 AM,Kai,Coffee & Tea,Chai Tea,,1,4.75,0.00,,4.75,No
40406,08/05/2026 07:29 AM,Kai,Coffee & Tea,Latte,,1,5.25,0.00,,5.25,No
40407,08/05/2026 10:32 AM,Theo,Bakery,Chocolate Chip Cookie,,1,2.75,0.00,,2.75,No
40408,08/05/2026 07:30 AM,Theo,Coffee & Tea,Latte,,1,5.25,0.00,,5.25,No
40409,08/05/2026 01:14 PM,Rashid,Bakery,Chocolate Chip Cookie,,1,2.75,1.38,Staff meal 50%,1.37,No
40409,08/05/2026 01:14 PM,Rashid,Lunch,Turkey Club,,1,13.50,6.75,Staff meal 50%,6.75,No
40410,08/05/2026 08:07 AM,Maribel,Lunch,Turkey Club,,1,13.50,0.00,,13.50,No
40410,08/05/2026 08:07 AM,Maribel,Modifiers,+ Add bacon,Turkey Club,1,2.50,0.00,,2.50,No
40410,08/05/2026 08:07 AM,Maribel,Coffee & Tea,Latte,,1,5.25,0.00,,5.25,No
40411,08/05/2026 11:43 AM,Ines,Bakery,Chocolate Chip Cookie,,1,2.75,0.00,,2.75,No
40411,08/05/2026 11:43 AM,Ines,Coffee & Tea,Cappuccino,,1,4.75,0.00,,4.75,No
40411,08/05/2026 11:43 AM,Ines,Modifiers,+ Oat milk,Cappuccino,1,0.75,0.00,,0.75,No
40412,08/05/2026 12:04 PM,Ines,Coffee & Tea,Cappuccino,,1,4.75,0.00,,4.75,No
40413,08/05/2026 12:44 PM,Kai,Lunch,Greek Salad,,1,12.00,0.00,,12.00,No
40414,08/05/2026 10:28 AM,Ines,Lunch,Greek Salad,,1,12.00,6.00,Staff meal 50%,6.00,No
40415,08/05/2026 11:20 AM,Kai,Coffee & Tea,Drip Coffee,,1,3.00,0.00,,3.00,No
40415,08/05/2026 11:20 AM,Kai,Coffee & Tea,Drip Coffee,,1,3.00,0.00,,3.00,No
40415,08/05/2026 11:20 AM,Kai,Coffee & Tea,Drip Coffee,,1,3.00,0.00,,3.00,No
40416,08/05/2026 09:37 AM,Theo,Coffee & Tea,Cold Brew,,1,4.50,0.00,,4.50,No
40416,08/05/2026 09:37 AM,Theo,Breakfast,Breakfast Sandwich,,1,9.50,0.00,,9.50,No
40416,08/05/2026 09:37 AM,Theo,Modifiers,+ Add bacon,Breakfast Sandwich,1,2.50,0.00,,2.50,No
40416,08/05/2026 09:37 AM,Theo,Bakery,Chocolate Chip Cookie,,1,2.75,0.00,,2.75,No
40417,08/05/2026 01:05 PM,Theo,Bakery,Croissant,,1,3.75,0.00,,3.75,No
40417,08/05/2026 01:05 PM,Theo,Coffee & Tea,Latte,,1,5.25,0.00,,5.25,No
40417,08/05/2026 01:05 PM,Theo,Modifiers,+ Oat milk,Latte,1,0.75,0.00,,0.75,No
40417,08/05/2026 01:05 PM,Theo,Modifiers,+ Extra shot,Latte,1,1.00,0.00,,1.00,No
40418,08/05/2026 02:48 PM,Rashid,Coffee & Tea,Latte,,1,5.25,0.00,,5.25,No
40418,08/05/2026 02:48 PM,Rashid,Modifiers,+ Oat milk,Latte,1,0.75,0.00,,0.75,No
40419,08/05/2026 01:09 PM,Theo,Coffee & Tea,Cold Brew,,1,4.50,0.00,,4.50,No
40419,08/05/2026 01:09 PM,Theo,Modifiers,+ Oat milk,Cold Brew,1,0.75,0.00,,0.75,No
40419,08/05/2026 01:09 PM,Theo,Bakery,Croissant,,1,3.75,0.00,,3.75,No
40420,08/05/2026 08:25 AM,Ines,Coffee & Tea,Latte,,1,5.25,0.00,,5.25,No
40421,08/05/2026 09:27 AM,Kai,Coffee & Tea,Drip Coffee,,1,3.00,3.00,Comp - manager,0.00,No
40421,08/05/2026 09:27 AM,Kai,Coffee & Tea,Drip Coffee,,1,3.00,3.00,Comp - manager,0.00,No
40422,08/05/2026 10:51 AM,Theo,Coffee & Tea,Latte,,1,5.25,0.00,,5.25,No
40423,08/06/2026 10:45 AM,Kai,Bakery,Croissant,,1,3.75,0.00,,0.00,Yes
40424,08/06/2026 08:10 AM,Kai,Coffee & Tea,Drip Coffee,,1,3.00,1.50,Staff meal 50%,1.50,No
40424,08/06/2026 08:10 AM,Kai,Coffee & Tea,Drip Coffee,,1,3.00,1.50,Staff meal 50%,1.50,No
40424,08/06/2026 08:10 AM,Kai,Breakfast,Breakfast Sandwich,,1,9.50,4.75,Staff meal 50%,4.75,No
40425,08/06/2026 11:05 AM,Rashid,Breakfast,Breakfast Sandwich,,1,9.50,0.00,,9.50,No
40425,08/06/2026 11:05 AM,Rashid,Modifiers,+ Add bacon,Breakfast Sandwich,1,2.50,0.00,,2.50,No
40425,08/06/2026 11:05 AM,Rashid,Modifiers,+ Add avocado,Breakfast Sandwich,1,2.00,0.00,,2.00,No
40426,08/06/2026 10:29 AM,Rashid,Lunch,Greek Salad,,1,12.00,0.00,,12.00,No
40427,08/06/2026 12:03 PM,Kai,Bakery,Chocolate Chip Cookie,,1,2.75,0.00,,2.75,No
40427,08/06/2026 12:03 PM,Kai,Breakfast,Avocado Toast,,1,11.00,0.00,,11.00,No
40428,08/06/2026 07:45 AM,Maribel,Bakery,Blueberry Muffin,,1,3.50,0.00,,3.50,No
40428,08/06/2026 07:45 AM,Maribel,Bakery,Croissant,,1,3.75,0.00,,3.75,No
40429,08/06/2026 11:03 AM,Maribel,Bakery,Croissant,,1,3.75,0.00,,3.75,No
40429,08/06/2026 11:03 AM,Maribel,Lunch,Turkey Club,,1,13.50,0.00,,13.50,No
40429,08/06/2026 11:03 AM,Maribel,Modifiers,+ Add bacon,Turkey Club,1,2.50,0.00,,2.50,No
40430,08/06/2026 10:08 AM,Ines,Coffee & Tea,Latte,,1,5.25,0.00,,5.25,No
40430,08/06/2026 10:08 AM,Ines,Bakery,Croissant,,1,3.75,0.00,,3.75,No
40431,08/06/2026 12:22 PM,Theo,Breakfast,Breakfast Sandwich,,1,9.50,0.00,,9.50,No
40431,08/06/2026 12:22 PM,Theo,Modifiers,+ Add bacon,Breakfast Sandwich,1,2.50,0.00,,2.50,No
40431,08/06/2026 12:22 PM,Theo,Coffee & Tea,Latte,,1,5.25,0.00,,5.25,No
40431,08/06/2026 12:22 PM,Theo,Modifiers,+ Extra shot,Latte,1,1.00,0.00,,1.00,No
40431,08/06/2026 12:22 PM,Theo,Breakfast,Breakfast Sandwich,,1,9.50,0.00,,9.50,No
40432,08/06/2026 10:46 AM,Maribel,Coffee & Tea,Latte,,1,5.25,0.00,,5.25,No
40432,08/06/2026 10:46 AM,Maribel,Modifiers,+ Oat milk,Latte,1,0.75,0.00,,0.75,No
40432,08/06/2026 10:46 AM,Maribel,Coffee & Tea,Latte,,1,5.25,0.00,,5.25,No
40432,08/06/2026 10:46 AM,Maribel,Coffee & Tea,Chai Tea,,1,4.75,0.00,,4.75,No
40433,08/06/2026 12:39 PM,Kai,Coffee & Tea,Drip Coffee,,1,3.00,0.00,,3.00,No
40434,08/06/2026 08:30 AM,Rashid,Coffee & Tea,Drip Coffee,,1,3.00,0.00,,3.00,No
40434,08/06/2026 08:30 AM,Rashid,Bakery,Chocolate Chip Cookie,,1,2.75,0.00,,2.75,No
40435,08/06/2026 01:04 PM,Kai,Coffee & Tea,Latte,,1,5.25,2.62,Staff meal 50%,2.63,No
40435,08/06/2026 01:04 PM,Kai,Modifiers,+ Oat milk,Latte,1,0.75,0.38,Staff meal 50%,0.37,No
40435,08/06/2026 01:04 PM,Kai,Bakery,Croissant,,1,3.75,1.88,Staff meal 50%,1.87,No
40436,08/06/2026 10:36 AM,Maribel,Bakery,Chocolate Chip Cookie,,1,2.75,0.00,,2.75,No
40436,08/06/2026 10:36 AM,Maribel,Breakfast,Avocado Toast,,1,11.00,0.00,,11.00,No
40436,08/06/2026 10:36 AM,Maribel,Coffee & Tea,Cold Brew,,1,4.50,0.00,,4.50,No
40437,08/06/2026 08:22 AM,Ines,Lunch,Soup of the Day,,1,7.00,0.00,,7.00,No
40437,08/06/2026 08:22 AM,Ines,Coffee & Tea,Chai Tea,,1,4.75,0.00,,4.75,No
40437,08/06/2026 08:22 AM,Ines,Bakery,Blueberry Muffin,,1,3.50,0.00,,3.50,No
40438,08/06/2026 10:12 AM,Theo,Coffee & Tea,Latte,,1,5.25,0.00,,5.25,No
40438,08/06/2026 10:12 AM,Theo,Modifiers,+ Oat milk,Latte,1,0.75,0.00,,0.75,No
40438,08/06/2026 10:12 AM,Theo,Bakery,Chocolate Chip Cookie,,1,2.75,0.00,,2.75,No
40438,08/06/2026 10:12 AM,Theo,Coffee & Tea,Drip Coffee,,1,3.00,0.00,,3.00,No
40439,08/06/2026 08:17 AM,Kai,Breakfast,Breakfast Sandwich,,1,9.50,0.00,,9.50,No
40439,08/06/2026 08:17 AM,Kai,Modifiers,+ Add bacon,Breakfast Sandwich,1,2.50,0.00,,2.50,No
40440,08/06/2026 02:35 PM,Maribel,Bakery,Blueberry Muffin,,1,3.50,0.00,,3.50,No
40440,08/06/2026 02:35 PM,Maribel,Coffee & Tea,Cold Brew,,1,4.50,0.00,,4.50,No
40441,08/06/2026 10:38 AM,Ines,Breakfast,Avocado Toast,,1,11.00,0.00,,11.00,No
40441,08/06/2026 10:38 AM,Ines,Coffee & Tea,Cold Brew,,1,4.50,0.00,,4.50,No
40442,08/06/2026 08:30 AM,Maribel,Breakfast,Breakfast Sandwich,,1,9.50,0.00,,9.50,No
40443,08/06/2026 08:22 AM,Maribel,Breakfast,Oatmeal Bowl,,1,7.50,0.00,,7.50,No
40444,08/06/2026 01:39 PM,Kai,Coffee & Tea,Latte,,1,5.25,0.00,,5.25,No
40445,08/06/2026 02:53 PM,Ines,Coffee & Tea,Drip Coffee,,1,3.00,0.00,,3.00,No
40445,08/06/2026 02:53 PM,Ines,Lunch,Soup of the Day,,1,7.00,0.00,,7.00,No
40445,08/06/2026 02:53 PM,Ines,Coffee & Tea,Drip Coffee,,1,3.00,0.00,,3.00,No
40446,08/06/2026 10:55 AM,Ines,Breakfast,Avocado Toast,,1,11.00,0.00,,11.00,No
40446,08/06/2026 10:55 AM,Ines,Modifiers,+ Gluten-free bread,Avocado Toast,1,1.50,0.00,,1.50,No
40446,08/06/2026 10:55 AM,Ines,Lunch,Soup of the Day,,1,7.00,0.00,,7.00,No
40447,08/06/2026 12:22 PM,Ines,Lunch,Turkey Club,,1,13.50,0.00,,13.50,No
40448,08/06/2026 01:42 PM,Ines,Breakfast,Avocado Toast,,1,11.00,0.00,,11.00,No
40448,08/06/2026 01:42 PM,Ines,Modifiers,+ Gluten-free bread,Avocado Toast,1,1.50,0.00,,1.50,No
40449,08/06/2026 10:27 AM,Kai,Coffee & Tea,Drip Coffee,,1,3.00,0.00,,3.00,No
40450,08/06/2026 10:29 AM,Theo,Bakery,Blueberry Muffin,,1,3.50,0.00,,3.50,No
40451,08/06/2026 12:13 PM,Ines,Breakfast,Breakfast Sandwich,,1,9.50,0.00,,9.50,No
40451,08/06/2026 12:13 PM,Ines,Modifiers,+ Add avocado,Breakfast Sandwich,1,2.00,0.00,,2.00,No
40451,08/06/2026 12:13 PM,Ines,Bakery,Blueberry Muffin,,1,3.50,0.00,,3.50,No
40451,08/06/2026 12:13 PM,Ines,Bakery,Blueberry Muffin,,1,3.50,0.00,,3.50,No
40452,08/06/2026 11:55 AM,Rashid,Bakery,Blueberry Muffin,,1,3.50,0.00,,3.50,No
40452,08/06/2026 11:55 AM,Rashid,Breakfast,Avocado Toast,,1,11.00,0.00,,11.00,No
40452,08/06/2026 11:55 AM,Rashid,Modifiers,+ Add egg,Avocado Toast,1,1.50,0.00,,1.50,No
40452,08/06/2026 11:55 AM,Rashid,Coffee & Tea,Cappuccino,,1,4.75,0.00,,4.75,No
40452,08/06/2026 11:55 AM,Rashid,Modifiers,+ Extra shot,Cappuccino,1,1.00,0.00,,1.00,No
40453,08/06/2026 07:04 AM,Kai,Breakfast,Breakfast Sandwich,,1,9.50,0.00,,9.50,No
40453,08/06/2026 07:04 AM,Kai,Modifiers,+ Add bacon,Breakfast Sandwich,1,2.50,0.00,,2.50,No
40453,08/06/2026 07:04 AM,Kai,Modifiers,+ Add avocado,Breakfast Sandwich,1,2.00,0.00,,2.00,No
40454,08/06/2026 02:57 PM,Kai,Coffee & Tea,Drip Coffee,,1,3.00,0.00,,3.00,No
40455,08/06/2026 07:58 AM,Kai,Breakfast,Oatmeal Bowl,,1,7.50,0.00,,7.50,No
40455,08/06/2026 07:58 AM,Kai,Breakfast,Breakfast Sandwich,,1,9.50,0.00,,9.50,No
40455,08/06/2026 07:58 AM,Kai,Lunch,Greek Salad,,1,12.00,0.00,,12.00,No
40455,08/06/2026 07:58 AM,Kai,Modifiers,+ No onions,Greek Salad,1,0.00,0.00,,0.00,No
40456,08/06/2026 12:22 PM,Kai,Coffee & Tea,Drip Coffee,,1,3.00,0.00,,3.00,No
40456,08/06/2026 12:22 PM,Kai,Coffee & Tea,Drip Coffee,,1,3.00,0.00,,3.00,No
40457,08/06/2026 02:57 PM,Rashid,Coffee & Tea,Cold Brew,,1,4.50,0.00,,4.50,No
40457,08/06/2026 02:57 PM,Rashid,Coffee & Tea,Drip Coffee,,1,3.00,0.00,,3.00,No
40458,08/06/2026 07:12 AM,Theo,Bakery,Croissant,,1,3.75,0.00,,3.75,No
40458,08/06/2026 07:12 AM,Theo,Coffee & Tea,Latte,,1,5.25,0.00,,5.25,No
40459,08/06/2026 07:03 AM,Maribel,Coffee & Tea,Cold Brew,,1,4.50,0.00,,4.50,No
40460,08/06/2026 11:30 AM,Theo,Coffee & Tea,Latte,,1,5.25,0.00,,5.25,No
40460,08/06/2026 11:30 AM,Theo,Modifiers,+ Oat milk,Latte,1,0.75,0.00,,0.75,No
40460,08/06/2026 11:30 AM,Theo,Modifiers,+ Extra shot,Latte,1,1.00,0.00,,1.00,No
40461,08/07/2026 08:11 AM,Ines,Coffee & Tea,Drip Coffee,,1,3.00,0.00,,3.00,No
40461,08/07/2026 08:11 AM,Ines,Coffee & Tea,Drip Coffee,,1,3.00,0.00,,3.00,No
40462,08/07/2026 01:48 PM,Maribel,Coffee & Tea,Cold Brew,,1,4.50,0.00,,4.50,No
40462,08/07/2026 01:48 PM,Maribel,Modifiers,+ Oat milk,Cold Brew,1,0.75,0.00,,0.75,No
40462,08/07/2026 01:48 PM,Maribel,Breakfast,Breakfast Sandwich,,1,9.50,0.00,,9.50,No
40462,08/07/2026 01:48 PM,Maribel,Modifiers,+ Add bacon,Breakfast Sandwich,1,2.50,0.00,,2.50,No
40463,08/07/2026 08:29 AM,Maribel,Coffee & Tea,Chai Tea,,1,4.75,0.00,,4.75,No
40464,08/07/2026 01:25 PM,Maribel,Coffee & Tea,Cold Brew,,1,4.50,4.50,Comp - manager,0.00,No
40464,08/07/2026 01:25 PM,Maribel,Coffee & Tea,Cold Brew,,1,4.50,4.50,Comp - manager,0.00,No
40465,08/07/2026 10:26 AM,Rashid,Bakery,Blueberry Muffin,,1,3.50,0.00,,3.50,No
40466,08/07/2026 12:13 PM,Ines,Coffee & Tea,Drip Coffee,,1,3.00,0.00,,3.00,No
40467,08/07/2026 12:18 PM,Maribel,Coffee & Tea,Chai Tea,,1,4.75,0.00,,4.75,No
40467,08/07/2026 12:18 PM,Maribel,Coffee & Tea,Latte,,1,5.25,0.00,,5.25,No
40468,08/07/2026 10:29 AM,Maribel,Breakfast,Oatmeal Bowl,,1,7.50,0.00,,7.50,No
40469,08/07/2026 02:20 PM,Theo,Coffee & Tea,Cappuccino,,1,4.75,0.00,,4.75,No
40469,08/07/2026 02:20 PM,Theo,Coffee & Tea,Cappuccino,,1,4.75,0.00,,4.75,No
40469,08/07/2026 02:20 PM,Theo,Coffee & Tea,Cappuccino,,1,4.75,0.00,,4.75,No
40469,08/07/2026 02:20 PM,Theo,Modifiers,+ Oat milk,Cappuccino,1,0.75,0.00,,0.75,No
40470,08/07/2026 12:44 PM,Ines,Lunch,Soup of the Day,,1,7.00,0.00,,7.00,No
40470,08/07/2026 12:44 PM,Ines,Coffee & Tea,Drip Coffee,,1,3.00,0.00,,3.00,No
40471,08/07/2026 07:26 AM,Rashid,Bakery,Chocolate Chip Cookie,,1,2.75,0.00,,2.75,No
40472,08/07/2026 02:51 PM,Kai,Coffee & Tea,Chai Tea,,1,4.75,0.00,,4.75,No
40472,08/07/2026 02:51 PM,Kai,Coffee & Tea,Drip Coffee,,1,3.00,0.00,,3.00,No
40472,08/07/2026 02:51 PM,Kai,Coffee & Tea,Latte,,1,5.25,0.00,,5.25,No
40473,08/07/2026 01:45 PM,Ines,Breakfast,Breakfast Sandwich,,1,9.50,0.00,,9.50,No
40473,08/07/2026 01:45 PM,Ines,Modifiers,+ Add egg,Breakfast Sandwich,1,1.50,0.00,,1.50,No
40474,08/07/2026 02:45 PM,Kai,Breakfast,Avocado Toast,,1,11.00,0.00,,11.00,No
40474,08/07/2026 02:45 PM,Kai,Breakfast,Oatmeal Bowl,,1,7.50,0.00,,7.50,No
40474,08/07/2026 02:45 PM,Kai,Bakery,Chocolate Chip Cookie,,1,2.75,0.00,,2.75,No
40475,08/07/2026 11:08 AM,Kai,Coffee & Tea,Latte,,1,5.25,0.00,,5.25,No
40475,08/07/2026 11:08 AM,Kai,Modifiers,+ Oat milk,Latte,1,0.75,0.00,,0.75,No
40475,08/07/2026 11:08 AM,Kai,Modifiers,+ Extra shot,Latte,1,1.00,0.00,,1.00,No
40475,08/07/2026 11:08 AM,Kai,Lunch,Soup of the Day,,1,7.00,0.00,,7.00,No
40476,08/07/2026 09:32 AM,Kai,Coffee & Tea,Latte,,1,5.25,0.00,,5.25,No
40476,08/07/2026 09:32 AM,Kai,Modifiers,+ Oat milk,Latte,1,0.75,0.00,,0.75,No
40476,08/07/2026 09:32 AM,Kai,Modifiers,+ Vanilla syrup,Latte,1,0.60,0.00,,0.60,No
40476,08/07/2026 09:32 AM,Kai,Coffee & Tea,Cold Brew,,1,4.50,0.00,,4.50,No
40476,08/07/2026 09:32 AM,Kai,Modifiers,+ Vanilla syrup,Cold Brew,1,0.60,0.00,,0.60,No
40476,08/07/2026 09:32 AM,Kai,Lunch,Greek Salad,,1,12.00,0.00,,12.00,No
40477,08/07/2026 08:52 AM,Ines,Coffee & Tea,Chai Tea,,1,4.75,0.00,,4.75,No
40477,08/07/2026 08:52 AM,Ines,Bakery,Croissant,,1,3.75,0.00,,3.75,No
40477,08/07/2026 08:52 AM,Ines,Coffee & Tea,Cold Brew,,1,4.50,0.00,,4.50,No
40477,08/07/2026 08:52 AM,Ines,Modifiers,+ Oat milk,Cold Brew,1,0.75,0.00,,0.75,No
40478,08/07/2026 11:38 AM,Theo,Breakfast,Breakfast Sandwich,,1,9.50,0.00,,9.50,No
40479,08/07/2026 01:04 PM,Maribel,Lunch,Soup of the Day,,1,7.00,0.00,,7.00,No
40479,08/07/2026 01:04 PM,Maribel,Bakery,Croissant,,1,3.75,0.00,,3.75,No
40479,08/07/2026 01:04 PM,Maribel,Coffee & Tea,Latte,,1,5.25,0.00,,5.25,No
40479,08/07/2026 01:04 PM,Maribel,Modifiers,+ Oat milk,Latte,1,0.75,0.00,,0.75,No
40480,08/07/2026 10:18 AM,Theo,Coffee & Tea,Drip Coffee,,1,3.00,0.00,,3.00,No
40480,08/07/2026 10:18 AM,Theo,Breakfast,Breakfast Sandwich,,1,9.50,0.00,,9.50,No
40481,08/07/2026 08:41 AM,Theo,Breakfast,Breakfast Sandwich,,1,9.50,0.00,,9.50,No
40481,08/07/2026 08:41 AM,Theo,Modifiers,+ Add bacon,Breakfast Sandwich,1,2.50,0.00,,2.50,No
40481,08/07/2026 08:41 AM,Theo,Modifiers,+ Add egg,Breakfast Sandwich,1,1.50,0.00,,1.50,No
40481,08/07/2026 08:41 AM,Theo,Lunch,Greek Salad,,1,12.00,0.00,,12.00,No
40481,08/07/2026 08:41 AM,Theo,Modifiers,+ Add avocado,Greek Salad,1,2.00,0.00,,2.00,No
40482,08/07/2026 07:02 AM,Rashid,Coffee & Tea,Chai Tea,,1,4.75,0.00,,4.75,No
40482,08/07/2026 07:02 AM,Rashid,Breakfast,Breakfast Sandwich,,1,9.50,0.00,,9.50,No
40482,08/07/2026 07:02 AM,Rashid,Modifiers,+ Add avocado,Breakfast Sandwich,1,2.00,0.00,,2.00,No
40483,08/07/2026 01:12 PM,Maribel,Coffee & Tea,Chai Tea,,1,4.75,0.00,,4.75,No
40483,08/07/2026 01:12 PM,Maribel,Coffee & Tea,Cold Brew,,1,4.50,0.00,,4.50,No
40483,08/07/2026 01:12 PM,Maribel,Breakfast,Breakfast Sandwich,,1,9.50,0.00,,9.50,No
40484,08/07/2026 10:45 AM,Maribel,Bakery,Chocolate Chip Cookie,,1,2.75,0.00,,2.75,No
40484,08/07/2026 10:45 AM,Maribel,Coffee & Tea,Latte,,1,5.25,0.00,,5.25,No
40484,08/07/2026 10:45 AM,Maribel,Modifiers,+ Extra shot,Latte,1,1.00,0.00,,1.00,No
40484,08/07/2026 10:45 AM,Maribel,Bakery,Croissant,,1,3.75,0.00,,3.75,No
40485,08/07/2026 12:36 PM,Maribel,Coffee & Tea,Chai Tea,,1,4.75,0.00,,4.75,No
40485,08/07/2026 12:36 PM,Maribel,Bakery,Blueberry Muffin,,1,3.50,0.00,,3.50,No
40485,08/07/2026 12:36 PM,Maribel,Coffee & Tea,Chai Tea,,1,4.75,0.00,,4.75,No
40486,08/07/2026 11:10 AM,Maribel,Coffee & Tea,Latte,,1,5.25,0.00,,5.25,No
40486,08/07/2026 11:10 AM,Maribel,Modifiers,+ Oat milk,Latte,1,0.75,0.00,,0.75,No
40487,08/07/2026 11:40 AM,Theo,Bakery,Blueberry Muffin,,1,3.50,0.00,,3.50,No
40487,08/07/2026 11:40 AM,Theo,Coffee & Tea,Cappuccino,,1,4.75,0.00,,4.75,No
40487,08/07/2026 11:40 AM,Theo,Lunch,Turkey Club,,1,13.50,0.00,,13.50,No
40488,08/07/2026 10:39 AM,Theo,Coffee & Tea,Cold Brew,,1,4.50,0.00,,4.50,No
40488,08/07/2026 10:39 AM,Theo,Modifiers,+ Vanilla syrup,Cold Brew,1,0.60,0.00,,0.60,No
40488,08/07/2026 10:39 AM,Theo,Coffee & Tea,Cold Brew,,1,4.50,0.00,,4.50,No
40489,08/07/2026 10:00 AM,Maribel,Coffee & Tea,Cappuccino,,1,4.75,0.00,,4.75,No
40489,08/07/2026 10:00 AM,Maribel,Coffee & Tea,Drip Coffee,,1,3.00,0.00,,3.00,No
40489,08/07/2026 10:00 AM,Maribel,Coffee & Tea,Latte,,1,5.25,0.00,,5.25,No
40489,08/07/2026 10:00 AM,Maribel,Modifiers,+ Oat milk,Latte,1,0.75,0.00,,0.75,No
40490,08/07/2026 09:38 AM,Theo,Coffee & Tea,Cappuccino,,1,4.75,0.00,,4.75,No
40490,08/07/2026 09:38 AM,Theo,Bakery,Chocolate Chip Cookie,,1,2.75,0.00,,2.75,No
40491,08/07/2026 11:13 AM,Ines,Bakery,Blueberry Muffin,,1,3.50,0.00,,3.50,No
40492,08/07/2026 09:01 AM,Rashid,Bakery,Chocolate Chip Cookie,,1,2.75,0.00,,2.75,No
40493,08/07/2026 02:09 PM,Theo,Coffee & Tea,Chai Tea,,1,4.75,2.38,Staff meal 50%,2.37,No
40494,08/07/2026 08:13 AM,Theo,Breakfast,Breakfast Sandwich,,1,9.50,0.00,,9.50,No
40494,08/07/2026 08:13 AM,Theo,Modifiers,+ Add avocado,Breakfast Sandwich,1,2.00,0.00,,2.00,No
40495,08/07/2026 10:29 AM,Maribel,Coffee & Tea,Latte,,1,5.25,0.00,,5.25,No
40496,08/07/2026 02:09 PM,Rashid,Coffee & Tea,Cappuccino,,1,4.75,0.00,,4.75,No
40496,08/07/2026 02:09 PM,Rashid,Modifiers,+ Oat milk,Cappuccino,1,0.75,0.00,,0.75,No
40496,08/07/2026 02:09 PM,Rashid,Modifiers,+ Extra shot,Cappuccino,1,1.00,0.00,,1.00,No
40497,08/07/2026 09:41 AM,Kai,Breakfast,Breakfast Sandwich,,1,9.50,0.00,,9.50,No
40497,08/07/2026 09:41 AM,Kai,Coffee & Tea,Latte,,1,5.25,0.00,,5.25,No
40498,08/07/2026 10:24 AM,Ines,Coffee & Tea,Cold Brew,,1,4.50,0.00,,4.50,No
40498,08/07/2026 10:24 AM,Ines,Coffee & Tea,Drip Coffee,,1,3.00,0.00,,3.00,No
40499,08/07/2026 10:27 AM,Theo,Lunch,Soup of the Day,,1,7.00,0.00,,7.00,No
40500,08/07/2026 07:20 AM,Kai,Breakfast,Breakfast Sandwich,,1,9.50,0.00,,9.50,No
40500,08/07/2026 07:20 AM,Kai,Bakery,Chocolate Chip Cookie,,1,2.75,0.00,,2.75,No
40500,08/07/2026 07:20 AM,Kai,Bakery,Blueberry Muffin,,1,3.50,3.50,Comp - manager,0.00,No
40501,08/07/2026 01:24 PM,Ines,Coffee & Tea,Drip Coffee,,1,3.00,0.00,,3.00,No
40501,08/07/2026 01:24 PM,Ines,Lunch,Soup of the Day,,1,7.00,0.00,,7.00,No
40502,08/07/2026 11:50 AM,Theo,Lunch,Turkey Club,,1,13.50,6.75,Staff meal 50%,6.75,No
40502,08/07/2026 11:50 AM,Theo,Bakery,Chocolate Chip Cookie,,1,2.75,1.38,Staff meal 50%,1.37,No
40503,08/07/2026 11:45 AM,Rashid,Breakfast,Avocado Toast,,1,11.00,0.00,,11.00,No
40503,08/07/2026 11:45 AM,Rashid,Modifiers,+ Add egg,Avocado Toast,1,1.50,0.00,,1.50,No
40504,08/07/2026 12:52 PM,Kai,Bakery,Chocolate Chip Cookie,,1,2.75,0.00,,2.75,No
40504,08/07/2026 12:52 PM,Kai,Lunch,Turkey Club,,1,13.50,13.50,Comp - manager,0.00,No
40505,08/07/2026 10:23 AM,Theo,Lunch,Greek Salad,,1,12.00,0.00,,12.00,No
40505,08/07/2026 10:23 AM,Theo,Coffee & Tea,Cappuccino,,1,4.75,0.00,,4.75,No
40505,08/07/2026 10:23 AM,Theo,Modifiers,+ Oat milk,Cappuccino,1,0.75,0.00,,0.75,No
40505,08/07/2026 10:23 AM,Theo,Modifiers,+ Extra shot,Cappuccino,1,1.00,0.00,,1.00,No
40506,08/07/2026 12:04 PM,Ines,Coffee & Tea,Drip Coffee,,1,3.00,1.50,Staff meal 50%,1.50,No
40507,08/08/2026 10:18 AM,Maribel,Coffee & Tea,Latte,,1,5.25,0.00,,5.25,No
40507,08/08/2026 10:18 AM,Maribel,Coffee & Tea,Drip Coffee,,1,3.00,0.00,,3.00,No
40508,08/08/2026 08:44 AM,Theo,Coffee & Tea,Chai Tea,,1,4.75,0.00,,4.75,No
40509,08/08/2026 08:32 AM,Rashid,Breakfast,Avocado Toast,,1,11.00,0.00,,11.00,No
40509,08/08/2026 08:32 AM,Rashid,Modifiers,+ Add egg,Avocado Toast,1,1.50,0.00,,1.50,No
40509,08/08/2026 08:32 AM,Rashid,Coffee & Tea,Latte,,1,5.25,0.00,,5.25,No
40510,08/08/2026 07:36 AM,Maribel,Coffee & Tea,Cold Brew,,1,4.50,0.00,,4.50,No
40510,08/08/2026 07:36 AM,Maribel,Modifiers,+ Oat milk,Cold Brew,1,0.75,0.00,,0.75,No
40510,08/08/2026 07:36 AM,Maribel,Lunch,Turkey Club,,1,13.50,0.00,,13.50,No
40511,08/08/2026 11:56 AM,Theo,Breakfast,Oatmeal Bowl,,1,7.50,0.00,,7.50,No
40511,08/08/2026 11:56 AM,Theo,Breakfast,Oatmeal Bowl,,1,7.50,0.00,,7.50,No
40512,08/08/2026 02:56 PM,Ines,Breakfast,Breakfast Sandwich,,1,9.50,0.00,,9.50,No
40512,08/08/2026 02:56 PM,Ines,Modifiers,+ Add egg,Breakfast Sandwich,1,1.50,0.00,,1.50,No
40512,08/08/2026 02:56 PM,Ines,Breakfast,Breakfast Sandwich,,1,9.50,0.00,,9.50,No
40513,08/08/2026 08:34 AM,Kai,Coffee & Tea,Latte,,1,5.25,0.00,,5.25,No
40513,08/08/2026 08:34 AM,Kai,Coffee & Tea,Drip Coffee,,1,3.00,0.00,,3.00,No
40514,08/08/2026 07:29 AM,Maribel,Coffee & Tea,Latte,,1,5.25,0.00,,5.25,No
40514,08/08/2026 07:29 AM,Maribel,Modifiers,+ Extra shot,Latte,1,1.00,0.00,,1.00,No
40515,08/08/2026 10:31 AM,Theo,Bakery,Croissant,,1,3.75,0.00,,3.75,No
40516,08/08/2026 09:41 AM,Theo,Coffee & Tea,Cappuccino,,1,4.75,0.00,,4.75,No
40516,08/08/2026 09:41 AM,Theo,Modifiers,+ Oat milk,Cappuccino,1,0.75,0.00,,0.75,No
40516,08/08/2026 09:41 AM,Theo,Breakfast,Oatmeal Bowl,,1,7.50,0.00,,7.50,No
40517,08/08/2026 08:46 AM,Kai,Bakery,Chocolate Chip Cookie,,1,2.75,0.00,,2.75,No
40518,08/08/2026 09:31 AM,Theo,Breakfast,Avocado Toast,,1,11.00,0.00,,11.00,No
40518,08/08/2026 09:31 AM,Theo,Coffee & Tea,Drip Coffee,,1,3.00,0.00,,3.00,No
40518,08/08/2026 09:31 AM,Theo,Coffee & Tea,Chai Tea,,1,4.75,0.00,,4.75,No
40519,08/08/2026 10:32 AM,Maribel,Coffee & Tea,Cold Brew,,1,4.50,0.00,,4.50,No
40519,08/08/2026 10:32 AM,Maribel,Modifiers,+ Oat milk,Cold Brew,1,0.75,0.00,,0.75,No
40519,08/08/2026 10:32 AM,Maribel,Coffee & Tea,Cappuccino,,1,4.75,0.00,,4.75,No
40520,08/08/2026 12:03 PM,Kai,Coffee & Tea,Chai Tea,,1,4.75,0.00,,4.75,No
40521,08/08/2026 01:29 PM,Ines,Bakery,Blueberry Muffin,,1,3.50,0.00,,3.50,No
40522,08/08/2026 01:37 PM,Maribel,Breakfast,Oatmeal Bowl,,1,7.50,0.00,,7.50,No
40522,08/08/2026 01:37 PM,Maribel,Coffee & Tea,Drip Coffee,,1,3.00,0.00,,3.00,No
40523,08/08/2026 12:45 PM,Rashid,Lunch,Soup of the Day,,1,7.00,0.00,,7.00,No
40524,08/08/2026 11:55 AM,Ines,Coffee & Tea,Chai Tea,,1,4.75,0.00,,4.75,No
40524,08/08/2026 11:55 AM,Ines,Coffee & Tea,Drip Coffee,,1,3.00,0.00,,3.00,No
40524,08/08/2026 11:55 AM,Ines,Lunch,Turkey Club,,1,13.50,0.00,,13.50,No
40525,08/08/2026 09:43 AM,Maribel,Coffee & Tea,Chai Tea,,1,4.75,0.00,,4.75,No
40526,08/08/2026 08:55 AM,Maribel,Lunch,Soup of the Day,,1,7.00,0.00,,7.00,No
40526,08/08/2026 08:55 AM,Maribel,Coffee & Tea,Cappuccino,,1,4.75,0.00,,0.00,Yes
40526,08/08/2026 08:55 AM,Maribel,Modifiers,+ Extra shot,Cappuccino,1,1.00,0.00,,0.00,Yes
40526,08/08/2026 08:55 AM,Maribel,Coffee & Tea,Chai Tea,,1,4.75,0.00,,4.75,No
40527,08/08/2026 10:34 AM,Rashid,Coffee & Tea,Drip Coffee,,1,3.00,0.00,,3.00,No
40528,08/08/2026 01:57 PM,Ines,Coffee & Tea,Cappuccino,,1,4.75,0.00,,4.75,No
40528,08/08/2026 01:57 PM,Ines,Breakfast,Avocado Toast,,1,11.00,0.00,,11.00,No
40529,08/08/2026 11:21 AM,Theo,Coffee & Tea,Drip Coffee,,1,3.00,0.00,,3.00,No
40530,08/08/2026 02:06 PM,Ines,Coffee & Tea,Drip Coffee,,1,3.00,0.00,,3.00,No
40530,08/08/2026 02:06 PM,Ines,Coffee & Tea,Chai Tea,,1,4.75,0.00,,4.75,No
40531,08/08/2026 07:12 AM,Rashid,Coffee & Tea,Drip Coffee,,1,3.00,0.00,,3.00,No
40532,08/08/2026 10:16 AM,Kai,Coffee & Tea,Drip Coffee,,1,3.00,0.00,,3.00,No
40532,08/08/2026 10:16 AM,Kai,Coffee & Tea,Cappuccino,,1,4.75,0.00,,4.75,No
40532,08/08/2026 10:16 AM,Kai,Breakfast,Breakfast Sandwich,,1,9.50,0.00,,9.50,No
40532,08/08/2026 10:16 AM,Kai,Modifiers,+ Add bacon,Breakfast Sandwich,1,2.50,0.00,,2.50,No
40532,08/08/2026 10:16 AM,Kai,Modifiers,+ Add egg,Breakfast Sandwich,1,1.50,0.00,,1.50,No
40533,08/08/2026 10:36 AM,Maribel,Coffee & Tea,Drip Coffee,,1,3.00,0.00,,3.00,No
40534,08/08/2026 09:49 AM,Kai,Coffee & Tea,Latte,,1,5.25,0.00,,5.25,No
40534,08/08/2026 09:49 AM,Kai,Modifiers,+ Oat milk,Latte,1,0.75,0.00,,0.75,No
40534,08/08/2026 09:49 AM,Kai,Bakery,Chocolate Chip Cookie,,1,2.75,0.00,,2.75,No
40535,08/08/2026 11:16 AM,Ines,Bakery,Chocolate Chip Cookie,,1,2.75,0.00,,2.75,No
40535,08/08/2026 11:16 AM,Ines,Bakery,Blueberry Muffin,,1,3.50,0.00,,3.50,No
40535,08/08/2026 11:16 AM,Ines,Coffee & Tea,Latte,,1,5.25,0.00,,5.25,No
40536,08/08/2026 01:44 PM,Maribel,Coffee & Tea,Cold Brew,,1,4.50,0.00,,4.50,No
40536,08/08/2026 01:44 PM,Maribel,Lunch,Turkey Club,,1,13.50,0.00,,13.50,No
40536,08/08/2026 01:44 PM,Maribel,Modifiers,+ Add bacon,Turkey Club,1,2.50,0.00,,2.50,No
40536,08/08/2026 01:44 PM,Maribel,Bakery,Chocolate Chip Cookie,,1,2.75,0.00,,2.75,No
40537,08/08/2026 10:45 AM,Maribel,Coffee & Tea,Cold Brew,,1,4.50,0.00,,4.50,No
40538,08/08/2026 02:41 PM,Ines,Breakfast,Oatmeal Bowl,,1,7.50,0.00,,7.50,No
40538,08/08/2026 02:41 PM,Ines,Bakery,Croissant,,1,3.75,0.00,,3.75,No
40538,08/08/2026 02:41 PM,Ines,Coffee & Tea,Drip Coffee,,1,3.00,3.00,Comp - manager,0.00,No
40539,08/08/2026 07:15 AM,Kai,Breakfast,Breakfast Sandwich,,1,9.50,0.00,,9.50,No
40540,08/08/2026 10:01 AM,Maribel,Coffee & Tea,Drip Coffee,,1,3.00,0.00,,3.00,No
40540,08/08/2026 10:01 AM,Maribel,Coffee & Tea,Cold Brew,,1,4.50,0.00,,4.50,No
40540,08/08/2026 10:01 AM,Maribel,Modifiers,+ Vanilla syrup,Cold Brew,1,0.60,0.00,,0.60,No
40541,08/08/2026 10:28 AM,Rashid,Coffee & Tea,Chai Tea,,1,4.75,0.00,,4.75,No
40542,08/08/2026 12:58 PM,Rashid,Coffee & Tea,Chai Tea,,1,4.75,0.00,,4.75,No
40543,08/08/2026 07:12 AM,Rashid,Coffee & Tea,Drip Coffee,,1,3.00,0.00,,3.00,No
40543,08/08/2026 07:12 AM,Rashid,Bakery,Blueberry Muffin,,1,3.50,0.00,,3.50,No
40544,08/08/2026 02:52 PM,Kai,Coffee & Tea,Latte,,1,5.25,0.00,,5.25,No
40544,08/08/2026 02:52 PM,Kai,Modifiers,+ Vanilla syrup,Latte,1,0.60,0.00,,0.60,No
40545,08/08/2026 01:57 PM,Maribel,Coffee & Tea,Cappuccino,,1,4.75,0.00,,4.75,No
40546,08/08/2026 11:39 AM,Maribel,Bakery,Chocolate Chip Cookie,,1,2.75,0.00,,2.75,No
40546,08/08/2026 11:39 AM,Maribel,Lunch,Soup of the Day,,1,7.00,0.00,,7.00,No
40546,08/08/2026 11:39 AM,Maribel,Coffee & Tea,Drip Coffee,,1,3.00,0.00,,3.00,No
40547,08/08/2026 12:28 PM,Kai,Coffee & Tea,Cold Brew,,1,4.50,0.00,,4.50,No
40547,08/08/2026 12:28 PM,Kai,Breakfast,Breakfast Sandwich,,1,9.50,0.00,,9.50,No
40547,08/08/2026 12:28 PM,Kai,Modifiers,+ Add bacon,Breakfast Sandwich,1,2.50,0.00,,2.50,No
40548,08/08/2026 01:07 PM,Theo,Bakery,Chocolate Chip Cookie,,1,2.75,0.00,,2.75,No
40549,08/08/2026 10:41 AM,Theo,Bakery,Blueberry Muffin,,1,3.50,0.00,,3.50,No
40549,08/08/2026 10:41 AM,Theo,Breakfast,Oatmeal Bowl,,1,7.50,0.00,,7.50,No
40550,08/08/2026 02:46 PM,Theo,Lunch,Greek Salad,,1,12.00,0.00,,12.00,No
40551,08/08/2026 02:25 PM,Maribel,Coffee & Tea,Latte,,1,5.25,0.00,,5.25,No
40551,08/08/2026 02:25 PM,Maribel,Coffee & Tea,Drip Coffee,,1,3.00,0.00,,3.00,No
40552,08/08/2026 09:22 AM,Theo,Bakery,Blueberry Muffin,,1,3.50,0.00,,3.50,No
40553,08/08/2026 12:55 PM,Rashid,Lunch,Greek Salad,,1,12.00,0.00,,12.00,No
40553,08/08/2026 12:55 PM,Rashid,Coffee & Tea,Drip Coffee,,1,3.00,0.00,,3.00,No
40554,08/09/2026 10:13 AM,Ines,Coffee & Tea,Drip Coffee,,1,3.00,0.00,,3.00,No
40555,08/09/2026 02:15 PM,Rashid,Bakery,Chocolate Chip Cookie,,1,2.75,0.00,,2.75,No
40555,08/09/2026 02:15 PM,Rashid,Bakery,Blueberry Muffin,,1,3.50,0.00,,3.50,No
40556,08/09/2026 09:19 AM,Kai,Coffee & Tea,Cappuccino,,1,4.75,0.00,,4.75,No
40556,08/09/2026 09:19 AM,Kai,Bakery,Blueberry Muffin,,1,3.50,0.00,,3.50,No
40557,08/09/2026 11:21 AM,Kai,Lunch,Soup of the Day,,1,7.00,0.00,,7.00,No
40558,08/09/2026 11:49 AM,Theo,Coffee & Tea,Latte,,1,5.25,0.00,,5.25,No
40558,08/09/2026 11:49 AM,Theo,Modifiers,+ Oat milk,Latte,1,0.75,0.00,,0.75,No
40558,08/09/2026 11:49 AM,Theo,Modifiers,+ Vanilla syrup,Latte,1,0.60,0.00,,0.60,No
40558,08/09/2026 11:49 AM,Theo,Coffee & Tea,Cappuccino,,1,4.75,0.00,,4.75,No
40559,08/09/2026 11:13 AM,Rashid,Lunch,Turkey Club,,1,13.50,0.00,,13.50,No
40559,08/09/2026 11:13 AM,Rashid,Modifiers,+ Add bacon,Turkey Club,1,2.50,0.00,,2.50,No
40560,08/09/2026 10:30 AM,Kai,Coffee & Tea,Latte,,1,5.25,0.00,,5.25,No
40560,08/09/2026 10:30 AM,Kai,Coffee & Tea,Latte,,1,5.25,0.00,,5.25,No
40560,08/09/2026 10:30 AM,Kai,Modifiers,+ Extra shot,Latte,1,1.00,0.00,,1.00,No
40561,08/09/2026 02:46 PM,Rashid,Lunch,Greek Salad,,1,12.00,0.00,,12.00,No
40562,08/09/2026 07:39 AM,Rashid,Breakfast,Avocado Toast,,1,11.00,0.00,,11.00,No
40563,08/09/2026 08:29 AM,Maribel,Breakfast,Oatmeal Bowl,,1,7.50,0.00,,7.50,No
40563,08/09/2026 08:29 AM,Maribel,Coffee & Tea,Latte,,1,5.25,0.00,,5.25,No
40564,08/09/2026 02:33 PM,Rashid,Lunch,Turkey Club,,1,13.50,0.00,,13.50,No
40564,08/09/2026 02:33 PM,Rashid,Modifiers,+ Add bacon,Turkey Club,1,2.50,0.00,,2.50,No
40565,08/09/2026 07:24 AM,Theo,Coffee & Tea,Drip Coffee,,1,3.00,0.00,,3.00,No
40565,08/09/2026 07:24 AM,Theo,Breakfast,Breakfast Sandwich,,1,9.50,0.00,,9.50,No
40565,08/09/2026 07:24 AM,Theo,Modifiers,+ Add bacon,Breakfast Sandwich,1,2.50,0.00,,2.50,No
40566,08/09/2026 11:48 AM,Rashid,Breakfast,Oatmeal Bowl,,1,7.50,0.00,,7.50,No
40566,08/09/2026 11:48 AM,Rashid,Coffee & Tea,Drip Coffee,,1,3.00,0.00,,3.00,No
40567,08/09/2026 02:05 PM,Theo,Coffee & Tea,Chai Tea,,1,4.75,0.00,,4.75,No
40568,08/09/2026 08:15 AM,Maribel,Coffee & Tea,Latte,,1,5.25,0.00,,5.25,No
40568,08/09/2026 08:15 AM,Maribel,Bakery,Croissant,,1,3.75,0.00,,3.75,No
40569,08/09/2026 10:24 AM,Theo,Coffee & Tea,Drip Coffee,,1,3.00,0.00,,3.00,No
40569,08/09/2026 10:24 AM,Theo,Breakfast,Avocado Toast,,1,11.00,0.00,,11.00,No
40570,08/09/2026 02:22 PM,Ines,Coffee & Tea,Drip Coffee,,1,3.00,0.00,,3.00,No
40570,08/09/2026 02:22 PM,Ines,Coffee & Tea,Latte,,1,5.25,0.00,,5.25,No
40571,08/09/2026 09:51 AM,Kai,Coffee & Tea,Cappuccino,,1,4.75,0.00,,4.75,No
40571,08/09/2026 09:51 AM,Kai,Coffee & Tea,Cappuccino,,1,4.75,4.75,Comp - manager,0.00,No
40571,08/09/2026 09:51 AM,Kai,Breakfast,Oatmeal Bowl,,1,7.50,0.00,,7.50,No
40572,08/09/2026 11:08 AM,Maribel,Breakfast,Avocado Toast,,1,11.00,0.00,,11.00,No
40573,08/09/2026 10:56 AM,Ines,Coffee & Tea,Cold Brew,,1,4.50,0.00,,4.50,No
40574,08/09/2026 11:15 AM,Theo,Breakfast,Breakfast Sandwich,,1,9.50,0.00,,9.50,No
40574,08/09/2026 11:15 AM,Theo,Breakfast,Breakfast Sandwich,,1,9.50,0.00,,9.50,No
40574,08/09/2026 11:15 AM,Theo,Modifiers,+ Add egg,Breakfast Sandwich,1,1.50,0.00,,1.50,No
40575,08/09/2026 01:20 PM,Maribel,Coffee & Tea,Chai Tea,,1,4.75,0.00,,4.75,No
40576,08/09/2026 08:15 AM,Kai,Coffee & Tea,Drip Coffee,,1,3.00,0.00,,3.00,No
40577,08/09/2026 11:46 AM,Theo,Bakery,Croissant,,1,3.75,0.00,,3.75,No
40577,08/09/2026 11:46 AM,Theo,Coffee & Tea,Cappuccino,,1,4.75,0.00,,4.75,No
40578,08/09/2026 08:08 AM,Ines,Coffee & Tea,Cold Brew,,1,4.50,0.00,,4.50,No
40578,08/09/2026 08:08 AM,Ines,Modifiers,+ Vanilla syrup,Cold Brew,1,0.60,0.00,,0.60,No
40579,08/09/2026 01:39 PM,Maribel,Coffee & Tea,Cold Brew,,1,4.50,0.00,,4.50,No
40579,08/09/2026 01:39 PM,Maribel,Breakfast,Avocado Toast,,1,11.00,0.00,,11.00,No
40579,08/09/2026 01:39 PM,Maribel,Modifiers,+ Add egg,Avocado Toast,1,1.50,0.00,,1.50,No
40580,08/09/2026 02:27 PM,Rashid,Coffee & Tea,Drip Coffee,,1,3.00,0.00,,3.00,No
40580,08/09/2026 02:27 PM,Rashid,Bakery,Croissant,,1,3.75,0.00,,3.75,No
40581,08/09/2026 12:01 PM,Maribel,Bakery,Croissant,,1,3.75,0.00,,3.75,No
40582,08/09/2026 10:54 AM,Theo,Bakery,Chocolate Chip Cookie,,1,2.75,0.00,,2.75,No
40583,08/09/2026 02:04 PM,Theo,Bakery,Croissant,,1,3.75,0.00,,3.75,No
40583,08/09/2026 02:04 PM,Theo,Bakery,Croissant,,1,3.75,0.00,,3.75,No
40583,08/09/2026 02:04 PM,Theo,Coffee & Tea,Chai Tea,,1,4.75,0.00,,4.75,No
40584,08/09/2026 11:50 AM,Rashid,Lunch,Turkey Club,,1,13.50,0.00,,13.50,No
40585,08/09/2026 11:34 AM,Kai,Lunch,Soup of the Day,,1,7.00,0.00,,7.00,No
40585,08/09/2026 11:34 AM,Kai,Lunch,Turkey Club,,1,13.50,0.00,,13.50,No
40585,08/09/2026 11:34 AM,Kai,Modifiers,+ Add bacon,Turkey Club,1,2.50,0.00,,2.50,No
40586,08/09/2026 08:25 AM,Theo,Coffee & Tea,Latte,,1,5.25,0.00,,5.25,No
40586,08/09/2026 08:25 AM,Theo,Bakery,Croissant,,1,3.75,3.75,Comp - manager,0.00,No
40587,08/09/2026 11:00 AM,Maribel,Coffee & Tea,Latte,,1,5.25,0.00,,5.25,No
40588,08/09/2026 01:21 PM,Maribel,Bakery,Blueberry Muffin,,1,3.50,0.00,,3.50,No
40589,08/09/2026 10:02 AM,Maribel,Bakery,Chocolate Chip Cookie,,1,2.75,1.38,Staff meal 50%,1.37,No
40589,08/09/2026 10:02 AM,Maribel,Coffee & Tea,Cappuccino,,1,4.75,2.38,Staff meal 50%,2.37,No
40589,08/09/2026 10:02 AM,Maribel,Bakery,Croissant,,1,3.75,1.88,Staff meal 50%,1.87,No
40590,08/09/2026 07:03 AM,Kai,Coffee & Tea,Cappuccino,,1,4.75,0.00,,4.75,No
40590,08/09/2026 07:03 AM,Kai,Modifiers,+ Oat milk,Cappuccino,1,0.75,0.00,,0.75,No
40590,08/09/2026 07:03 AM,Kai,Modifiers,+ Extra shot,Cappuccino,1,1.00,0.00,,1.00,No
40590,08/09/2026 07:03 AM,Kai,Coffee & Tea,Latte,,1,5.25,0.00,,5.25,No
40590,08/09/2026 07:03 AM,Kai,Modifiers,+ Oat milk,Latte,1,0.75,0.00,,0.75,No
40590,08/09/2026 07:03 AM,Kai,Modifiers,+ Extra shot,Latte,1,1.00,0.00,,1.00,No
40591,08/09/2026 09:44 AM,Kai,Breakfast,Avocado Toast,,1,11.00,0.00,,11.00,No
40591,08/09/2026 09:44 AM,Kai,Coffee & Tea,Latte,,1,5.25,0.00,,5.25,No
40592,08/09/2026 02:59 PM,Maribel,Coffee & Tea,Drip Coffee,,1,3.00,3.00,Comp - manager,0.00,No
40593,08/09/2026 10:09 AM,Rashid,Coffee & Tea,Drip Coffee,,1,3.00,0.00,,3.00,No
40594,08/09/2026 09:29 AM,Ines,Coffee & Tea,Cold Brew,,1,4.50,0.00,,4.50,No
40594,08/09/2026 09:29 AM,Ines,Modifiers,+ Vanilla syrup,Cold Brew,1,0.60,0.00,,0.60,No
40594,08/09/2026 09:29 AM,Ines,Coffee & Tea,Cold Brew,,1,4.50,0.00,,4.50,No
40595,08/09/2026 12:00 PM,Kai,Lunch,Soup of the Day,,1,7.00,0.00,,7.00,No
40596,08/09/2026 12:00 PM,Rashid,Lunch,Greek Salad,,1,12.00,0.00,,12.00,No
40596,08/09/2026 12:00 PM,Rashid,Lunch,Turkey Club,,1,13.50,0.00,,13.50,No
40597,08/09/2026 10:15 AM,Maribel,Breakfast,Avocado Toast,,1,11.00,0.00,,11.00,No
40597,08/09/2026 10:15 AM,Maribel,Coffee & Tea,Drip Coffee,,1,3.00,0.00,,3.00,No
40598,08/09/2026 12:37 PM,Ines,Breakfast,Oatmeal Bowl,,1,7.50,0.00,,7.50,No
40599,08/09/2026 02:33 PM,Rashid,Coffee & Tea,Cappuccino,,1,4.75,0.00,,4.75,No
40599,08/09/2026 02:33 PM,Rashid,Coffee & Tea,Cappuccino,,1,4.75,0.00,,4.75,No
40599,08/09/2026 02:33 PM,Rashid,Modifiers,+ Oat milk,Cappuccino,1,0.75,0.00,,0.75,No
40600,08/09/2026 01:26 PM,Maribel,Breakfast,Avocado Toast,,1,11.00,0.00,,11.00,No
40600,08/09/2026 01:26 PM,Maribel,Lunch,Soup of the Day,,1,7.00,0.00,,7.00,No
40601,08/09/2026 01:39 PM,Maribel,Coffee & Tea,Drip Coffee,,1,3.00,0.00,,3.00,No
40601,08/09/2026 01:39 PM,Maribel,Lunch,Soup of the Day,,1,7.00,0.00,,7.00,No
40602,08/09/2026 12:36 PM,Kai,Lunch,Soup of the Day,,1,7.00,0.00,,7.00,No
40603,08/10/2026 01:05 PM,Theo,Breakfast,Breakfast Sandwich,,1,9.50,0.00,,9.50,No
40604,08/10/2026 01:19 PM,Rashid,Coffee & Tea,Drip Coffee,,1,3.00,0.00,,3.00,No
40604,08/10/2026 01:19 PM,Rashid,Bakery,Blueberry Muffin,,1,3.50,0.00,,3.50,No
40605,08/10/2026 11:48 AM,Kai,Breakfast,Avocado Toast,,1,11.00,0.00,,11.00,No
40605,08/10/2026 11:48 AM,Kai,Lunch,Soup of the Day,,1,7.00,0.00,,7.00,No
40606,08/10/2026 10:29 AM,Maribel,Breakfast,Oatmeal Bowl,,1,7.50,0.00,,7.50,No
40606,08/10/2026 10:29 AM,Maribel,Breakfast,Avocado Toast,,1,11.00,0.00,,11.00,No
40606,08/10/2026 10:29 AM,Maribel,Modifiers,+ Add egg,Avocado Toast,1,1.50,0.00,,1.50,No
40607,08/10/2026 08:46 AM,Ines,Lunch,Soup of the Day,,1,7.00,0.00,,7.00,No
40607,08/10/2026 08:46 AM,Ines,Coffee & Tea,Chai Tea,,1,4.75,0.00,,4.75,No
40607,08/10/2026 08:46 AM,Ines,Coffee & Tea,Cold Brew,,1,4.50,0.00,,4.50,No
40607,08/10/2026 08:46 AM,Ines,Modifiers,+ Oat milk,Cold Brew,1,0.75,0.00,,0.75,No
40608,08/10/2026 10:08 AM,Kai,Coffee & Tea,Cold Brew,,1,4.50,0.00,,4.50,No
40608,08/10/2026 10:08 AM,Kai,Bakery,Chocolate Chip Cookie,,1,2.75,0.00,,2.75,No
40609,08/10/2026 11:30 AM,Theo,Lunch,Turkey Club,,1,13.50,0.00,,13.50,No
40609,08/10/2026 11:30 AM,Theo,Coffee & Tea,Latte,,1,5.25,0.00,,5.25,No
40610,08/10/2026 10:47 AM,Theo,Coffee & Tea,Cold Brew,,1,4.50,0.00,,4.50,No
40611,08/10/2026 10:29 AM,Theo,Coffee & Tea,Drip Coffee,,1,3.00,0.00,,3.00,No
40612,08/10/2026 01:55 PM,Maribel,Coffee & Tea,Latte,,1,5.25,0.00,,5.25,No
40613,08/10/2026 11:08 AM,Kai,Coffee & Tea,Drip Coffee,,1,3.00,0.00,,3.00,No
40613,08/10/2026 11:08 AM,Kai,Breakfast,Avocado Toast,,1,11.00,0.00,,11.00,No
40613,08/10/2026 11:08 AM,Kai,Modifiers,+ Add egg,Avocado Toast,1,1.50,0.00,,1.50,No
40614,08/10/2026 10:46 AM,Kai,Coffee & Tea,Drip Coffee,,1,3.00,0.00,,3.00,No
40615,08/10/2026 07:25 AM,Maribel,Breakfast,Breakfast Sandwich,,1,9.50,9.50,Comp - manager,0.00,No
40615,08/10/2026 07:25 AM,Maribel,Modifiers,+ Add bacon,Breakfast Sandwich,1,2.50,2.50,Comp - manager,0.00,No
40615,08/10/2026 07:25 AM,Maribel,Coffee & Tea,Drip Coffee,,1,3.00,0.00,,3.00,No
40616,08/10/2026 02:05 PM,Rashid,Lunch,Turkey Club,,1,13.50,0.00,,13.50,No
40616,08/10/2026 02:05 PM,Rashid,Lunch,Turkey Club,,1,13.50,0.00,,13.50,No
40616,08/10/2026 02:05 PM,Rashid,Bakery,Chocolate Chip Cookie,,1,2.75,0.00,,2.75,No
40617,08/10/2026 02:45 PM,Theo,Coffee & Tea,Cappuccino,,1,4.75,4.75,Comp - manager,0.00,No
40618,08/10/2026 10:13 AM,Kai,Coffee & Tea,Drip Coffee,,1,3.00,0.00,,3.00,No
40618,08/10/2026 10:13 AM,Kai,Bakery,Croissant,,1,3.75,0.00,,3.75,No
40618,08/10/2026 10:13 AM,Kai,Breakfast,Breakfast Sandwich,,1,9.50,0.00,,9.50,No
40618,08/10/2026 10:13 AM,Kai,Modifiers,+ Add egg,Breakfast Sandwich,1,1.50,0.00,,1.50,No
40618,08/10/2026 10:13 AM,Kai,Modifiers,+ Add avocado,Breakfast Sandwich,1,2.00,0.00,,2.00,No
40619,08/10/2026 09:17 AM,Rashid,Coffee & Tea,Chai Tea,,1,4.75,0.00,,4.75,No
40619,08/10/2026 09:17 AM,Rashid,Coffee & Tea,Cappuccino,,1,4.75,0.00,,4.75,No
40619,08/10/2026 09:17 AM,Rashid,Lunch,Turkey Club,,1,13.50,0.00,,13.50,No
40619,08/10/2026 09:17 AM,Rashid,Modifiers,+ No onions,Turkey Club,1,0.00,0.00,,0.00,No
40620,08/10/2026 11:41 AM,Maribel,Breakfast,Avocado Toast,,1,11.00,0.00,,11.00,No
40620,08/10/2026 11:41 AM,Maribel,Coffee & Tea,Cold Brew,,1,4.50,0.00,,4.50,No
40620,08/10/2026 11:41 AM,Maribel,Modifiers,+ Oat milk,Cold Brew,1,0.75,0.00,,0.75,No
40620,08/10/2026 11:41 AM,Maribel,Modifiers,+ Vanilla syrup,Cold Brew,1,0.60,0.00,,0.60,No
40621,08/10/2026 08:22 AM,Kai,Bakery,Croissant,,1,3.75,0.00,,3.75,No
40621,08/10/2026 08:22 AM,Kai,Coffee & Tea,Latte,,1,5.25,0.00,,5.25,No
40621,08/10/2026 08:22 AM,Kai,Modifiers,+ Oat milk,Latte,1,0.75,0.00,,0.75,No
40622,08/10/2026 09:15 AM,Theo,Breakfast,Oatmeal Bowl,,1,7.50,0.00,,7.50,No
40622,08/10/2026 09:15 AM,Theo,Bakery,Blueberry Muffin,,1,3.50,0.00,,3.50,No
40623,08/10/2026 10:14 AM,Kai,Coffee & Tea,Drip Coffee,,1,3.00,0.00,,3.00,No
40624,08/10/2026 12:12 PM,Theo,Coffee & Tea,Latte,,1,5.25,0.00,,5.25,No
40624,08/10/2026 12:12 PM,Theo,Modifiers,+ Oat milk,Latte,1,0.75,0.00,,0.75,No
40624,08/10/2026 12:12 PM,Theo,Modifiers,+ Vanilla syrup,Latte,1,0.60,0.00,,0.60,No
40625,08/10/2026 10:49 AM,Maribel,Coffee & Tea,Cold Brew,,1,4.50,0.00,,4.50,No
40625,08/10/2026 10:49 AM,Maribel,Coffee & Tea,Latte,,1,5.25,0.00,,5.25,No
40625,08/10/2026 10:49 AM,Maribel,Modifiers,+ Oat milk,Latte,1,0.75,0.00,,0.75,No
40626,08/10/2026 10:40 AM,Theo,Bakery,Croissant,,1,3.75,0.00,,3.75,No
40626,08/10/2026 10:40 AM,Theo,Lunch,Turkey Club,,1,13.50,0.00,,13.50,No
40626,08/10/2026 10:40 AM,Theo,Modifiers,+ Add bacon,Turkey Club,1,2.50,0.00,,2.50,No
40627,08/10/2026 07:37 AM,Ines,Coffee & Tea,Chai Tea,,1,4.75,0.00,,4.75,No
40627,08/10/2026 07:37 AM,Ines,Coffee & Tea,Latte,,1,5.25,0.00,,5.25,No
40627,08/10/2026 07:37 AM,Ines,Breakfast,Breakfast Sandwich,,1,9.50,0.00,,9.50,No
40628,08/10/2026 01:30 PM,Theo,Bakery,Croissant,,1,3.75,0.00,,3.75,No
40628,08/10/2026 01:30 PM,Theo,Lunch,Greek Salad,,1,12.00,0.00,,12.00,No
40628,08/10/2026 01:30 PM,Theo,Modifiers,+ No onions,Greek Salad,1,0.00,0.00,,0.00,No
40629,08/10/2026 12:49 PM,Ines,Bakery,Croissant,,1,3.75,0.00,,3.75,No
40629,08/10/2026 12:49 PM,Ines,Bakery,Blueberry Muffin,,1,3.50,0.00,,3.50,No
40630,08/10/2026 02:49 PM,Maribel,Bakery,Blueberry Muffin,,1,3.50,0.00,,3.50,No
40630,08/10/2026 02:49 PM,Maribel,Bakery,Blueberry Muffin,,1,3.50,0.00,,3.50,No
40630,08/10/2026 02:49 PM,Maribel,Lunch,Soup of the Day,,1,7.00,0.00,,7.00,No
40631,08/10/2026 01:21 PM,Theo,Breakfast,Oatmeal Bowl,,1,7.50,3.75,Staff meal 50%,3.75,No
40632,08/10/2026 08:13 AM,Rashid,Bakery,Chocolate Chip Cookie,,1,2.75,0.00,,2.75,No
40632,08/10/2026 08:13 AM,Rashid,Coffee & Tea,Cappuccino,,1,4.75,0.00,,4.75,No
40633,08/10/2026 07:46 AM,Ines,Bakery,Blueberry Muffin,,1,3.50,0.00,,3.50,No
40633,08/10/2026 07:46 AM,Ines,Breakfast,Avocado Toast,,1,11.00,0.00,,11.00,No
40634,08/10/2026 01:35 PM,Ines,Bakery,Blueberry Muffin,,1,3.50,0.00,,3.50,No
40635,08/10/2026 10:55 AM,Maribel,Breakfast,Avocado Toast,,1,11.00,0.00,,11.00,No
40636,08/10/2026 11:18 AM,Rashid,Coffee & Tea,Drip Coffee,,1,3.00,0.00,,3.00,No
40637,08/10/2026 08:34 AM,Kai,Coffee & Tea,Cappuccino,,1,4.75,0.00,,4.75,No
40638,08/10/2026 12:41 PM,Theo,Breakfast,Breakfast Sandwich,,1,9.50,0.00,,9.50,No
40639,08/10/2026 01:33 PM,Kai,Coffee & Tea,Latte,,1,5.25,0.00,,5.25,No
40639,08/10/2026 01:33 PM,Kai,Bakery,Chocolate Chip Cookie,,1,2.75,0.00,,2.75,No
40640,08/10/2026 08:51 AM,Rashid,Bakery,Chocolate Chip Cookie,,1,2.75,0.00,,2.75,No
40641,08/10/2026 02:41 PM,Ines,Bakery,Chocolate Chip Cookie,,1,2.75,0.00,,2.75,No
40641,08/10/2026 02:41 PM,Ines,Coffee & Tea,Drip Coffee,,1,3.00,0.00,,3.00,No
40642,08/10/2026 11:47 AM,Ines,Lunch,Greek Salad,,1,12.00,0.00,,12.00,No
40642,08/10/2026 11:47 AM,Ines,Coffee & Tea,Chai Tea,,1,4.75,0.00,,4.75,No
40643,08/10/2026 11:25 AM,Theo,Coffee & Tea,Latte,,1,5.25,0.00,,5.25,No
40643,08/10/2026 11:25 AM,Theo,Modifiers,+ Vanilla syrup,Latte,1,0.60,0.00,,0.60,No
40643,08/10/2026 11:25 AM,Theo,Bakery,Chocolate Chip Cookie,,1,2.75,0.00,,2.75,No
40644,08/10/2026 01:33 PM,Ines,Coffee & Tea,Cappuccino,,1,4.75,0.00,,4.75,No
40645,08/10/2026 02:43 PM,Ines,Coffee & Tea,Drip Coffee,,1,3.00,0.00,,3.00,No
40645,08/10/2026 02:43 PM,Ines,Lunch,Greek Salad,,1,12.00,0.00,,12.00,No
40646,08/10/2026 09:10 AM,Ines,Coffee & Tea,Latte,,1,5.25,5.25,Comp - manager,0.00,No
40646,08/10/2026 09:10 AM,Ines,Modifiers,+ Extra shot,Latte,1,1.00,1.00,Comp - manager,0.00,No
40646,08/10/2026 09:10 AM,Ines,Coffee & Tea,Latte,,1,5.25,0.00,,5.25,No
40646,08/10/2026 09:10 AM,Ines,Bakery,Blueberry Muffin,,1,3.50,0.00,,3.50,No
40647,08/10/2026 02:10 PM,Theo,Coffee & Tea,Latte,,1,5.25,0.00,,5.25,No
40647,08/10/2026 02:10 PM,Theo,Modifiers,+ Vanilla syrup,Latte,1,0.60,0.00,,0.60,No
40647,08/10/2026 02:10 PM,Theo,Coffee & Tea,Chai Tea,,1,4.75,0.00,,4.75,No
40648,08/10/2026 10:42 AM,Ines,Breakfast,Avocado Toast,,1,11.00,0.00,,11.00,No
40649,08/10/2026 02:40 PM,Rashid,Bakery,Croissant,,1,3.75,0.00,,3.75,No
40649,08/10/2026 02:40 PM,Rashid,Breakfast,Avocado Toast,,1,11.00,0.00,,11.00,No
40649,08/10/2026 02:40 PM,Rashid,Modifiers,+ Add egg,Avocado Toast,1,1.50,0.00,,1.50,No
40649,08/10/2026 02:40 PM,Rashid,Bakery,Croissant,,1,3.75,0.00,,3.75,No
40650,08/10/2026 01:11 PM,Maribel,Breakfast,Breakfast Sandwich,,1,9.50,0.00,,9.50,No
40650,08/10/2026 01:11 PM,Maribel,Coffee & Tea,Drip Coffee,,1,3.00,0.00,,3.00,No
40651,08/10/2026 11:40 AM,Maribel,Coffee & Tea,Cappuccino,,1,4.75,0.00,,4.75,No
40651,08/10/2026 11:40 AM,Maribel,Modifiers,+ Extra shot,Cappuccino,1,1.00,0.00,,1.00,No
40651,08/10/2026 11:40 AM,Maribel,Lunch,Turkey Club,,1,13.50,0.00,,13.50,No
40652,08/10/2026 01:38 PM,Ines,Lunch,Soup of the Day,,1,7.00,0.00,,7.00,No
40653,08/11/2026 10:05 AM,Ines,Bakery,Croissant,,1,3.75,0.00,,3.75,No
40654,08/11/2026 10:21 AM,Kai,Coffee & Tea,Drip Coffee,,1,3.00,0.00,,3.00,No
40654,08/11/2026 10:21 AM,Kai,Lunch,Soup of the Day,,1,7.00,0.00,,0.00,Yes
40654,08/11/2026 10:21 AM,Kai,Coffee & Tea,Latte,,1,5.25,0.00,,5.25,No
40654,08/11/2026 10:21 AM,Kai,Modifiers,+ Vanilla syrup,Latte,1,0.60,0.00,,0.60,No
40655,08/11/2026 11:23 AM,Theo,Coffee & Tea,Cold Brew,,1,4.50,0.00,,4.50,No
40655,08/11/2026 11:23 AM,Theo,Lunch,Turkey Club,,1,13.50,0.00,,13.50,No
40656,08/11/2026 02:33 PM,Theo,Lunch,Greek Salad,,1,12.00,0.00,,12.00,No
40657,08/11/2026 07:25 AM,Theo,Coffee & Tea,Drip Coffee,,1,3.00,0.00,,3.00,No
40658,08/11/2026 01:26 PM,Maribel,Coffee & Tea,Cappuccino,,1,4.75,0.00,,4.75,No
40659,08/11/2026 12:20 PM,Kai,Breakfast,Breakfast Sandwich,,1,9.50,4.75,Staff meal 50%,4.75,No
40659,08/11/2026 12:20 PM,Kai,Bakery,Blueberry Muffin,,1,3.50,1.75,Staff meal 50%,1.75,No
40660,08/11/2026 12:54 PM,Ines,Breakfast,Avocado Toast,,1,11.00,0.00,,11.00,No
40660,08/11/2026 12:54 PM,Ines,Coffee & Tea,Drip Coffee,,1,3.00,0.00,,3.00,No
40660,08/11/2026 12:54 PM,Ines,Breakfast,Oatmeal Bowl,,1,7.50,0.00,,7.50,No
40661,08/11/2026 10:27 AM,Maribel,Breakfast,Breakfast Sandwich,,1,9.50,0.00,,9.50,No
40661,08/11/2026 10:27 AM,Maribel,Modifiers,+ Add bacon,Breakfast Sandwich,1,2.50,0.00,,2.50,No
40662,08/11/2026 07:59 AM,Ines,Lunch,Greek Salad,,1,12.00,0.00,,12.00,No
40662,08/11/2026 07:59 AM,Ines,Coffee & Tea,Latte,,1,5.25,0.00,,5.25,No
40662,08/11/2026 07:59 AM,Ines,Modifiers,+ Extra shot,Latte,1,1.00,0.00,,1.00,No
40662,08/11/2026 07:59 AM,Ines,Lunch,Turkey Club,,1,13.50,0.00,,13.50,No
40663,08/11/2026 09:41 AM,Kai,Coffee & Tea,Latte,,1,5.25,0.00,,5.25,No
40663,08/11/2026 09:41 AM,Kai,Modifiers,+ Oat milk,Latte,1,0.75,0.00,,0.75,No
40663,08/11/2026 09:41 AM,Kai,Modifiers,+ Extra shot,Latte,1,1.00,0.00,,1.00,No
40664,08/11/2026 02:51 PM,Ines,Coffee & Tea,Drip Coffee,,1,3.00,0.00,,3.00,No
40664,08/11/2026 02:51 PM,Ines,Lunch,Turkey Club,,1,13.50,0.00,,13.50,No
40664,08/11/2026 02:51 PM,Ines,Modifiers,+ Add bacon,Turkey Club,1,2.50,0.00,,2.50,No
40664,08/11/2026 02:51 PM,Ines,Coffee & Tea,Drip Coffee,,1,3.00,0.00,,3.00,No
40665,08/11/2026 08:54 AM,Maribel,Breakfast,Avocado Toast,,1,11.00,0.00,,11.00,No
40665,08/11/2026 08:54 AM,Maribel,Coffee & Tea,Cappuccino,,1,4.75,0.00,,4.75,No
40665,08/11/2026 08:54 AM,Maribel,Modifiers,+ Extra shot,Cappuccino,1,1.00,0.00,,1.00,No
40666,08/11/2026 09:44 AM,Rashid,Coffee & Tea,Chai Tea,,1,4.75,0.00,,4.75,No
40666,08/11/2026 09:44 AM,Rashid,Lunch,Greek Salad,,1,12.00,0.00,,12.00,No
40667,08/11/2026 02:09 PM,Kai,Breakfast,Avocado Toast,,1,11.00,0.00,,11.00,No
40668,08/11/2026 01:35 PM,Theo,Coffee & Tea,Cappuccino,,1,4.75,0.00,,4.75,No
40668,08/11/2026 01:35 PM,Theo,Coffee & Tea,Drip Coffee,,1,3.00,0.00,,3.00,No
40668,08/11/2026 01:35 PM,Theo,Coffee & Tea,Latte,,1,5.25,0.00,,5.25,No
40668,08/11/2026 01:35 PM,Theo,Modifiers,+ Oat milk,Latte,1,0.75,0.00,,0.75,No
40669,08/11/2026 10:56 AM,Ines,Bakery,Chocolate Chip Cookie,,1,2.75,0.00,,2.75,No
40669,08/11/2026 10:56 AM,Ines,Breakfast,Avocado Toast,,1,11.00,0.00,,11.00,No
40670,08/11/2026 02:13 PM,Ines,Bakery,Chocolate Chip Cookie,,1,2.75,2.75,Comp - manager,0.00,No
40671,08/11/2026 07:01 AM,Theo,Lunch,Turkey Club,,1,13.50,0.00,,13.50,No
40672,08/11/2026 10:19 AM,Theo,Coffee & Tea,Cappuccino,,1,4.75,0.00,,4.75,No
40672,08/11/2026 10:19 AM,Theo,Breakfast,Breakfast Sandwich,,1,9.50,0.00,,9.50,No
40672,08/11/2026 10:19 AM,Theo,Modifiers,+ Add egg,Breakfast Sandwich,1,1.50,0.00,,1.50,No
40672,08/11/2026 10:19 AM,Theo,Modifiers,+ Add avocado,Breakfast Sandwich,1,2.00,0.00,,2.00,No
40673,08/11/2026 11:18 AM,Rashid,Breakfast,Breakfast Sandwich,,1,9.50,0.00,,9.50,No
40673,08/11/2026 11:18 AM,Rashid,Bakery,Croissant,,1,3.75,0.00,,3.75,No
40674,08/11/2026 11:55 AM,Rashid,Breakfast,Avocado Toast,,1,11.00,0.00,,11.00,No
40674,08/11/2026 11:55 AM,Rashid,Coffee & Tea,Chai Tea,,1,4.75,0.00,,4.75,No
40675,08/11/2026 01:18 PM,Rashid,Bakery,Blueberry Muffin,,1,3.50,0.00,,3.50,No
40676,08/11/2026 10:13 AM,Kai,Bakery,Chocolate Chip Cookie,,1,2.75,0.00,,2.75,No
40676,08/11/2026 10:13 AM,Kai,Lunch,Turkey Club,,1,13.50,0.00,,13.50,No
40676,08/11/2026 10:13 AM,Kai,Modifiers,+ Add bacon,Turkey Club,1,2.50,0.00,,2.50,No
40677,08/11/2026 10:51 AM,Kai,Coffee & Tea,Drip Coffee,,1,3.00,0.00,,3.00,No
40678,08/11/2026 01:35 PM,Ines,Coffee & Tea,Drip Coffee,,1,3.00,0.00,,3.00,No
40678,08/11/2026 01:35 PM,Ines,Breakfast,Breakfast Sandwich,,1,9.50,0.00,,9.50,No
40678,08/11/2026 01:35 PM,Ines,Modifiers,+ Add bacon,Breakfast Sandwich,1,2.50,0.00,,2.50,No
40678,08/11/2026 01:35 PM,Ines,Modifiers,+ Add egg,Breakfast Sandwich,1,1.50,0.00,,1.50,No
40679,08/11/2026 09:25 AM,Kai,Breakfast,Breakfast Sandwich,,1,9.50,0.00,,9.50,No
40679,08/11/2026 09:25 AM,Kai,Modifiers,+ Add bacon,Breakfast Sandwich,1,2.50,0.00,,2.50,No
40680,08/11/2026 09:47 AM,Theo,Lunch,Soup of the Day,,1,7.00,3.50,Staff meal 50%,3.50,No
40681,08/11/2026 10:16 AM,Ines,Coffee & Tea,Chai Tea,,1,4.75,0.00,,4.75,No
40682,08/11/2026 09:57 AM,Maribel,Bakery,Croissant,,1,3.75,0.00,,3.75,No
40683,08/11/2026 09:41 AM,Ines,Coffee & Tea,Drip Coffee,,1,3.00,0.00,,3.00,No
40683,08/11/2026 09:41 AM,Ines,Lunch,Soup of the Day,,1,7.00,0.00,,7.00,No
40684,08/11/2026 07:53 AM,Ines,Coffee & Tea,Drip Coffee,,1,3.00,0.00,,3.00,No
40684,08/11/2026 07:53 AM,Ines,Breakfast,Avocado Toast,,1,11.00,0.00,,11.00,No
40684,08/11/2026 07:53 AM,Ines,Breakfast,Oatmeal Bowl,,1,7.50,0.00,,7.50,No
40685,08/11/2026 08:30 AM,Kai,Coffee & Tea,Latte,,1,5.25,0.00,,5.25,No
40685,08/11/2026 08:30 AM,Kai,Modifiers,+ Extra shot,Latte,1,1.00,0.00,,1.00,No
40685,08/11/2026 08:30 AM,Kai,Coffee & Tea,Cappuccino,,1,4.75,0.00,,4.75,No
40686,08/11/2026 09:05 AM,Rashid,Breakfast,Oatmeal Bowl,,1,7.50,0.00,,7.50,No
40687,08/11/2026 08:06 AM,Rashid,Coffee & Tea,Chai Tea,,1,4.75,0.00,,4.75,No
40687,08/11/2026 08:06 AM,Rashid,Coffee & Tea,Latte,,1,5.25,0.00,,5.25,No
40688,08/11/2026 09:37 AM,Theo,Lunch,Soup of the Day,,1,7.00,0.00,,7.00,No
40688,08/11/2026 09:37 AM,Theo,Bakery,Croissant,,1,3.75,0.00,,3.75,No
40688,08/11/2026 09:37 AM,Theo,Lunch,Turkey Club,,1,13.50,0.00,,13.50,No
40688,08/11/2026 09:37 AM,Theo,Modifiers,+ Add bacon,Turkey Club,1,2.50,0.00,,2.50,No
40688,08/11/2026 09:37 AM,Theo,Modifiers,+ Gluten-free bread,Turkey Club,1,1.50,0.00,,1.50,No
40689,08/11/2026 11:33 AM,Theo,Coffee & Tea,Drip Coffee,,1,3.00,0.00,,3.00,No
40689,08/11/2026 11:33 AM,Theo,Bakery,Croissant,,1,3.75,0.00,,3.75,No
40689,08/11/2026 11:33 AM,Theo,Coffee & Tea,Latte,,1,5.25,0.00,,5.25,No
40689,08/11/2026 11:33 AM,Theo,Modifiers,+ Oat milk,Latte,1,0.75,0.00,,0.75,No
40689,08/11/2026 11:33 AM,Theo,Modifiers,+ Vanilla syrup,Latte,1,0.60,0.00,,0.60,No
40690,08/11/2026 02:48 PM,Theo,Breakfast,Oatmeal Bowl,,1,7.50,0.00,,7.50,No
40690,08/11/2026 02:48 PM,Theo,Coffee & Tea,Drip Coffee,,1,3.00,0.00,,3.00,No
40691,08/11/2026 08:54 AM,Theo,Coffee & Tea,Drip Coffee,,1,3.00,0.00,,0.00,Yes
40692,08/11/2026 12:56 PM,Maribel,Lunch,Turkey Club,,1,13.50,6.75,Staff meal 50%,6.75,No
40692,08/11/2026 12:56 PM,Maribel,Bakery,Blueberry Muffin,,1,3.50,1.75,Staff meal 50%,1.75,No
40693,08/11/2026 07:04 AM,Ines,Breakfast,Breakfast Sandwich,,1,9.50,0.00,,9.50,No
40693,08/11/2026 07:04 AM,Ines,Modifiers,+ Add bacon,Breakfast Sandwich,1,2.50,0.00,,2.50,No
40693,08/11/2026 07:04 AM,Ines,Modifiers,+ Add egg,Breakfast Sandwich,1,1.50,0.00,,1.50,No
40694,08/11/2026 08:11 AM,Maribel,Coffee & Tea,Cold Brew,,1,4.50,0.00,,4.50,No
40694,08/11/2026 08:11 AM,Maribel,Modifiers,+ Oat milk,Cold Brew,1,0.75,0.00,,0.75,No
40694,08/11/2026 08:11 AM,Maribel,Modifiers,+ Vanilla syrup,Cold Brew,1,0.60,0.00,,0.60,No
40694,08/11/2026 08:11 AM,Maribel,Coffee & Tea,Drip Coffee,,1,3.00,0.00,,3.00,No
40694,08/11/2026 08:11 AM,Maribel,Bakery,Croissant,,1,3.75,0.00,,3.75,No
40695,08/11/2026 07:28 AM,Theo,Coffee & Tea,Chai Tea,,1,4.75,0.00,,4.75,No
40696,08/11/2026 01:24 PM,Rashid,Coffee & Tea,Drip Coffee,,1,3.00,0.00,,3.00,No
40697,08/11/2026 08:31 AM,Maribel,Bakery,Croissant,,1,3.75,0.00,,3.75,No
40697,08/11/2026 08:31 AM,Maribel,Coffee & Tea,Latte,,1,5.25,0.00,,5.25,No
40697,08/11/2026 08:31 AM,Maribel,Lunch,Greek Salad,,1,12.00,0.00,,12.00,No
40698,08/11/2026 07:54 AM,Maribel,Breakfast,Oatmeal Bowl,,1,7.50,0.00,,7.50,No
40699,08/11/2026 07:03 AM,Kai,Coffee & Tea,Drip Coffee,,1,3.00,0.00,,3.00,No
40699,08/11/2026 07:03 AM,Kai,Breakfast,Oatmeal Bowl,,1,7.50,0.00,,7.50,No
40700,08/11/2026 08:15 AM,Ines,Coffee & Tea,Drip Coffee,,1,3.00,0.00,,3.00,No
40700,08/11/2026 08:15 AM,Ines,Lunch,Soup of the Day,,1,7.00,0.00,,7.00,No
40701,08/11/2026 07:19 AM,Rashid,Bakery,Chocolate Chip Cookie,,1,2.75,0.00,,2.75,No
40701,08/11/2026 07:19 AM,Rashid,Bakery,Croissant,,1,3.75,0.00,,3.75,No
40702,08/11/2026 09:21 AM,Rashid,Coffee & Tea,Cold Brew,,1,4.50,0.00,,4.50,No
40702,08/11/2026 09:21 AM,Rashid,Bakery,Croissant,,1,3.75,0.00,,3.75,No
40702,08/11/2026 09:21 AM,Rashid,Breakfast,Avocado Toast,,1,11.00,0.00,,11.00,No
40702,08/11/2026 09:21 AM,Rashid,Modifiers,+ Add egg,Avocado Toast,1,1.50,0.00,,1.50,No
40703,08/12/2026 10:24 AM,Theo,Lunch,Turkey Club,,1,13.50,0.00,,13.50,No
40703,08/12/2026 10:24 AM,Theo,Modifiers,+ No onions,Turkey Club,1,0.00,0.00,,0.00,No
40703,08/12/2026 10:24 AM,Theo,Coffee & Tea,Drip Coffee,,1,3.00,0.00,,3.00,No
40703,08/12/2026 10:24 AM,Theo,Bakery,Croissant,,1,3.75,0.00,,3.75,No
40704,08/12/2026 07:50 AM,Kai,Coffee & Tea,Latte,,1,5.25,0.00,,5.25,No
40704,08/12/2026 07:50 AM,Kai,Modifiers,+ Oat milk,Latte,1,0.75,0.00,,0.75,No
40705,08/12/2026 10:34 AM,Theo,Breakfast,Avocado Toast,,1,11.00,0.00,,11.00,No
40706,08/12/2026 12:19 PM,Kai,Coffee & Tea,Cold Brew,,1,4.50,0.00,,4.50,No
40707,08/12/2026 09:47 AM,Rashid,Coffee & Tea,Drip Coffee,,1,3.00,0.00,,3.00,No
40708,08/12/2026 02:29 PM,Rashid,Coffee & Tea,Drip Coffee,,1,3.00,0.00,,3.00,No
40708,08/12/2026 02:29 PM,Rashid,Coffee & Tea,Cappuccino,,1,4.75,0.00,,4.75,No
40708,08/12/2026 02:29 PM,Rashid,Modifiers,+ Oat milk,Cappuccino,1,0.75,0.00,,0.75,No
40709,08/12/2026 01:33 PM,Ines,Bakery,Chocolate Chip Cookie,,1,2.75,0.00,,2.75,No
40709,08/12/2026 01:33 PM,Ines,Lunch,Soup of the Day,,1,7.00,0.00,,7.00,No
40710,08/12/2026 12:58 PM,Maribel,Breakfast,Breakfast Sandwich,,1,9.50,0.00,,9.50,No
40711,08/12/2026 02:45 PM,Maribel,Lunch,Turkey Club,,1,13.50,0.00,,13.50,No
40711,08/12/2026 02:45 PM,Maribel,Lunch,Turkey Club,,1,13.50,0.00,,13.50,No
40711,08/12/2026 02:45 PM,Maribel,Modifiers,+ Add bacon,Turkey Club,1,2.50,0.00,,2.50,No
40711,08/12/2026 02:45 PM,Maribel,Modifiers,+ No onions,Turkey Club,1,0.00,0.00,,0.00,No
40711,08/12/2026 02:45 PM,Maribel,Coffee & Tea,Cold Brew,,1,4.50,0.00,,4.50,No
40711,08/12/2026 02:45 PM,Maribel,Modifiers,+ Oat milk,Cold Brew,1,0.75,0.00,,0.75,No
40712,08/12/2026 01:55 PM,Rashid,Lunch,Turkey Club,,1,13.50,0.00,,0.00,Yes
40712,08/12/2026 01:55 PM,Rashid,Modifiers,+ No onions,Turkey Club,1,0.00,0.00,,0.00,Yes
40712,08/12/2026 01:55 PM,Rashid,Bakery,Croissant,,1,3.75,0.00,,3.75,No
40712,08/12/2026 01:55 PM,Rashid,Lunch,Turkey Club,,1,13.50,0.00,,13.50,No
40712,08/12/2026 01:55 PM,Rashid,Modifiers,+ Add bacon,Turkey Club,1,2.50,0.00,,2.50,No
40713,08/12/2026 09:36 AM,Theo,Coffee & Tea,Chai Tea,,1,4.75,2.38,Staff meal 50%,2.37,No
40713,08/12/2026 09:36 AM,Theo,Coffee & Tea,Latte,,1,5.25,2.62,Staff meal 50%,2.63,No
40713,08/12/2026 09:36 AM,Theo,Modifiers,+ Vanilla syrup,Latte,1,0.60,0.30,Staff meal 50%,0.30,No
40714,08/12/2026 08:18 AM,Ines,Lunch,Soup of the Day,,1,7.00,0.00,,7.00,No
40714,08/12/2026 08:18 AM,Ines,Bakery,Croissant,,1,3.75,0.00,,3.75,No
40714,08/12/2026 08:18 AM,Ines,Lunch,Soup of the Day,,1,7.00,0.00,,7.00,No
40715,08/12/2026 08:41 AM,Kai,Coffee & Tea,Cold Brew,,1,4.50,0.00,,4.50,No
40715,08/12/2026 08:41 AM,Kai,Coffee & Tea,Cold Brew,,1,4.50,0.00,,4.50,No
40715,08/12/2026 08:41 AM,Kai,Coffee & Tea,Latte,,1,5.25,0.00,,5.25,No
40716,08/12/2026 09:36 AM,Ines,Lunch,Soup of the Day,,1,7.00,0.00,,7.00,No
40717,08/12/2026 08:08 AM,Kai,Bakery,Chocolate Chip Cookie,,1,2.75,0.00,,2.75,No
40718,08/12/2026 11:41 AM,Theo,Lunch,Greek Salad,,1,12.00,0.00,,12.00,No
40719,08/12/2026 02:21 PM,Theo,Breakfast,Avocado Toast,,1,11.00,0.00,,11.00,No
40720,08/12/2026 07:28 AM,Kai,Coffee & Tea,Cappuccino,,1,4.75,0.00,,4.75,No
40720,08/12/2026 07:28 AM,Kai,Modifiers,+ Extra shot,Cappuccino,1,1.00,0.00,,1.00,No
40720,08/12/2026 07:28 AM,Kai,Breakfast,Breakfast Sandwich,,1,9.50,0.00,,9.50,No
40720,08/12/2026 07:28 AM,Kai,Modifiers,+ Add egg,Breakfast Sandwich,1,1.50,0.00,,1.50,No
40720,08/12/2026 07:28 AM,Kai,Breakfast,Breakfast Sandwich,,1,9.50,0.00,,9.50,No
40720,08/12/2026 07:28 AM,Kai,Modifiers,+ Add egg,Breakfast Sandwich,1,1.50,0.00,,1.50,No
40721,08/12/2026 11:15 AM,Rashid,Lunch,Soup of the Day,,1,7.00,0.00,,7.00,No
40721,08/12/2026 11:15 AM,Rashid,Lunch,Greek Salad,,1,12.00,0.00,,12.00,No
40721,08/12/2026 11:15 AM,Rashid,Modifiers,+ No onions,Greek Salad,1,0.00,0.00,,0.00,No
40722,08/12/2026 10:46 AM,Ines,Bakery,Blueberry Muffin,,1,3.50,0.00,,3.50,No
40722,08/12/2026 10:46 AM,Ines,Bakery,Croissant,,1,3.75,0.00,,3.75,No
40723,08/12/2026 08:27 AM,Ines,Lunch,Greek Salad,,1,12.00,0.00,,12.00,No
40723,08/12/2026 08:27 AM,Ines,Coffee & Tea,Chai Tea,,1,4.75,0.00,,4.75,No
40724,08/12/2026 07:05 AM,Maribel,Coffee & Tea,Latte,,1,5.25,0.00,,5.25,No
40724,08/12/2026 07:05 AM,Maribel,Modifiers,+ Oat milk,Latte,1,0.75,0.00,,0.75,No
40724,08/12/2026 07:05 AM,Maribel,Modifiers,+ Extra shot,Latte,1,1.00,0.00,,1.00,No
40725,08/12/2026 12:07 PM,Kai,Bakery,Blueberry Muffin,,1,3.50,0.00,,3.50,No
40725,08/12/2026 12:07 PM,Kai,Bakery,Croissant,,1,3.75,0.00,,3.75,No
40726,08/12/2026 02:07 PM,Rashid,Coffee & Tea,Drip Coffee,,1,3.00,0.00,,3.00,No
40726,08/12/2026 02:07 PM,Rashid,Coffee & Tea,Cappuccino,,1,4.75,0.00,,4.75,No
40727,08/12/2026 01:03 PM,Kai,Bakery,Chocolate Chip Cookie,,1,2.75,0.00,,2.75,No
40727,08/12/2026 01:03 PM,Kai,Lunch,Greek Salad,,1,12.00,0.00,,12.00,No
40728,08/12/2026 08:23 AM,Rashid,Lunch,Greek Salad,,1,12.00,0.00,,12.00,No
40728,08/12/2026 08:23 AM,Rashid,Bakery,Blueberry Muffin,,1,3.50,0.00,,3.50,No
40729,08/12/2026 10:53 AM,Theo,Coffee & Tea,Latte,,1,5.25,0.00,,5.25,No
40730,08/12/2026 10:52 AM,Theo,Lunch,Turkey Club,,1,13.50,0.00,,13.50,No
40731,08/12/2026 12:05 PM,Theo,Coffee & Tea,Latte,,1,5.25,0.00,,5.25,No
40732,08/12/2026 02:15 PM,Kai,Coffee & Tea,Drip Coffee,,1,3.00,0.00,,3.00,No
40733,08/12/2026 01:09 PM,Kai,Coffee & Tea,Latte,,1,5.25,0.00,,5.25,No
40733,08/12/2026 01:09 PM,Kai,Modifiers,+ Oat milk,Latte,1,0.75,0.00,,0.75,No
40733,08/12/2026 01:09 PM,Kai,Modifiers,+ Vanilla syrup,Latte,1,0.60,0.00,,0.60,No
40733,08/12/2026 01:09 PM,Kai,Coffee & Tea,Cold Brew,,1,4.50,0.00,,4.50,No
40733,08/12/2026 01:09 PM,Kai,Coffee & Tea,Cappuccino,,1,4.75,0.00,,4.75,No
40734,08/12/2026 08:52 AM,Kai,Bakery,Blueberry Muffin,,1,3.50,0.00,,3.50,No
40734,08/12/2026 08:52 AM,Kai,Breakfast,Avocado Toast,,1,11.00,0.00,,11.00,No
40734,08/12/2026 08:52 AM,Kai,Modifiers,+ Add egg,Avocado Toast,1,1.50,0.00,,1.50,No
40735,08/12/2026 09:53 AM,Rashid,Breakfast,Breakfast Sandwich,,1,9.50,0.00,,9.50,No
40735,08/12/2026 09:53 AM,Rashid,Modifiers,+ Add bacon,Breakfast Sandwich,1,2.50,0.00,,2.50,No
40735,08/12/2026 09:53 AM,Rashid,Modifiers,+ Add egg,Breakfast Sandwich,1,1.50,0.00,,1.50,No
40735,08/12/2026 09:53 AM,Rashid,Modifiers,+ Add avocado,Breakfast Sandwich,1,2.00,0.00,,2.00,No
40735,08/12/2026 09:53 AM,Rashid,Lunch,Turkey Club,,1,13.50,0.00,,13.50,No
40735,08/12/2026 09:53 AM,Rashid,Modifiers,+ Add bacon,Turkey Club,1,2.50,0.00,,2.50,No
40736,08/12/2026 09:14 AM,Rashid,Bakery,Blueberry Muffin,,1,3.50,0.00,,3.50,No
40736,08/12/2026 09:14 AM,Rashid,Breakfast,Avocado Toast,,1,11.00,11.00,Comp - manager,0.00,No
40737,08/12/2026 11:16 AM,Maribel,Coffee & Tea,Chai Tea,,1,4.75,0.00,,4.75,No
40737,08/12/2026 11:16 AM,Maribel,Coffee & Tea,Cappuccino,,1,4.75,0.00,,4.75,No
40737,08/12/2026 11:16 AM,Maribel,Modifiers,+ Oat milk,Cappuccino,1,0.75,0.00,,0.75,No
40738,08/12/2026 02:21 PM,Theo,Bakery,Chocolate Chip Cookie,,1,2.75,0.00,,2.75,No
40739,08/12/2026 11:20 AM,Kai,Coffee & Tea,Drip Coffee,,1,3.00,3.00,Comp - manager,0.00,No
40740,08/12/2026 12:04 PM,Ines,Coffee & Tea,Latte,,1,5.25,0.00,,5.25,No
40740,08/12/2026 12:04 PM,Ines,Modifiers,+ Oat milk,Latte,1,0.75,0.00,,0.75,No
40740,08/12/2026 12:04 PM,Ines,Modifiers,+ Vanilla syrup,Latte,1,0.60,0.00,,0.60,No
40741,08/12/2026 10:01 AM,Kai,Coffee & Tea,Chai Tea,,1,4.75,0.00,,4.75,No
40741,08/12/2026 10:01 AM,Kai,Lunch,Greek Salad,,1,12.00,0.00,,12.00,No
40741,08/12/2026 10:01 AM,Kai,Modifiers,+ No onions,Greek Salad,1,0.00,0.00,,0.00,No
40742,08/12/2026 11:28 AM,Kai,Breakfast,Breakfast Sandwich,,1,9.50,0.00,,9.50,No
40742,08/12/2026 11:28 AM,Kai,Modifiers,+ Add bacon,Breakfast Sandwich,1,2.50,0.00,,2.50,No
40742,08/12/2026 11:28 AM,Kai,Modifiers,+ Add egg,Breakfast Sandwich,1,1.50,0.00,,1.50,No
40742,08/12/2026 11:28 AM,Kai,Modifiers,+ Add avocado,Breakfast Sandwich,1,2.00,0.00,,2.00,No
40742,08/12/2026 11:28 AM,Kai,Bakery,Blueberry Muffin,,1,3.50,0.00,,3.50,No
40743,08/12/2026 01:40 PM,Kai,Coffee & Tea,Latte,,1,5.25,0.00,,5.25,No
40744,08/12/2026 11:50 AM,Kai,Coffee & Tea,Drip Coffee,,1,3.00,0.00,,3.00,No
40745,08/12/2026 02:38 PM,Rashid,Bakery,Chocolate Chip Cookie,,1,2.75,0.00,,2.75,No
40746,08/12/2026 11:55 AM,Rashid,Coffee & Tea,Chai Tea,,1,4.75,0.00,,4.75,No
40746,08/12/2026 11:55 AM,Rashid,Bakery,Croissant,,1,3.75,0.00,,3.75,No
40746,08/12/2026 11:55 AM,Rashid,Lunch,Greek Salad,,1,12.00,0.00,,12.00,No
40746,08/12/2026 11:55 AM,Rashid,Modifiers,+ Add avocado,Greek Salad,1,2.00,0.00,,2.00,No
40747,08/12/2026 02:39 PM,Rashid,Coffee & Tea,Latte,,1,5.25,0.00,,5.25,No
40747,08/12/2026 02:39 PM,Rashid,Modifiers,+ Vanilla syrup,Latte,1,0.60,0.00,,0.60,No
40747,08/12/2026 02:39 PM,Rashid,Coffee & Tea,Drip Coffee,,1,3.00,0.00,,3.00,No
40748,08/12/2026 02:31 PM,Rashid,Coffee & Tea,Cold Brew,,1,4.50,0.00,,4.50,No
40748,08/12/2026 02:31 PM,Rashid,Modifiers,+ Oat milk,Cold Brew,1,0.75,0.00,,0.75,No
40748,08/12/2026 02:31 PM,Rashid,Coffee & Tea,Latte,,1,5.25,0.00,,5.25,No
40748,08/12/2026 02:31 PM,Rashid,Breakfast,Breakfast Sandwich,,1,9.50,0.00,,9.50,No
40748,08/12/2026 02:31 PM,Rashid,Modifiers,+ Add bacon,Breakfast Sandwich,1,2.50,0.00,,2.50,No
40749,08/12/2026 12:05 PM,Rashid,Bakery,Croissant,,1,3.75,0.00,,3.75,No
40749,08/12/2026 12:05 PM,Rashid,Coffee & Tea,Cappuccino,,1,4.75,0.00,,4.75,No
40750,08/12/2026 07:35 AM,Maribel,Breakfast,Oatmeal Bowl,,1,7.50,0.00,,7.50,No
40750,08/12/2026 07:35 AM,Maribel,Lunch,Turkey Club,,1,13.50,0.00,,13.50,No
40750,08/12/2026 07:35 AM,Maribel,Modifiers,+ Gluten-free bread,Turkey Club,1,1.50,0.00,,1.50,No
40751,08/12/2026 10:55 AM,Rashid,Coffee & Tea,Cappuccino,,1,4.75,0.00,,4.75,No
40752,08/12/2026 10:08 AM,Rashid,Bakery,Croissant,,1,3.75,0.00,,3.75,No
40753,08/12/2026 12:26 PM,Maribel,Lunch,Turkey Club,,1,13.50,0.00,,13.50,No
40753,08/12/2026 12:26 PM,Maribel,Modifiers,+ Add bacon,Turkey Club,1,2.50,0.00,,2.50,No
40753,08/12/2026 12:26 PM,Maribel,Lunch,Greek Salad,,1,12.00,0.00,,12.00,No
40754,08/13/2026 09:02 AM,Rashid,Coffee & Tea,Cappuccino,,1,4.75,2.38,Staff meal 50%,2.37,No
40755,08/13/2026 12:35 PM,Ines,Coffee & Tea,Cappuccino,,1,4.75,0.00,,4.75,No
40755,08/13/2026 12:35 PM,Ines,Modifiers,+ Oat milk,Cappuccino,1,0.75,0.00,,0.75,No
40755,08/13/2026 12:35 PM,Ines,Coffee & Tea,Cappuccino,,1,4.75,0.00,,4.75,No
40756,08/13/2026 10:23 AM,Maribel,Coffee & Tea,Cold Brew,,1,4.50,0.00,,4.50,No
40756,08/13/2026 10:23 AM,Maribel,Modifiers,+ Oat milk,Cold Brew,1,0.75,0.00,,0.75,No
40757,08/13/2026 01:19 PM,Ines,Lunch,Turkey Club,,1,13.50,0.00,,13.50,No
40757,08/13/2026 01:19 PM,Ines,Breakfast,Avocado Toast,,1,11.00,0.00,,11.00,No
40758,08/13/2026 09:29 AM,Theo,Coffee & Tea,Latte,,1,5.25,0.00,,5.25,No
40758,08/13/2026 09:29 AM,Theo,Modifiers,+ Extra shot,Latte,1,1.00,0.00,,1.00,No
40759,08/13/2026 07:26 AM,Kai,Coffee & Tea,Cold Brew,,1,4.50,0.00,,4.50,No
40759,08/13/2026 07:26 AM,Kai,Modifiers,+ Oat milk,Cold Brew,1,0.75,0.00,,0.75,No
40759,08/13/2026 07:26 AM,Kai,Coffee & Tea,Cappuccino,,1,4.75,0.00,,4.75,No
40759,08/13/2026 07:26 AM,Kai,Coffee & Tea,Latte,,1,5.25,0.00,,5.25,No
40759,08/13/2026 07:26 AM,Kai,Modifiers,+ Oat milk,Latte,1,0.75,0.00,,0.75,No
40759,08/13/2026 07:26 AM,Kai,Modifiers,+ Vanilla syrup,Latte,1,0.60,0.00,,0.60,No
40760,08/13/2026 01:24 PM,Ines,Coffee & Tea,Cappuccino,,1,4.75,0.00,,4.75,No
40760,08/13/2026 01:24 PM,Ines,Modifiers,+ Oat milk,Cappuccino,1,0.75,0.00,,0.75,No
40761,08/13/2026 01:32 PM,Maribel,Breakfast,Breakfast Sandwich,,1,9.50,9.50,Comp - manager,0.00,No
40762,08/13/2026 12:18 PM,Rashid,Coffee & Tea,Cappuccino,,1,4.75,0.00,,4.75,No
40762,08/13/2026 12:18 PM,Rashid,Modifiers,+ Extra shot,Cappuccino,1,1.00,0.00,,1.00,No
40763,08/13/2026 07:01 AM,Theo,Coffee & Tea,Cold Brew,,1,4.50,0.00,,4.50,No
40763,08/13/2026 07:01 AM,Theo,Modifiers,+ Oat milk,Cold Brew,1,0.75,0.00,,0.75,No
40763,08/13/2026 07:01 AM,Theo,Coffee & Tea,Drip Coffee,,1,3.00,0.00,,3.00,No
40763,08/13/2026 07:01 AM,Theo,Breakfast,Avocado Toast,,1,11.00,0.00,,11.00,No
40763,08/13/2026 07:01 AM,Theo,Modifiers,+ Gluten-free bread,Avocado Toast,1,1.50,0.00,,1.50,No
40764,08/13/2026 08:26 AM,Ines,Bakery,Croissant,,1,3.75,0.00,,3.75,No
40765,08/13/2026 11:21 AM,Rashid,Lunch,Turkey Club,,1,13.50,0.00,,13.50,No
40765,08/13/2026 11:21 AM,Rashid,Modifiers,+ Add bacon,Turkey Club,1,2.50,0.00,,2.50,No
40765,08/13/2026 11:21 AM,Rashid,Coffee & Tea,Latte,,1,5.25,0.00,,5.25,No
40765,08/13/2026 11:21 AM,Rashid,Modifiers,+ Oat milk,Latte,1,0.75,0.00,,0.75,No
40765,08/13/2026 11:21 AM,Rashid,Modifiers,+ Vanilla syrup,Latte,1,0.60,0.00,,0.60,No
40765,08/13/2026 11:21 AM,Rashid,Coffee & Tea,Latte,,1,5.25,0.00,,5.25,No
40766,08/13/2026 10:04 AM,Maribel,Coffee & Tea,Chai Tea,,1,4.75,0.00,,4.75,No
40767,08/13/2026 01:34 PM,Kai,Bakery,Chocolate Chip Cookie,,1,2.75,0.00,,2.75,No
40767,08/13/2026 01:34 PM,Kai,Breakfast,Breakfast Sandwich,,1,9.50,0.00,,9.50,No
40767,08/13/2026 01:34 PM,Kai,Modifiers,+ Add bacon,Breakfast Sandwich,1,2.50,0.00,,2.50,No
40768,08/13/2026 11:17 AM,Rashid,Coffee & Tea,Latte,,1,5.25,0.00,,5.25,No
40768,08/13/2026 11:17 AM,Rashid,Breakfast,Oatmeal Bowl,,1,7.50,0.00,,7.50,No
40769,08/13/2026 02:25 PM,Kai,Coffee & Tea,Cold Brew,,1,4.50,0.00,,4.50,No
40769,08/13/2026 02:25 PM,Kai,Bakery,Blueberry Muffin,,1,3.50,0.00,,3.50,No
40770,08/13/2026 11:18 AM,Ines,Lunch,Soup of the Day,,1,7.00,0.00,,7.00,No
40770,08/13/2026 11:18 AM,Ines,Coffee & Tea,Drip Coffee,,1,3.00,0.00,,3.00,No
40771,08/13/2026 08:02 AM,Ines,Coffee & Tea,Cappuccino,,1,4.75,0.00,,4.75,No
40771,08/13/2026 08:02 AM,Ines,Modifiers,+ Oat milk,Cappuccino,1,0.75,0.00,,0.75,No
40771,08/13/2026 08:02 AM,Ines,Breakfast,Breakfast Sandwich,,1,9.50,0.00,,9.50,No
40771,08/13/2026 08:02 AM,Ines,Modifiers,+ Add bacon,Breakfast Sandwich,1,2.50,0.00,,2.50,No
40771,08/13/2026 08:02 AM,Ines,Modifiers,+ Add avocado,Breakfast Sandwich,1,2.00,0.00,,2.00,No
40772,08/13/2026 07:50 AM,Kai,Bakery,Chocolate Chip Cookie,,1,2.75,0.00,,2.75,No
40772,08/13/2026 07:50 AM,Kai,Coffee & Tea,Drip Coffee,,1,3.00,0.00,,3.00,No
40773,08/13/2026 09:36 AM,Rashid,Coffee & Tea,Latte,,1,5.25,0.00,,5.25,No
40773,08/13/2026 09:36 AM,Rashid,Modifiers,+ Extra shot,Latte,1,1.00,0.00,,1.00,No
40773,08/13/2026 09:36 AM,Rashid,Lunch,Greek Salad,,1,12.00,0.00,,12.00,No
40774,08/13/2026 12:48 PM,Theo,Coffee & Tea,Latte,,1,5.25,0.00,,5.25,No
40774,08/13/2026 12:48 PM,Theo,Coffee & Tea,Cappuccino,,1,4.75,0.00,,4.75,No
40774,08/13/2026 12:48 PM,Theo,Breakfast,Avocado Toast,,1,11.00,0.00,,11.00,No
40774,08/13/2026 12:48 PM,Theo,Modifiers,+ Add egg,Avocado Toast,1,1.50,0.00,,1.50,No
40775,08/13/2026 09:24 AM,Kai,Coffee & Tea,Drip Coffee,,1,3.00,0.00,,3.00,No
40775,08/13/2026 09:24 AM,Kai,Coffee & Tea,Latte,,1,5.25,0.00,,5.25,No
40776,08/13/2026 01:07 PM,Theo,Coffee & Tea,Cappuccino,,1,4.75,0.00,,4.75,No
40776,08/13/2026 01:07 PM,Theo,Bakery,Croissant,,1,3.75,0.00,,3.75,No
40776,08/13/2026 01:07 PM,Theo,Breakfast,Avocado Toast,,1,11.00,0.00,,0.00,Yes
40776,08/13/2026 01:07 PM,Theo,Modifiers,+ Gluten-free bread,Avocado Toast,1,1.50,0.00,,0.00,Yes
40777,08/13/2026 01:35 PM,Maribel,Lunch,Turkey Club,,1,13.50,0.00,,13.50,No
40778,08/13/2026 02:04 PM,Maribel,Breakfast,Avocado Toast,,1,11.00,0.00,,11.00,No
40779,08/13/2026 02:52 PM,Ines,Coffee & Tea,Chai Tea,,1,4.75,2.38,Staff meal 50%,2.37,No
40780,08/13/2026 09:57 AM,Ines,Coffee & Tea,Drip Coffee,,1,3.00,0.00,,3.00,No
40781,08/13/2026 02:29 PM,Theo,Breakfast,Oatmeal Bowl,,1,7.50,0.00,,7.50,No
40782,08/13/2026 10:47 AM,Kai,Lunch,Greek Salad,,1,12.00,0.00,,12.00,No
40782,08/13/2026 10:47 AM,Kai,Modifiers,+ Add avocado,Greek Salad,1,2.00,0.00,,2.00,No
40782,08/13/2026 10:47 AM,Kai,Coffee & Tea,Drip Coffee,,1,3.00,0.00,,3.00,No
40783,08/13/2026 07:59 AM,Ines,Breakfast,Avocado Toast,,1,11.00,0.00,,0.00,Yes
40783,08/13/2026 07:59 AM,Ines,Modifiers,+ Add egg,Avocado Toast,1,1.50,0.00,,0.00,Yes
40784,08/13/2026 01:06 PM,Ines,Coffee & Tea,Latte,,1,5.25,0.00,,5.25,No
40784,08/13/2026 01:06 PM,Ines,Modifiers,+ Vanilla syrup,Latte,1,0.60,0.00,,0.60,No
40785,08/13/2026 08:06 AM,Rashid,Coffee & Tea,Cold Brew,,1,4.50,0.00,,4.50,No
40785,08/13/2026 08:06 AM,Rashid,Modifiers,+ Vanilla syrup,Cold Brew,1,0.60,0.00,,0.60,No
40786,08/13/2026 12:58 PM,Ines,Breakfast,Breakfast Sandwich,,1,9.50,0.00,,9.50,No
40786,08/13/2026 12:58 PM,Ines,Lunch,Soup of the Day,,1,7.00,0.00,,7.00,No
40786,08/13/2026 12:58 PM,Ines,Bakery,Blueberry Muffin,,1,3.50,0.00,,3.50,No
40787,08/13/2026 12:38 PM,Theo,Lunch,Soup of the Day,,1,7.00,0.00,,7.00,No
40788,08/13/2026 01:55 PM,Kai,Lunch,Soup of the Day,,1,7.00,0.00,,7.00,No
40789,08/13/2026 09:45 AM,Rashid,Coffee & Tea,Drip Coffee,,1,3.00,0.00,,3.00,No
40789,08/13/2026 09:45 AM,Rashid,Breakfast,Breakfast Sandwich,,1,9.50,0.00,,9.50,No
40790,08/13/2026 12:59 PM,Kai,Coffee & Tea,Chai Tea,,1,4.75,0.00,,4.75,No
40790,08/13/2026 12:59 PM,Kai,Lunch,Turkey Club,,1,13.50,0.00,,13.50,No
40790,08/13/2026 12:59 PM,Kai,Modifiers,+ Gluten-free bread,Turkey Club,1,1.50,0.00,,1.50,No
40791,08/13/2026 10:50 AM,Rashid,Coffee & Tea,Drip Coffee,,1,3.00,0.00,,3.00,No
40791,08/13/2026 10:50 AM,Rashid,Coffee & Tea,Chai Tea,,1,4.75,0.00,,4.75,No
40792,08/13/2026 10:20 AM,Kai,Coffee & Tea,Drip Coffee,,1,3.00,0.00,,3.00,No
40792,08/13/2026 10:20 AM,Kai,Coffee & Tea,Latte,,1,5.25,0.00,,5.25,No
40792,08/13/2026 10:20 AM,Kai,Breakfast,Oatmeal Bowl,,1,7.50,0.00,,7.50,No
40793,08/13/2026 12:31 PM,Ines,Coffee & Tea,Drip Coffee,,1,3.00,1.50,Staff meal 50%,1.50,No
40793,08/13/2026 12:31 PM,Ines,Bakery,Croissant,,1,3.75,1.88,Staff meal 50%,1.87,No
40793,08/13/2026 12:31 PM,Ines,Coffee & Tea,Latte,,1,5.25,2.62,Staff meal 50%,2.63,No
40793,08/13/2026 12:31 PM,Ines,Modifiers,+ Vanilla syrup,Latte,1,0.60,0.30,Staff meal 50%,0.30,No
40794,08/14/2026 09:09 AM,Kai,Breakfast,Breakfast Sandwich,,1,9.50,0.00,,9.50,No
40795,08/14/2026 12:46 PM,Ines,Breakfast,Breakfast Sandwich,,1,9.50,0.00,,9.50,No
40795,08/14/2026 12:46 PM,Ines,Modifiers,+ Add avocado,Breakfast Sandwich,1,2.00,0.00,,2.00,No
40796,08/14/2026 12:53 PM,Kai,Coffee & Tea,Latte,,1,5.25,0.00,,5.25,No
40796,08/14/2026 12:53 PM,Kai,Modifiers,+ Vanilla syrup,Latte,1,0.60,0.00,,0.60,No
40797,08/14/2026 01:05 PM,Ines,Breakfast,Avocado Toast,,1,11.00,0.00,,11.00,No
40797,08/14/2026 01:05 PM,Ines,Breakfast,Breakfast Sandwich,,1,9.50,0.00,,9.50,No
40798,08/14/2026 02:26 PM,Maribel,Coffee & Tea,Chai Tea,,1,4.75,0.00,,4.75,No
40799,08/14/2026 02:21 PM,Kai,Bakery,Croissant,,1,3.75,0.00,,3.75,No
40799,08/14/2026 02:21 PM,Kai,Lunch,Soup of the Day,,1,7.00,0.00,,7.00,No
40799,08/14/2026 02:21 PM,Kai,Coffee & Tea,Cappuccino,,1,4.75,0.00,,4.75,No
40799,08/14/2026 02:21 PM,Kai,Modifiers,+ Oat milk,Cappuccino,1,0.75,0.00,,0.75,No
40800,08/14/2026 10:13 AM,Ines,Coffee & Tea,Drip Coffee,,1,3.00,0.00,,3.00,No
40801,08/14/2026 09:28 AM,Maribel,Coffee & Tea,Drip Coffee,,1,3.00,0.00,,3.00,No
40801,08/14/2026 09:28 AM,Maribel,Lunch,Soup of the Day,,1,7.00,0.00,,7.00,No
40802,08/14/2026 08:40 AM,Theo,Bakery,Chocolate Chip Cookie,,1,2.75,0.00,,2.75,No
40803,08/14/2026 08:49 AM,Theo,Lunch,Soup of the Day,,1,7.00,0.00,,7.00,No
40804,08/14/2026 09:50 AM,Rashid,Coffee & Tea,Latte,,1,5.25,2.62,Staff meal 50%,2.63,No
40804,08/14/2026 09:50 AM,Rashid,Modifiers,+ Oat milk,Latte,1,0.75,0.38,Staff meal 50%,0.37,No
40805,08/14/2026 01:13 PM,Ines,Coffee & Tea,Cold Brew,,1,4.50,0.00,,4.50,No
40806,08/14/2026 08:51 AM,Maribel,Lunch,Greek Salad,,1,12.00,0.00,,12.00,No
40806,08/14/2026 08:51 AM,Maribel,Coffee & Tea,Latte,,1,5.25,0.00,,5.25,No
40806,08/14/2026 08:51 AM,Maribel,Modifiers,+ Oat milk,Latte,1,0.75,0.00,,0.75,No
40807,08/14/2026 09:01 AM,Ines,Bakery,Chocolate Chip Cookie,,1,2.75,0.00,,2.75,No
40808,08/14/2026 02:39 PM,Ines,Lunch,Turkey Club,,1,13.50,0.00,,13.50,No
40808,08/14/2026 02:39 PM,Ines,Modifiers,+ Gluten-free bread,Turkey Club,1,1.50,0.00,,1.50,No
40808,08/14/2026 02:39 PM,Ines,Coffee & Tea,Drip Coffee,,1,3.00,0.00,,3.00,No
40808,08/14/2026 02:39 PM,Ines,Coffee & Tea,Latte,,1,5.25,0.00,,5.25,No
40809,08/14/2026 08:36 AM,Rashid,Lunch,Greek Salad,,1,12.00,12.00,Comp - manager,0.00,No
40809,08/14/2026 08:36 AM,Rashid,Lunch,Soup of the Day,,1,7.00,7.00,Comp - manager,0.00,No
40810,08/14/2026 07:23 AM,Rashid,Lunch,Turkey Club,,1,13.50,0.00,,13.50,No
40811,08/14/2026 09:11 AM,Theo,Bakery,Croissant,,1,3.75,0.00,,3.75,No
40811,08/14/2026 09:11 AM,Theo,Coffee & Tea,Latte,,1,5.25,0.00,,5.25,No
40811,08/14/2026 09:11 AM,Theo,Modifiers,+ Vanilla syrup,Latte,1,0.60,0.00,,0.60,No
40812,08/14/2026 08:37 AM,Theo,Bakery,Croissant,,1,3.75,0.00,,3.75,No
40812,08/14/2026 08:37 AM,Theo,Coffee & Tea,Drip Coffee,,1,3.00,0.00,,3.00,No
40813,08/14/2026 08:37 AM,Ines,Coffee & Tea,Latte,,1,5.25,0.00,,5.25,No
40813,08/14/2026 08:37 AM,Ines,Coffee & Tea,Drip Coffee,,1,3.00,0.00,,3.00,No
40813,08/14/2026 08:37 AM,Ines,Coffee & Tea,Cappuccino,,1,4.75,0.00,,4.75,No
40814,08/14/2026 07:01 AM,Rashid,Bakery,Blueberry Muffin,,1,3.50,0.00,,3.50,No
40814,08/14/2026 07:01 AM,Rashid,Coffee & Tea,Drip Coffee,,1,3.00,0.00,,3.00,No
40814,08/14/2026 07:01 AM,Rashid,Bakery,Blueberry Muffin,,1,3.50,0.00,,3.50,No
40815,08/14/2026 02:03 PM,Kai,Breakfast,Avocado Toast,,1,11.00,0.00,,11.00,No
40815,08/14/2026 02:03 PM,Kai,Modifiers,+ Add egg,Avocado Toast,1,1.50,0.00,,1.50,No
40815,08/14/2026 02:03 PM,Kai,Bakery,Croissant,,1,3.75,0.00,,3.75,No
40816,08/14/2026 11:25 AM,Kai,Lunch,Soup of the Day,,1,7.00,3.50,Staff meal 50%,3.50,No
40817,08/14/2026 11:15 AM,Theo,Coffee & Tea,Cold Brew,,1,4.50,0.00,,4.50,No
40817,08/14/2026 11:15 AM,Theo,Modifiers,+ Oat milk,Cold Brew,1,0.75,0.00,,0.75,No
40818,08/14/2026 12:54 PM,Kai,Coffee & Tea,Drip Coffee,,1,3.00,0.00,,3.00,No
40818,08/14/2026 12:54 PM,Kai,Coffee & Tea,Drip Coffee,,1,3.00,0.00,,3.00,No
40819,08/14/2026 02:30 PM,Maribel,Breakfast,Breakfast Sandwich,,1,9.50,0.00,,9.50,No
40819,08/14/2026 02:30 PM,Maribel,Modifiers,+ Add bacon,Breakfast Sandwich,1,2.50,0.00,,2.50,No
40820,08/14/2026 07:26 AM,Ines,Coffee & Tea,Cappuccino,,1,4.75,0.00,,4.75,No
40821,08/14/2026 11:37 AM,Rashid,Coffee & Tea,Cold Brew,,1,4.50,0.00,,4.50,No
40821,08/14/2026 11:37 AM,Rashid,Modifiers,+ Vanilla syrup,Cold Brew,1,0.60,0.00,,0.60,No
40821,08/14/2026 11:37 AM,Rashid,Coffee & Tea,Drip Coffee,,1,3.00,0.00,,0.00,Yes
40822,08/14/2026 07:10 AM,Kai,Coffee & Tea,Latte,,1,5.25,0.00,,5.25,No
40823,08/14/2026 07:38 AM,Ines,Coffee & Tea,Cold Brew,,1,4.50,4.50,Comp - manager,0.00,No
40823,08/14/2026 07:38 AM,Ines,Modifiers,+ Oat milk,Cold Brew,1,0.75,0.75,Comp - manager,0.00,No
40823,08/14/2026 07:38 AM,Ines,Breakfast,Avocado Toast,,1,11.00,11.00,Comp - manager,0.00,No
40824,08/14/2026 01:45 PM,Rashid,Bakery,Chocolate Chip Cookie,,1,2.75,0.00,,2.75,No
40825,08/14/2026 02:50 PM,Ines,Coffee & Tea,Latte,,1,5.25,0.00,,5.25,No
40825,08/14/2026 02:50 PM,Ines,Modifiers,+ Oat milk,Latte,1,0.75,0.00,,0.75,No
40826,08/14/2026 11:19 AM,Ines,Coffee & Tea,Drip Coffee,,1,3.00,0.00,,3.00,No
40827,08/14/2026 01:07 PM,Maribel,Breakfast,Breakfast Sandwich,,1,9.50,0.00,,9.50,No
40828,08/14/2026 01:35 PM,Rashid,Coffee & Tea,Drip Coffee,,1,3.00,0.00,,3.00,No
40828,08/14/2026 01:35 PM,Rashid,Coffee & Tea,Cold Brew,,1,4.50,0.00,,4.50,No
40829,08/14/2026 12:56 PM,Ines,Lunch,Soup of the Day,,1,7.00,0.00,,7.00,No
40829,08/14/2026 12:56 PM,Ines,Lunch,Soup of the Day,,1,7.00,0.00,,7.00,No
40829,08/14/2026 12:56 PM,Ines,Lunch,Soup of the Day,,1,7.00,0.00,,7.00,No
40830,08/14/2026 01:29 PM,Rashid,Breakfast,Avocado Toast,,1,11.00,0.00,,11.00,No
40830,08/14/2026 01:29 PM,Rashid,Coffee & Tea,Latte,,1,5.25,0.00,,5.25,No
40831,08/14/2026 12:50 PM,Rashid,Coffee & Tea,Chai Tea,,1,4.75,0.00,,4.75,No
40832,08/14/2026 10:35 AM,Theo,Breakfast,Oatmeal Bowl,,1,7.50,0.00,,7.50,No
40833,08/14/2026 11:32 AM,Rashid,Breakfast,Breakfast Sandwich,,1,9.50,0.00,,9.50,No
40833,08/14/2026 11:32 AM,Rashid,Modifiers,+ Add bacon,Breakfast Sandwich,1,2.50,0.00,,2.50,No
40833,08/14/2026 11:32 AM,Rashid,Coffee & Tea,Cappuccino,,1,4.75,0.00,,4.75,No
40833,08/14/2026 11:32 AM,Rashid,Bakery,Croissant,,1,3.75,0.00,,3.75,No
40834,08/15/2026 09:35 AM,Kai,Breakfast,Smashed Avocado Toast,,1,11.00,0.00,,11.00,No
40834,08/15/2026 09:35 AM,Kai,Lunch,Turkey Club,,1,13.50,0.00,,13.50,No
40834,08/15/2026 09:35 AM,Kai,Modifiers,+ Add bacon,Turkey Club,1,2.50,0.00,,2.50,No
40834,08/15/2026 09:35 AM,Kai,Lunch,Soup of the Day,,1,7.00,0.00,,7.00,No
40835,08/15/2026 12:54 PM,Theo,Coffee & Tea,Chai Tea,,1,4.75,0.00,,4.75,No
40836,08/15/2026 09:49 AM,Maribel,Lunch,Turkey Club,,1,13.50,0.00,,13.50,No
40836,08/15/2026 09:49 AM,Maribel,Coffee & Tea,Drip Coffee,,1,3.00,0.00,,3.00,No
40837,08/15/2026 02:18 PM,Kai,Coffee & Tea,Cold Brew,,1,4.50,0.00,,4.50,No
40837,08/15/2026 02:18 PM,Kai,Coffee & Tea,Latte,,1,5.25,0.00,,5.25,No
40838,08/15/2026 09:24 AM,Maribel,Bakery,Blueberry Muffin,,1,3.50,0.00,,3.50,No
40839,08/15/2026 11:59 AM,Kai,Lunch,Turkey Club,,1,13.50,0.00,,13.50,No
40840,08/15/2026 12:32 PM,Maribel,Bakery,Croissant,,1,3.75,0.00,,3.75,No
40841,08/15/2026 01:17 PM,Maribel,Lunch,Greek Salad,,1,12.00,0.00,,12.00,No
40841,08/15/2026 01:17 PM,Maribel,Coffee & Tea,Drip Coffee,,1,3.00,0.00,,3.00,No
40842,08/15/2026 08:01 AM,Theo,Lunch,Greek Salad,,1,12.00,0.00,,12.00,No
40842,08/15/2026 08:01 AM,Theo,Coffee & Tea,Cappuccino,,1,4.75,0.00,,4.75,No
40842,08/15/2026 08:01 AM,Theo,Modifiers,+ Extra shot,Cappuccino,1,1.00,0.00,,1.00,No
40843,08/15/2026 08:49 AM,Maribel,Coffee & Tea,Drip Coffee,,1,3.00,0.00,,3.00,No
40843,08/15/2026 08:49 AM,Maribel,Lunch,Turkey Club,,1,13.50,0.00,,13.50,No
40843,08/15/2026 08:49 AM,Maribel,Bakery,Croissant,,1,3.75,0.00,,3.75,No
40844,08/15/2026 10:27 AM,Ines,Coffee & Tea,Latte,,1,5.25,0.00,,5.25,No
40844,08/15/2026 10:27 AM,Ines,Modifiers,+ Oat milk,Latte,1,0.75,0.00,,0.75,No
40844,08/15/2026 10:27 AM,Ines,Bakery,Croissant,,1,3.75,3.75,Comp - manager,0.00,No
40845,08/15/2026 08:43 AM,Rashid,Bakery,Croissant,,1,3.75,0.00,,3.75,No
40845,08/15/2026 08:43 AM,Rashid,Bakery,Blueberry Muffin,,1,3.50,0.00,,3.50,No
40846,08/15/2026 01:31 PM,Rashid,Coffee & Tea,Cold Brew,,1,4.50,0.00,,4.50,No
40846,08/15/2026 01:31 PM,Rashid,Coffee & Tea,Drip Coffee,,1,3.00,0.00,,3.00,No
40847,08/15/2026 09:07 AM,Kai,Coffee & Tea,Chai Tea,,1,4.75,0.00,,4.75,No
40847,08/15/2026 09:07 AM,Kai,Lunch,Soup of the Day,,1,7.00,0.00,,7.00,No
40847,08/15/2026 09:07 AM,Kai,Breakfast,Smashed Avocado Toast,,1,11.00,0.00,,11.00,No
40847,08/15/2026 09:07 AM,Kai,Modifiers,+ Add egg,Smashed Avocado Toast,1,1.50,0.00,,1.50,No
40848,08/15/2026 08:40 AM,Kai,Bakery,Chocolate Chip Cookie,,1,2.75,0.00,,2.75,No
40848,08/15/2026 08:40 AM,Kai,Bakery,Chocolate Chip Cookie,,1,2.75,0.00,,2.75,No
40849,08/15/2026 12:38 PM,Maribel,Breakfast,Oatmeal Bowl,,1,7.50,0.00,,7.50,No
40849,08/15/2026 12:38 PM,Maribel,Coffee & Tea,Cappuccino,,1,4.75,0.00,,4.75,No
40850,08/15/2026 10:11 AM,Maribel,Breakfast,Breakfast Sandwich,,1,9.50,0.00,,9.50,No
40850,08/15/2026 10:11 AM,Maribel,Bakery,Croissant,,1,3.75,0.00,,3.75,No
40850,08/15/2026 10:11 AM,Maribel,Coffee & Tea,Drip Coffee,,1,3.00,0.00,,3.00,No
40851,08/15/2026 10:19 AM,Kai,Coffee & Tea,Cappuccino,,1,4.75,0.00,,4.75,No
40851,08/15/2026 10:19 AM,Kai,Modifiers,+ Extra shot,Cappuccino,1,1.00,0.00,,1.00,No
40851,08/15/2026 10:19 AM,Kai,Coffee & Tea,Latte,,1,5.25,0.00,,5.25,No
40852,08/15/2026 09:34 AM,Ines,Breakfast,Oatmeal Bowl,,1,7.50,7.50,Comp - manager,0.00,No
40852,08/15/2026 09:34 AM,Ines,Breakfast,Breakfast Sandwich,,1,9.50,0.00,,9.50,No
40853,08/15/2026 01:16 PM,Kai,Coffee & Tea,Chai Tea,,1,4.75,0.00,,4.75,No
40853,08/15/2026 01:16 PM,Kai,Coffee & Tea,Latte,,1,5.25,0.00,,5.25,No
40853,08/15/2026 01:16 PM,Kai,Modifiers,+ Oat milk,Latte,1,0.75,0.00,,0.75,No
40854,08/15/2026 08:52 AM,Maribel,Lunch,Turkey Club,,1,13.50,0.00,,13.50,No
40854,08/15/2026 08:52 AM,Maribel,Modifiers,+ Add bacon,Turkey Club,1,2.50,0.00,,2.50,No
40854,08/15/2026 08:52 AM,Maribel,Breakfast,Smashed Avocado Toast,,1,11.00,0.00,,11.00,No
40855,08/15/2026 07:40 AM,Maribel,Coffee & Tea,Cappuccino,,1,4.75,0.00,,4.75,No
40855,08/15/2026 07:40 AM,Maribel,Modifiers,+ Oat milk,Cappuccino,1,0.75,0.00,,0.75,No
40856,08/15/2026 11:04 AM,Maribel,Breakfast,Smashed Avocado Toast,,1,11.00,0.00,,11.00,No
40856,08/15/2026 11:04 AM,Maribel,Modifiers,+ Add egg,Smashed Avocado Toast,1,1.50,0.00,,1.50,No
40856,08/15/2026 11:04 AM,Maribel,Lunch,Greek Salad,,1,12.00,0.00,,12.00,No
40856,08/15/2026 11:04 AM,Maribel,Modifiers,+ Add avocado,Greek Salad,1,2.00,0.00,,2.00,No
40856,08/15/2026 11:04 AM,Maribel,Coffee & Tea,Cappuccino,,1,4.75,0.00,,4.75,No
40856,08/15/2026 11:04 AM,Maribel,Modifiers,+ Oat milk,Cappuccino,1,0.75,0.00,,0.75,No
40857,08/15/2026 08:55 AM,Kai,Breakfast,Breakfast Sandwich,,1,9.50,0.00,,9.50,No
40857,08/15/2026 08:55 AM,Kai,Coffee & Tea,Drip Coffee,,1,3.00,0.00,,3.00,No
40858,08/15/2026 10:23 AM,Kai,Coffee & Tea,Cold Brew,,1,4.50,0.00,,4.50,No
40858,08/15/2026 10:23 AM,Kai,Modifiers,+ Oat milk,Cold Brew,1,0.75,0.00,,0.75,No
40858,08/15/2026 10:23 AM,Kai,Lunch,Greek Salad,,1,12.00,0.00,,12.00,No
40859,08/15/2026 02:13 PM,Maribel,Coffee & Tea,Drip Coffee,,1,3.00,0.00,,3.00,No
40859,08/15/2026 02:13 PM,Maribel,Breakfast,Oatmeal Bowl,,1,7.50,0.00,,7.50,No
40860,08/15/2026 09:09 AM,Maribel,Coffee & Tea,Chai Tea,,1,4.75,0.00,,4.75,No
40860,08/15/2026 09:09 AM,Maribel,Coffee & Tea,Latte,,1,5.25,0.00,,5.25,No
40860,08/15/2026 09:09 AM,Maribel,Coffee & Tea,Drip Coffee,,1,3.00,0.00,,3.00,No
40861,08/15/2026 01:07 PM,Theo,Coffee & Tea,Cold Brew,,1,4.50,2.25,Staff meal 50%,2.25,No
40862,08/15/2026 12:50 PM,Ines,Coffee & Tea,Cold Brew,,1,4.50,0.00,,4.50,No
40862,08/15/2026 12:50 PM,Ines,Modifiers,+ Oat milk,Cold Brew,1,0.75,0.00,,0.75,No
40862,08/15/2026 12:50 PM,Ines,Lunch,Greek Salad,,1,12.00,0.00,,12.00,No
40862,08/15/2026 12:50 PM,Ines,Modifiers,+ Add avocado,Greek Salad,1,2.00,0.00,,2.00,No
40863,08/15/2026 09:44 AM,Maribel,Coffee & Tea,Cold Brew,,1,4.50,0.00,,4.50,No
40863,08/15/2026 09:44 AM,Maribel,Bakery,Chocolate Chip Cookie,,1,2.75,0.00,,2.75,No
40864,08/15/2026 09:15 AM,Kai,Coffee & Tea,Chai Tea,,1,4.75,0.00,,4.75,No
40864,08/15/2026 09:15 AM,Kai,Coffee & Tea,Cold Brew,,1,4.50,0.00,,4.50,No
40864,08/15/2026 09:15 AM,Kai,Breakfast,Smashed Avocado Toast,,1,11.00,0.00,,11.00,No
40864,08/15/2026 09:15 AM,Kai,Modifiers,+ Add egg,Smashed Avocado Toast,1,1.50,0.00,,1.50,No
40865,08/15/2026 10:11 AM,Kai,Breakfast,Oatmeal Bowl,,1,7.50,0.00,,7.50,No
40865,08/15/2026 10:11 AM,Kai,Coffee & Tea,Latte,,1,5.25,0.00,,5.25,No
40866,08/15/2026 11:57 AM,Kai,Breakfast,Breakfast Sandwich,,1,9.50,4.75,Staff meal 50%,4.75,No
40866,08/15/2026 11:57 AM,Kai,Modifiers,+ Add bacon,Breakfast Sandwich,1,2.50,1.25,Staff meal 50%,1.25,No
40866,08/15/2026 11:57 AM,Kai,Modifiers,+ Add egg,Breakfast Sandwich,1,1.50,0.75,Staff meal 50%,0.75,No
40866,08/15/2026 11:57 AM,Kai,Coffee & Tea,Cold Brew,,1,4.50,2.25,Staff meal 50%,2.25,No
40867,08/15/2026 11:50 AM,Theo,Breakfast,Breakfast Sandwich,,1,9.50,0.00,,9.50,No
40867,08/15/2026 11:50 AM,Theo,Modifiers,+ Add bacon,Breakfast Sandwich,1,2.50,0.00,,2.50,No
40867,08/15/2026 11:50 AM,Theo,Coffee & Tea,Latte,,1,5.25,0.00,,5.25,No
40868,08/15/2026 09:50 AM,Kai,Breakfast,Smashed Avocado Toast,,1,11.00,0.00,,11.00,No
40868,08/15/2026 09:50 AM,Kai,Modifiers,+ Add egg,Smashed Avocado Toast,1,1.50,0.00,,1.50,No
40869,08/15/2026 07:49 AM,Kai,Bakery,Blueberry Muffin,,1,3.50,0.00,,3.50,No
40869,08/15/2026 07:49 AM,Kai,Coffee & Tea,Latte,,1,5.25,0.00,,5.25,No
40869,08/15/2026 07:49 AM,Kai,Modifiers,+ Vanilla syrup,Latte,1,0.60,0.00,,0.60,No
40869,08/15/2026 07:49 AM,Kai,Coffee & Tea,Chai Tea,,1,4.75,0.00,,4.75,No
40870,08/15/2026 07:06 AM,Maribel,Coffee & Tea,Drip Coffee,,1,3.00,0.00,,3.00,No
40870,08/15/2026 07:06 AM,Maribel,Coffee & Tea,Drip Coffee,,1,3.00,0.00,,3.00,No
40871,08/15/2026 02:21 PM,Kai,Bakery,Blueberry Muffin,,1,3.50,0.00,,3.50,No
40871,08/15/2026 02:21 PM,Kai,Breakfast,Smashed Avocado Toast,,1,11.00,0.00,,11.00,No
40871,08/15/2026 02:21 PM,Kai,Modifiers,+ Gluten-free bread,Smashed Avocado Toast,1,1.50,0.00,,1.50,No
40872,08/15/2026 08:36 AM,Maribel,Breakfast,Oatmeal Bowl,,1,7.50,0.00,,7.50,No
40873,08/15/2026 12:39 PM,Theo,Coffee & Tea,Drip Coffee,,1,3.00,0.00,,3.00,No
40874,08/15/2026 08:59 AM,Maribel,Coffee & Tea,Drip Coffee,,1,3.00,0.00,,3.00,No
40874,08/15/2026 08:59 AM,Maribel,Coffee & Tea,Latte,,1,5.25,0.00,,5.25,No
40875,08/15/2026 10:57 AM,Ines,Breakfast,Breakfast Sandwich,,1,9.50,0.00,,9.50,No
40875,08/15/2026 10:57 AM,Ines,Modifiers,+ Add bacon,Breakfast Sandwich,1,2.50,0.00,,2.50,No
40875,08/15/2026 10:57 AM,Ines,Lunch,Soup of the Day,,1,7.00,0.00,,7.00,No
40876,08/15/2026 09:13 AM,Rashid,Lunch,Greek Salad,,1,12.00,0.00,,12.00,No
40877,08/15/2026 01:56 PM,Ines,Breakfast,Smashed Avocado Toast,,1,11.00,0.00,,11.00,No
40877,08/15/2026 01:56 PM,Ines,Breakfast,Breakfast Sandwich,,1,9.50,0.00,,9.50,No
40877,08/15/2026 01:56 PM,Ines,Modifiers,+ Add bacon,Breakfast Sandwich,1,2.50,0.00,,2.50,No
40878,08/15/2026 09:04 AM,Rashid,Bakery,Chocolate Chip Cookie,,1,2.75,0.00,,2.75,No
40879,08/15/2026 10:10 AM,Rashid,Coffee & Tea,Drip Coffee,,1,3.00,0.00,,3.00,No
40879,08/15/2026 10:10 AM,Rashid,Coffee & Tea,Cold Brew,,1,4.50,0.00,,4.50,No
40879,08/15/2026 10:10 AM,Rashid,Modifiers,+ Oat milk,Cold Brew,1,0.75,0.00,,0.75,No
40879,08/15/2026 10:10 AM,Rashid,Lunch,Turkey Club,,1,13.50,0.00,,13.50,No
40880,08/16/2026 12:25 PM,Maribel,Breakfast,Smashed Avocado Toast,,1,11.00,0.00,,11.00,No
40881,08/16/2026 07:14 AM,Theo,Breakfast,Smashed Avocado Toast,,1,11.00,0.00,,11.00,No
40881,08/16/2026 07:14 AM,Theo,Modifiers,+ Gluten-free bread,Smashed Avocado Toast,1,1.50,0.00,,1.50,No
40881,08/16/2026 07:14 AM,Theo,Breakfast,Smashed Avocado Toast,,1,11.00,0.00,,11.00,No
40881,08/16/2026 07:14 AM,Theo,Modifiers,+ Add egg,Smashed Avocado Toast,1,1.50,0.00,,1.50,No
40882,08/16/2026 10:28 AM,Theo,Bakery,Blueberry Muffin,,1,3.50,0.00,,3.50,No
40882,08/16/2026 10:28 AM,Theo,Breakfast,Smashed Avocado Toast,,1,11.00,0.00,,11.00,No
40883,08/16/2026 07:32 AM,Ines,Coffee & Tea,Cold Brew,,1,4.50,0.00,,4.50,No
40883,08/16/2026 07:32 AM,Ines,Modifiers,+ Vanilla syrup,Cold Brew,1,0.60,0.00,,0.60,No
40883,08/16/2026 07:32 AM,Ines,Coffee & Tea,Latte,,1,5.25,0.00,,5.25,No
40884,08/16/2026 09:57 AM,Rashid,Bakery,Blueberry Muffin,,1,3.50,0.00,,3.50,No
40885,08/16/2026 07:52 AM,Maribel,Breakfast,Smashed Avocado Toast,,1,11.00,0.00,,11.00,No
40886,08/16/2026 08:47 AM,Ines,Coffee & Tea,Latte,,1,5.25,0.00,,5.25,No
40886,08/16/2026 08:47 AM,Ines,Modifiers,+ Oat milk,Latte,1,0.75,0.00,,0.75,No
40886,08/16/2026 08:47 AM,Ines,Modifiers,+ Vanilla syrup,Latte,1,0.60,0.00,,0.60,No
40886,08/16/2026 08:47 AM,Ines,Bakery,Chocolate Chip Cookie,,1,2.75,0.00,,2.75,No
40887,08/16/2026 07:54 AM,Ines,Coffee & Tea,Cappuccino,,1,4.75,0.00,,4.75,No
40888,08/16/2026 09:24 AM,Theo,Coffee & Tea,Drip Coffee,,1,3.00,0.00,,3.00,No
40888,08/16/2026 09:24 AM,Theo,Coffee & Tea,Latte,,1,5.25,0.00,,5.25,No
40889,08/16/2026 07:35 AM,Maribel,Coffee & Tea,Cappuccino,,1,4.75,0.00,,4.75,No
40890,08/16/2026 02:10 PM,Maribel,Breakfast,Breakfast Sandwich,,1,9.50,0.00,,9.50,No
40891,08/16/2026 03:00 PM,Ines,Coffee & Tea,Cold Brew,,1,4.50,0.00,,4.50,No
40892,08/16/2026 08:29 AM,Ines,Breakfast,Smashed Avocado Toast,,1,11.00,0.00,,11.00,No
40893,08/16/2026 11:00 AM,Kai,Coffee & Tea,Drip Coffee,,1,3.00,0.00,,3.00,No
40893,08/16/2026 11:00 AM,Kai,Lunch,Soup of the Day,,1,7.00,0.00,,7.00,No
40894,08/16/2026 02:57 PM,Kai,Coffee & Tea,Latte,,1,5.25,0.00,,5.25,No
40894,08/16/2026 02:57 PM,Kai,Modifiers,+ Oat milk,Latte,1,0.75,0.00,,0.75,No
40894,08/16/2026 02:57 PM,Kai,Lunch,Greek Salad,,1,12.00,0.00,,12.00,No
40894,08/16/2026 02:57 PM,Kai,Coffee & Tea,Drip Coffee,,1,3.00,0.00,,3.00,No
40895,08/16/2026 08:17 AM,Maribel,Breakfast,Breakfast Sandwich,,1,9.50,0.00,,9.50,No
40895,08/16/2026 08:17 AM,Maribel,Modifiers,+ Add egg,Breakfast Sandwich,1,1.50,0.00,,1.50,No
40896,08/16/2026 01:32 PM,Kai,Coffee & Tea,Drip Coffee,,1,3.00,0.00,,3.00,No
40896,08/16/2026 01:32 PM,Kai,Coffee & Tea,Drip Coffee,,1,3.00,0.00,,3.00,No
40897,08/16/2026 12:15 PM,Maribel,Coffee & Tea,Cold Brew,,1,4.50,0.00,,4.50,No
40897,08/16/2026 12:15 PM,Maribel,Breakfast,Oatmeal Bowl,,1,7.50,0.00,,7.50,No
40898,08/16/2026 01:09 PM,Ines,Breakfast,Smashed Avocado Toast,,1,11.00,0.00,,11.00,No
40898,08/16/2026 01:09 PM,Ines,Coffee & Tea,Latte,,1,5.25,0.00,,5.25,No
40899,08/16/2026 07:26 AM,Kai,Coffee & Tea,Chai Tea,,1,4.75,0.00,,4.75,No
40900,08/16/2026 07:50 AM,Theo,Coffee & Tea,Cold Brew,,1,4.50,0.00,,4.50,No
40900,08/16/2026 07:50 AM,Theo,Modifiers,+ Oat milk,Cold Brew,1,0.75,0.00,,0.75,No
40900,08/16/2026 07:50 AM,Theo,Coffee & Tea,Cold Brew,,1,4.50,0.00,,4.50,No
40900,08/16/2026 07:50 AM,Theo,Coffee & Tea,Drip Coffee,,1,3.00,0.00,,3.00,No
40901,08/16/2026 09:53 AM,Ines,Bakery,Blueberry Muffin,,1,3.50,0.00,,3.50,No
40902,08/16/2026 08:25 AM,Ines,Lunch,Soup of the Day,,1,7.00,0.00,,7.00,No
40902,08/16/2026 08:25 AM,Ines,Bakery,Blueberry Muffin,,1,3.50,0.00,,3.50,No
40903,08/16/2026 02:20 PM,Maribel,Breakfast,Smashed Avocado Toast,,1,11.00,0.00,,11.00,No
40904,08/16/2026 07:33 AM,Theo,Breakfast,Breakfast Sandwich,,1,9.50,0.00,,9.50,No
40904,08/16/2026 07:33 AM,Theo,Modifiers,+ Add egg,Breakfast Sandwich,1,1.50,0.00,,1.50,No
40904,08/16/2026 07:33 AM,Theo,Modifiers,+ Add avocado,Breakfast Sandwich,1,2.00,0.00,,2.00,No
40905,08/16/2026 12:27 PM,Kai,Coffee & Tea,Latte,,1,5.25,0.00,,5.25,No
40905,08/16/2026 12:27 PM,Kai,Modifiers,+ Oat milk,Latte,1,0.75,0.00,,0.75,No
40905,08/16/2026 12:27 PM,Kai,Modifiers,+ Extra shot,Latte,1,1.00,0.00,,1.00,No
40905,08/16/2026 12:27 PM,Kai,Modifiers,+ Vanilla syrup,Latte,1,0.60,0.00,,0.60,No
40906,08/16/2026 11:41 AM,Theo,Lunch,Soup of the Day,,1,7.00,0.00,,7.00,No
40906,08/16/2026 11:41 AM,Theo,Bakery,Chocolate Chip Cookie,,1,2.75,0.00,,2.75,No
40907,08/16/2026 02:55 PM,Theo,Lunch,Greek Salad,,1,12.00,0.00,,12.00,No
40908,08/16/2026 02:20 PM,Rashid,Coffee & Tea,Cappuccino,,1,4.75,0.00,,4.75,No
40909,08/16/2026 12:25 PM,Kai,Coffee & Tea,Latte,,1,5.25,0.00,,5.25,No
40909,08/16/2026 12:25 PM,Kai,Modifiers,+ Oat milk,Latte,1,0.75,0.00,,0.75,No
40910,08/16/2026 08:16 AM,Maribel,Coffee & Tea,Latte,,1,5.25,0.00,,5.25,No
40910,08/16/2026 08:16 AM,Maribel,Modifiers,+ Extra shot,Latte,1,1.00,0.00,,1.00,No
40910,08/16/2026 08:16 AM,Maribel,Modifiers,+ Vanilla syrup,Latte,1,0.60,0.00,,0.60,No
40910,08/16/2026 08:16 AM,Maribel,Bakery,Blueberry Muffin,,1,3.50,0.00,,3.50,No
40910,08/16/2026 08:16 AM,Maribel,Coffee & Tea,Latte,,1,5.25,5.25,Comp - manager,0.00,No
40910,08/16/2026 08:16 AM,Maribel,Modifiers,+ Vanilla syrup,Latte,1,0.60,0.60,Comp - manager,0.00,No
40911,08/16/2026 07:06 AM,Kai,Coffee & Tea,Cold Brew,,1,4.50,0.00,,4.50,No
40912,08/16/2026 11:44 AM,Kai,Lunch,Greek Salad,,1,12.00,0.00,,12.00,No
40912,08/16/2026 11:44 AM,Kai,Coffee & Tea,Cappuccino,,1,4.75,0.00,,4.75,No
40912,08/16/2026 11:44 AM,Kai,Modifiers,+ Oat milk,Cappuccino,1,0.75,0.00,,0.75,No
40912,08/16/2026 11:44 AM,Kai,Bakery,Croissant,,1,3.75,0.00,,3.75,No
40913,08/16/2026 07:33 AM,Theo,Coffee & Tea,Drip Coffee,,1,3.00,0.00,,3.00,No
40914,08/16/2026 07:15 AM,Rashid,Coffee & Tea,Latte,,1,5.25,0.00,,5.25,No
40915,08/16/2026 02:08 PM,Ines,Lunch,Greek Salad,,1,12.00,0.00,,12.00,No
40915,08/16/2026 02:08 PM,Ines,Coffee & Tea,Cold Brew,,1,4.50,0.00,,4.50,No
40916,08/16/2026 08:29 AM,Rashid,Breakfast,Oatmeal Bowl,,1,7.50,0.00,,7.50,No
40917,08/16/2026 12:47 PM,Theo,Bakery,Blueberry Muffin,,1,3.50,0.00,,3.50,No
40917,08/16/2026 12:47 PM,Theo,Breakfast,Oatmeal Bowl,,1,7.50,0.00,,7.50,No
40918,08/16/2026 10:29 AM,Theo,Bakery,Blueberry Muffin,,1,3.50,0.00,,3.50,No
40919,08/16/2026 07:43 AM,Rashid,Bakery,Croissant,,1,3.75,0.00,,3.75,No
40920,08/17/2026 08:52 AM,Theo,Coffee & Tea,Chai Tea,,1,4.75,0.00,,4.75,No
40920,08/17/2026 08:52 AM,Theo,Bakery,Blueberry Muffin,,1,3.50,0.00,,3.50,No
40921,08/17/2026 01:00 PM,Theo,Bakery,Chocolate Chip Cookie,,1,2.75,0.00,,2.75,No
40921,08/17/2026 01:00 PM,Theo,Breakfast,Oatmeal Bowl,,1,7.50,0.00,,7.50,No
40921,08/17/2026 01:00 PM,Theo,Coffee & Tea,Chai Tea,,1,4.75,0.00,,4.75,No
40922,08/17/2026 10:41 AM,Ines,Breakfast,Smashed Avocado Toast,,1,11.00,0.00,,11.00,No
40922,08/17/2026 10:41 AM,Ines,Coffee & Tea,Drip Coffee,,1,3.00,0.00,,3.00,No
40923,08/17/2026 08:47 AM,Kai,Bakery,Croissant,,1,3.75,0.00,,3.75,No
40923,08/17/2026 08:47 AM,Kai,Coffee & Tea,Cold Brew,,1,4.50,0.00,,4.50,No
40924,08/17/2026 07:12 AM,Kai,Coffee & Tea,Latte,,1,5.25,0.00,,5.25,No
40924,08/17/2026 07:12 AM,Kai,Modifiers,+ Oat milk,Latte,1,0.75,0.00,,0.75,No
40924,08/17/2026 07:12 AM,Kai,Breakfast,Oatmeal Bowl,,1,7.50,0.00,,7.50,No
40925,08/17/2026 10:25 AM,Theo,Bakery,Chocolate Chip Cookie,,1,2.75,0.00,,2.75,No
40925,08/17/2026 10:25 AM,Theo,Coffee & Tea,Drip Coffee,,1,3.00,0.00,,3.00,No
40925,08/17/2026 10:25 AM,Theo,Coffee & Tea,Drip Coffee,,1,3.00,0.00,,3.00,No
40926,08/17/2026 11:34 AM,Rashid,Coffee & Tea,Drip Coffee,,1,3.00,0.00,,3.00,No
40926,08/17/2026 11:34 AM,Rashid,Coffee & Tea,Chai Tea,,1,4.75,0.00,,4.75,No
40927,08/17/2026 02:17 PM,Rashid,Coffee & Tea,Cold Brew,,1,4.50,0.00,,4.50,No
40928,08/17/2026 10:04 AM,Ines,Lunch,Greek Salad,,1,12.00,0.00,,12.00,No
40929,08/17/2026 07:47 AM,Kai,Coffee & Tea,Cold Brew,,1,4.50,0.00,,4.50,No
40929,08/17/2026 07:47 AM,Kai,Modifiers,+ Vanilla syrup,Cold Brew,1,0.60,0.00,,0.60,No
40929,08/17/2026 07:47 AM,Kai,Bakery,Blueberry Muffin,,1,3.50,0.00,,3.50,No
40929,08/17/2026 07:47 AM,Kai,Coffee & Tea,Latte,,1,5.25,0.00,,5.25,No
40929,08/17/2026 07:47 AM,Kai,Modifiers,+ Oat milk,Latte,1,0.75,0.00,,0.75,No
40930,08/17/2026 07:25 AM,Maribel,Coffee & Tea,Latte,,1,5.25,0.00,,5.25,No
40930,08/17/2026 07:25 AM,Maribel,Modifiers,+ Oat milk,Latte,1,0.75,0.00,,0.75,No
40931,08/17/2026 09:13 AM,Rashid,Coffee & Tea,Cappuccino,,1,4.75,0.00,,4.75,No
40931,08/17/2026 09:13 AM,Rashid,Modifiers,+ Oat milk,Cappuccino,1,0.75,0.00,,0.75,No
40931,08/17/2026 09:13 AM,Rashid,Coffee & Tea,Cold Brew,,1,4.50,0.00,,4.50,No
40932,08/17/2026 02:45 PM,Kai,Coffee & Tea,Cappuccino,,1,4.75,0.00,,4.75,No
40932,08/17/2026 02:45 PM,Kai,Modifiers,+ Oat milk,Cappuccino,1,0.75,0.00,,0.75,No
40932,08/17/2026 02:45 PM,Kai,Bakery,Blueberry Muffin,,1,3.50,0.00,,3.50,No
40933,08/17/2026 08:31 AM,Rashid,Coffee & Tea,Cappuccino,,1,4.75,0.00,,4.75,No
40934,08/17/2026 08:50 AM,Ines,Breakfast,Oatmeal Bowl,,1,7.50,0.00,,7.50,No
40934,08/17/2026 08:50 AM,Ines,Bakery,Blueberry Muffin,,1,3.50,0.00,,3.50,No
40935,08/17/2026 01:28 PM,Theo,Bakery,Chocolate Chip Cookie,,1,2.75,0.00,,2.75,No
40935,08/17/2026 01:28 PM,Theo,Bakery,Chocolate Chip Cookie,,1,2.75,0.00,,2.75,No
40936,08/17/2026 09:33 AM,Ines,Coffee & Tea,Cold Brew,,1,4.50,4.50,Comp - manager,0.00,No
40937,08/17/2026 12:43 PM,Kai,Breakfast,Oatmeal Bowl,,1,7.50,0.00,,7.50,No
40937,08/17/2026 12:43 PM,Kai,Lunch,Turkey Club,,1,13.50,0.00,,13.50,No
40937,08/17/2026 12:43 PM,Kai,Modifiers,+ Add bacon,Turkey Club,1,2.50,0.00,,2.50,No
40937,08/17/2026 12:43 PM,Kai,Breakfast,Oatmeal Bowl,,1,7.50,0.00,,7.50,No
40938,08/17/2026 07:17 AM,Rashid,Bakery,Blueberry Muffin,,1,3.50,0.00,,3.50,No
40938,08/17/2026 07:17 AM,Rashid,Coffee & Tea,Latte,,1,5.25,0.00,,5.25,No
40938,08/17/2026 07:17 AM,Rashid,Modifiers,+ Oat milk,Latte,1,0.75,0.00,,0.75,No
40939,08/17/2026 01:25 PM,Ines,Lunch,Turkey Club,,1,13.50,0.00,,13.50,No
40939,08/17/2026 01:25 PM,Ines,Coffee & Tea,Drip Coffee,,1,3.00,0.00,,3.00,No
40939,08/17/2026 01:25 PM,Ines,Bakery,Chocolate Chip Cookie,,1,2.75,0.00,,2.75,No
40940,08/17/2026 01:52 PM,Ines,Lunch,Greek Salad,,1,12.00,0.00,,12.00,No
40941,08/17/2026 09:59 AM,Kai,Coffee & Tea,Drip Coffee,,1,3.00,0.00,,3.00,No
40942,08/17/2026 09:48 AM,Rashid,Bakery,Croissant,,1,3.75,0.00,,3.75,No
40942,08/17/2026 09:48 AM,Rashid,Coffee & Tea,Cold Brew,,1,4.50,0.00,,4.50,No
40943,08/17/2026 02:08 PM,Ines,Breakfast,Smashed Avocado Toast,,1,11.00,0.00,,11.00,No
40944,08/17/2026 09:58 AM,Kai,Lunch,Turkey Club,,1,13.50,0.00,,13.50,No
40945,08/17/2026 12:49 PM,Kai,Bakery,Croissant,,1,3.75,0.00,,3.75,No
40946,08/17/2026 10:17 AM,Rashid,Coffee & Tea,Cold Brew,,1,4.50,0.00,,4.50,No
40946,08/17/2026 10:17 AM,Rashid,Coffee & Tea,Drip Coffee,,1,3.00,0.00,,3.00,No
40946,08/17/2026 10:17 AM,Rashid,Coffee & Tea,Drip Coffee,,1,3.00,0.00,,3.00,No
40947,08/17/2026 02:36 PM,Theo,Bakery,Blueberry Muffin,,1,3.50,0.00,,3.50,No
40947,08/17/2026 02:36 PM,Theo,Breakfast,Oatmeal Bowl,,1,7.50,0.00,,7.50,No
40947,08/17/2026 02:36 PM,Theo,Bakery,Blueberry Muffin,,1,3.50,0.00,,3.50,No
40948,08/17/2026 09:05 AM,Theo,Lunch,Turkey Club,,1,13.50,0.00,,13.50,No
40948,08/17/2026 09:05 AM,Theo,Modifiers,+ Add bacon,Turkey Club,1,2.50,0.00,,2.50,No
40948,08/17/2026 09:05 AM,Theo,Coffee & Tea,Latte,,1,5.25,0.00,,5.25,No
40948,08/17/2026 09:05 AM,Theo,Modifiers,+ Oat milk,Latte,1,0.75,0.00,,0.75,No
40948,08/17/2026 09:05 AM,Theo,Modifiers,+ Extra shot,Latte,1,1.00,0.00,,1.00,No
40948,08/17/2026 09:05 AM,Theo,Coffee & Tea,Drip Coffee,,1,3.00,0.00,,3.00,No
40949,08/17/2026 08:00 AM,Rashid,Coffee & Tea,Cappuccino,,1,4.75,0.00,,4.75,No
40950,08/17/2026 01:07 PM,Maribel,Bakery,Chocolate Chip Cookie,,1,2.75,0.00,,2.75,No
40950,08/17/2026 01:07 PM,Maribel,Coffee & Tea,Cold Brew,,1,4.50,0.00,,4.50,No
40951,08/17/2026 08:45 AM,Maribel,Breakfast,Oatmeal Bowl,,1,7.50,0.00,,7.50,No
40951,08/17/2026 08:45 AM,Maribel,Lunch,Soup of the Day,,1,7.00,0.00,,7.00,No
40952,08/17/2026 08:41 AM,Maribel,Bakery,Blueberry Muffin,,1,3.50,0.00,,3.50,No
40952,08/17/2026 08:41 AM,Maribel,Coffee & Tea,Latte,,1,5.25,0.00,,5.25,No
40952,08/17/2026 08:41 AM,Maribel,Modifiers,+ Extra shot,Latte,1,1.00,0.00,,1.00,No
40953,08/17/2026 11:19 AM,Maribel,Breakfast,Smashed Avocado Toast,,1,11.00,0.00,,11.00,No
40953,08/17/2026 11:19 AM,Maribel,Modifiers,+ Add egg,Smashed Avocado Toast,1,1.50,0.00,,1.50,No
40954,08/17/2026 08:58 AM,Maribel,Coffee & Tea,Cold Brew,,1,4.50,0.00,,4.50,No
40955,08/17/2026 10:56 AM,Theo,Lunch,Turkey Club,,1,13.50,0.00,,13.50,No
40955,08/17/2026 10:56 AM,Theo,Modifiers,+ Add bacon,Turkey Club,1,2.50,0.00,,2.50,No
40956,08/17/2026 01:29 PM,Theo,Coffee & Tea,Latte,,1,5.25,0.00,,5.25,No
40956,08/17/2026 01:29 PM,Theo,Modifiers,+ Oat milk,Latte,1,0.75,0.00,,0.75,No
40956,08/17/2026 01:29 PM,Theo,Modifiers,+ Vanilla syrup,Latte,1,0.60,0.00,,0.60,No
40956,08/17/2026 01:29 PM,Theo,Coffee & Tea,Cold Brew,,1,4.50,0.00,,4.50,No
40956,08/17/2026 01:29 PM,Theo,Modifiers,+ Oat milk,Cold Brew,1,0.75,0.00,,0.75,No
40956,08/17/2026 01:29 PM,Theo,Modifiers,+ Vanilla syrup,Cold Brew,1,0.60,0.00,,0.60,No
40956,08/17/2026 01:29 PM,Theo,Bakery,Blueberry Muffin,,1,3.50,0.00,,3.50,No
40957,08/17/2026 02:13 PM,Rashid,Coffee & Tea,Cold Brew,,1,4.50,0.00,,0.00,Yes
40958,08/18/2026 12:33 PM,Kai,Lunch,Greek Salad,,1,12.00,0.00,,12.00,No
40958,08/18/2026 12:33 PM,Kai,Coffee & Tea,Latte,,1,5.25,0.00,,5.25,No
40958,08/18/2026 12:33 PM,Kai,Breakfast,Smashed Avocado Toast,,1,11.00,0.00,,11.00,No
40959,08/18/2026 08:24 AM,Kai,Coffee & Tea,Drip Coffee,,1,3.00,0.00,,3.00,No
40960,08/18/2026 08:56 AM,Rashid,Lunch,Turkey Club,,1,13.50,0.00,,13.50,No
40960,08/18/2026 08:56 AM,Rashid,Bakery,Croissant,,1,3.75,0.00,,3.75,No
40960,08/18/2026 08:56 AM,Rashid,Breakfast,Breakfast Sandwich,,1,9.50,0.00,,9.50,No
40960,08/18/2026 08:56 AM,Rashid,Modifiers,+ Add bacon,Breakfast Sandwich,1,2.50,0.00,,2.50,No
40961,08/18/2026 08:29 AM,Kai,Breakfast,Breakfast Sandwich,,1,9.50,0.00,,9.50,No
40961,08/18/2026 08:29 AM,Kai,Coffee & Tea,Drip Coffee,,1,3.00,0.00,,3.00,No
40962,08/18/2026 11:40 AM,Ines,Coffee & Tea,Drip Coffee,,1,3.00,0.00,,3.00,No
40962,08/18/2026 11:40 AM,Ines,Coffee & Tea,Chai Tea,,1,4.75,0.00,,4.75,No
40963,08/18/2026 07:28 AM,Ines,Coffee & Tea,Chai Tea,,1,4.75,0.00,,4.75,No
40963,08/18/2026 07:28 AM,Ines,Breakfast,Oatmeal Bowl,,1,7.50,0.00,,7.50,No
40963,08/18/2026 07:28 AM,Ines,Bakery,Chocolate Chip Cookie,,1,2.75,0.00,,2.75,No
40964,08/18/2026 09:44 AM,Kai,Coffee & Tea,Latte,,1,5.25,0.00,,5.25,No
40965,08/18/2026 08:37 AM,Rashid,Breakfast,Oatmeal Bowl,,1,7.50,0.00,,7.50,No
40965,08/18/2026 08:37 AM,Rashid,Bakery,Blueberry Muffin,,1,3.50,0.00,,3.50,No
40966,08/18/2026 09:17 AM,Maribel,Lunch,Greek Salad,,1,12.00,12.00,Comp - manager,0.00,No
40967,08/18/2026 08:09 AM,Kai,Breakfast,Smashed Avocado Toast,,1,11.00,0.00,,11.00,No
40967,08/18/2026 08:09 AM,Kai,Coffee & Tea,Cappuccino,,1,4.75,0.00,,4.75,No
40968,08/18/2026 12:33 PM,Theo,Breakfast,Breakfast Sandwich,,1,9.50,0.00,,9.50,No
40968,08/18/2026 12:33 PM,Theo,Modifiers,+ Add egg,Breakfast Sandwich,1,1.50,0.00,,1.50,No
40969,08/18/2026 07:24 AM,Theo,Coffee & Tea,Drip Coffee,,1,3.00,0.00,,3.00,No
40969,08/18/2026 07:24 AM,Theo,Bakery,Croissant,,1,3.75,0.00,,3.75,No
40970,08/18/2026 02:23 PM,Kai,Coffee & Tea,Latte,,1,5.25,0.00,,5.25,No
40970,08/18/2026 02:23 PM,Kai,Breakfast,Breakfast Sandwich,,1,9.50,0.00,,9.50,No
40971,08/18/2026 11:46 AM,Kai,Coffee & Tea,Drip Coffee,,1,3.00,1.50,Staff meal 50%,1.50,No
40971,08/18/2026 11:46 AM,Kai,Breakfast,Breakfast Sandwich,,1,9.50,4.75,Staff meal 50%,4.75,No
40971,08/18/2026 11:46 AM,Kai,Breakfast,Breakfast Sandwich,,1,9.50,4.75,Staff meal 50%,4.75,No
40972,08/18/2026 07:24 AM,Ines,Coffee & Tea,Cappuccino,,1,4.75,0.00,,4.75,No
40973,08/18/2026 11:50 AM,Ines,Bakery,Blueberry Muffin,,1,3.50,0.00,,3.50,No
40973,08/18/2026 11:50 AM,Ines,Breakfast,Smashed Avocado Toast,,1,11.00,0.00,,11.00,No
40974,08/18/2026 01:57 PM,Maribel,Bakery,Chocolate Chip Cookie,,1,2.75,0.00,,2.75,No
40974,08/18/2026 01:57 PM,Maribel,Coffee & Tea,Latte,,1,5.25,0.00,,5.25,No
40975,08/18/2026 01:02 PM,Theo,Coffee & Tea,Cappuccino,,1,4.75,0.00,,4.75,No
40975,08/18/2026 01:02 PM,Theo,Coffee & Tea,Drip Coffee,,1,3.00,0.00,,3.00,No
40975,08/18/2026 01:02 PM,Theo,Breakfast,Oatmeal Bowl,,1,7.50,0.00,,7.50,No
40976,08/18/2026 12:27 PM,Theo,Bakery,Chocolate Chip Cookie,,1,2.75,0.00,,2.75,No
40977,08/18/2026 08:40 AM,Theo,Breakfast,Smashed Avocado Toast,,1,11.00,0.00,,11.00,No
40977,08/18/2026 08:40 AM,Theo,Modifiers,+ Add egg,Smashed Avocado Toast,1,1.50,0.00,,1.50,No
40977,08/18/2026 08:40 AM,Theo,Coffee & Tea,Cold Brew,,1,4.50,0.00,,4.50,No
40977,08/18/2026 08:40 AM,Theo,Modifiers,+ Oat milk,Cold Brew,1,0.75,0.00,,0.75,No
40977,08/18/2026 08:40 AM,Theo,Modifiers,+ Vanilla syrup,Cold Brew,1,0.60,0.00,,0.60,No
40978,08/18/2026 09:07 AM,Maribel,Coffee & Tea,Drip Coffee,,1,3.00,0.00,,3.00,No
40978,08/18/2026 09:07 AM,Maribel,Lunch,Greek Salad,,1,12.00,0.00,,12.00,No
40978,08/18/2026 09:07 AM,Maribel,Modifiers,+ No onions,Greek Salad,1,0.00,0.00,,0.00,No
40979,08/18/2026 08:56 AM,Maribel,Breakfast,Smashed Avocado Toast,,1,11.00,0.00,,11.00,No
40979,08/18/2026 08:56 AM,Maribel,Lunch,Soup of the Day,,1,7.00,0.00,,7.00,No
40980,08/18/2026 12:14 PM,Ines,Bakery,Chocolate Chip Cookie,,1,2.75,0.00,,2.75,No
40981,08/18/2026 12:37 PM,Maribel,Coffee & Tea,Latte,,1,5.25,0.00,,5.25,No
40981,08/18/2026 12:37 PM,Maribel,Coffee & Tea,Cappuccino,,1,4.75,0.00,,4.75,No
40981,08/18/2026 12:37 PM,Maribel,Modifiers,+ Oat milk,Cappuccino,1,0.75,0.00,,0.75,No
40982,08/18/2026 07:03 AM,Ines,Coffee & Tea,Cold Brew,,1,4.50,0.00,,4.50,No
40983,08/18/2026 10:42 AM,Rashid,Breakfast,Oatmeal Bowl,,1,7.50,0.00,,7.50,No
40984,08/18/2026 07:54 AM,Kai,Coffee & Tea,Cappuccino,,1,4.75,0.00,,4.75,No
40985,08/18/2026 09:53 AM,Kai,Lunch,Greek Salad,,1,12.00,0.00,,12.00,No
40986,08/18/2026 07:19 AM,Maribel,Lunch,Greek Salad,,1,12.00,0.00,,12.00,No
40986,08/18/2026 07:19 AM,Maribel,Coffee & Tea,Chai Tea,,1,4.75,0.00,,4.75,No
40987,08/18/2026 08:20 AM,Rashid,Coffee & Tea,Latte,,1,5.25,0.00,,5.25,No
40988,08/18/2026 02:25 PM,Theo,Breakfast,Breakfast Sandwich,,1,9.50,0.00,,0.00,Yes
40988,08/18/2026 02:25 PM,Theo,Modifiers,+ Add bacon,Breakfast Sandwich,1,2.50,0.00,,0.00,Yes
40988,08/18/2026 02:25 PM,Theo,Modifiers,+ Add avocado,Breakfast Sandwich,1,2.00,0.00,,0.00,Yes
40989,08/18/2026 01:13 PM,Maribel,Coffee & Tea,Drip Coffee,,1,3.00,0.00,,3.00,No
40989,08/18/2026 01:13 PM,Maribel,Coffee & Tea,Drip Coffee,,1,3.00,0.00,,3.00,No
40989,08/18/2026 01:13 PM,Maribel,Coffee & Tea,Drip Coffee,,1,3.00,0.00,,3.00,No
40990,08/18/2026 01:35 PM,Ines,Coffee & Tea,Drip Coffee,,1,3.00,1.50,Staff meal 50%,1.50,No
40991,08/18/2026 09:47 AM,Rashid,Coffee & Tea,Drip Coffee,,1,3.00,0.00,,3.00,No
40992,08/18/2026 08:38 AM,Maribel,Coffee & Tea,Drip Coffee,,1,3.00,0.00,,3.00,No
40993,08/18/2026 07:51 AM,Theo,Breakfast,Smashed Avocado Toast,,1,11.00,0.00,,11.00,No
40994,08/18/2026 08:18 AM,Rashid,Coffee & Tea,Cold Brew,,1,4.50,0.00,,4.50,No
40994,08/18/2026 08:18 AM,Rashid,Modifiers,+ Oat milk,Cold Brew,1,0.75,0.00,,0.75,No
40994,08/18/2026 08:18 AM,Rashid,Breakfast,Breakfast Sandwich,,1,9.50,0.00,,9.50,No
40995,08/18/2026 02:25 PM,Ines,Bakery,Croissant,,1,3.75,0.00,,3.75,No
40996,08/18/2026 08:20 AM,Ines,Coffee & Tea,Drip Coffee,,1,3.00,0.00,,3.00,No
40996,08/18/2026 08:20 AM,Ines,Coffee & Tea,Chai Tea,,1,4.75,0.00,,4.75,No
40996,08/18/2026 08:20 AM,Ines,Breakfast,Breakfast Sandwich,,1,9.50,0.00,,9.50,No
40997,08/18/2026 02:44 PM,Theo,Coffee & Tea,Drip Coffee,,1,3.00,0.00,,3.00,No
40997,08/18/2026 02:44 PM,Theo,Breakfast,Oatmeal Bowl,,1,7.50,0.00,,7.50,No
40998,08/18/2026 01:02 PM,Ines,Bakery,Blueberry Muffin,,1,3.50,0.00,,3.50,No
40998,08/18/2026 01:02 PM,Ines,Coffee & Tea,Latte,,1,5.25,0.00,,5.25,No
40998,08/18/2026 01:02 PM,Ines,Coffee & Tea,Cappuccino,,1,4.75,0.00,,4.75,No
40998,08/18/2026 01:02 PM,Ines,Modifiers,+ Oat milk,Cappuccino,1,0.75,0.00,,0.75,No
40999,08/18/2026 08:01 AM,Kai,Bakery,Chocolate Chip Cookie,,1,2.75,0.00,,2.75,No
41000,08/18/2026 09:50 AM,Maribel,Coffee & Tea,Cold Brew,,1,4.50,0.00,,4.50,No
41000,08/18/2026 09:50 AM,Maribel,Lunch,Greek Salad,,1,12.00,0.00,,12.00,No
41000,08/18/2026 09:50 AM,Maribel,Breakfast,Oatmeal Bowl,,1,7.50,0.00,,7.50,No
41001,08/18/2026 02:14 PM,Ines,Bakery,Blueberry Muffin,,1,3.50,0.00,,3.50,No
41002,08/18/2026 07:41 AM,Maribel,Coffee & Tea,Drip Coffee,,1,3.00,0.00,,3.00,No
41003,08/18/2026 02:42 PM,Rashid,Coffee & Tea,Cappuccino,,1,4.75,0.00,,4.75,No
41003,08/18/2026 02:42 PM,Rashid,Modifiers,+ Extra shot,Cappuccino,1,1.00,0.00,,1.00,No
41004,08/19/2026 07:43 AM,Maribel,Bakery,Chocolate Chip Cookie,,1,2.75,0.00,,2.75,No
41005,08/19/2026 02:06 PM,Maribel,Breakfast,Breakfast Sandwich,,1,9.50,0.00,,9.50,No
41006,08/19/2026 10:05 AM,Rashid,Coffee & Tea,Latte,,1,5.25,0.00,,5.25,No
41007,08/19/2026 02:29 PM,Maribel,Coffee & Tea,Cold Brew,,1,4.50,0.00,,4.50,No
41007,08/19/2026 02:29 PM,Maribel,Coffee & Tea,Drip Coffee,,1,3.00,0.00,,3.00,No
41007,08/19/2026 02:29 PM,Maribel,Coffee & Tea,Cold Brew,,1,4.50,0.00,,4.50,No
41008,08/19/2026 01:48 PM,Ines,Coffee & Tea,Cold Brew,,1,4.50,0.00,,4.50,No
41009,08/19/2026 01:13 PM,Kai,Coffee & Tea,Chai Tea,,1,4.75,0.00,,4.75,No
41009,08/19/2026 01:13 PM,Kai,Breakfast,Smashed Avocado Toast,,1,11.00,0.00,,11.00,No
41010,08/19/2026 09:40 AM,Theo,Bakery,Chocolate Chip Cookie,,1,2.75,0.00,,2.75,No
41011,08/19/2026 11:19 AM,Rashid,Coffee & Tea,Cappuccino,,1,4.75,0.00,,4.75,No
41012,08/19/2026 12:38 PM,Rashid,Breakfast,Breakfast Sandwich,,1,9.50,0.00,,9.50,No
41012,08/19/2026 12:38 PM,Rashid,Modifiers,+ Add avocado,Breakfast Sandwich,1,2.00,0.00,,2.00,No
41013,08/19/2026 12:30 PM,Kai,Coffee & Tea,Latte,,1,5.25,0.00,,5.25,No
41014,08/19/2026 09:00 AM,Kai,Bakery,Croissant,,1,3.75,0.00,,3.75,No
41014,08/19/2026 09:00 AM,Kai,Coffee & Tea,Drip Coffee,,1,3.00,0.00,,3.00,No
41015,08/19/2026 11:53 AM,Ines,Coffee & Tea,Cold Brew,,1,4.50,0.00,,4.50,No
41015,08/19/2026 11:53 AM,Ines,Modifiers,+ Oat milk,Cold Brew,1,0.75,0.00,,0.75,No
41016,08/19/2026 02:04 PM,Theo,Coffee & Tea,Drip Coffee,,1,3.00,0.00,,3.00,No
41017,08/19/2026 09:21 AM,Maribel,Breakfast,Breakfast Sandwich,,1,9.50,0.00,,9.50,No
41018,08/19/2026 08:28 AM,Ines,Coffee & Tea,Cappuccino,,1,4.75,0.00,,4.75,No
41018,08/19/2026 08:28 AM,Ines,Modifiers,+ Extra shot,Cappuccino,1,1.00,0.00,,1.00,No
41019,08/19/2026 09:43 AM,Kai,Coffee & Tea,Cold Brew,,1,4.50,0.00,,4.50,No
41019,08/19/2026 09:43 AM,Kai,Modifiers,+ Vanilla syrup,Cold Brew,1,0.60,0.00,,0.60,No
41019,08/19/2026 09:43 AM,Kai,Coffee & Tea,Cappuccino,,1,4.75,0.00,,4.75,No
41020,08/19/2026 12:28 PM,Ines,Coffee & Tea,Cappuccino,,1,4.75,0.00,,4.75,No
41021,08/19/2026 11:32 AM,Ines,Breakfast,Smashed Avocado Toast,,1,11.00,0.00,,11.00,No
41021,08/19/2026 11:32 AM,Ines,Lunch,Soup of the Day,,1,7.00,0.00,,7.00,No
41021,08/19/2026 11:32 AM,Ines,Coffee & Tea,Cappuccino,,1,4.75,0.00,,4.75,No
41021,08/19/2026 11:32 AM,Ines,Modifiers,+ Oat milk,Cappuccino,1,0.75,0.00,,0.75,No
41022,08/19/2026 08:38 AM,Maribel,Bakery,Blueberry Muffin,,1,3.50,0.00,,3.50,No
41022,08/19/2026 08:38 AM,Maribel,Lunch,Greek Salad,,1,12.00,0.00,,12.00,No
41023,08/19/2026 01:09 PM,Theo,Coffee & Tea,Drip Coffee,,1,3.00,0.00,,3.00,No
41023,08/19/2026 01:09 PM,Theo,Lunch,Turkey Club,,1,13.50,0.00,,13.50,No
41023,08/19/2026 01:09 PM,Theo,Coffee & Tea,Latte,,1,5.25,0.00,,5.25,No
41023,08/19/2026 01:09 PM,Theo,Modifiers,+ Oat milk,Latte,1,0.75,0.00,,0.75,No
41024,08/19/2026 09:36 AM,Rashid,Coffee & Tea,Cold Brew,,1,4.50,0.00,,4.50,No
41025,08/19/2026 11:35 AM,Kai,Breakfast,Breakfast Sandwich,,1,9.50,4.75,Staff meal 50%,4.75,No
41025,08/19/2026 11:35 AM,Kai,Modifiers,+ Add egg,Breakfast Sandwich,1,1.50,0.75,Staff meal 50%,0.75,No
41025,08/19/2026 11:35 AM,Kai,Coffee & Tea,Latte,,1,5.25,2.62,Staff meal 50%,2.63,No
41025,08/19/2026 11:35 AM,Kai,Modifiers,+ Extra shot,Latte,1,1.00,0.50,Staff meal 50%,0.50,No
41025,08/19/2026 11:35 AM,Kai,Modifiers,+ Vanilla syrup,Latte,1,0.60,0.30,Staff meal 50%,0.30,No
41025,08/19/2026 11:35 AM,Kai,Coffee & Tea,Cappuccino,,1,4.75,0.00,,0.00,Yes
41025,08/19/2026 11:35 AM,Kai,Modifiers,+ Oat milk,Cappuccino,1,0.75,0.00,,0.00,Yes
41026,08/19/2026 09:58 AM,Maribel,Breakfast,Oatmeal Bowl,,1,7.50,0.00,,7.50,No
41026,08/19/2026 09:58 AM,Maribel,Coffee & Tea,Latte,,1,5.25,0.00,,5.25,No
41027,08/19/2026 02:48 PM,Theo,Coffee & Tea,Latte,,1,5.25,0.00,,5.25,No
41027,08/19/2026 02:48 PM,Theo,Modifiers,+ Extra shot,Latte,1,1.00,0.00,,1.00,No
41028,08/19/2026 02:33 PM,Rashid,Bakery,Blueberry Muffin,,1,3.50,0.00,,3.50,No
41029,08/19/2026 02:56 PM,Maribel,Breakfast,Breakfast Sandwich,,1,9.50,0.00,,9.50,No
41029,08/19/2026 02:56 PM,Maribel,Modifiers,+ Add egg,Breakfast Sandwich,1,1.50,0.00,,1.50,No
41029,08/19/2026 02:56 PM,Maribel,Modifiers,+ Add avocado,Breakfast Sandwich,1,2.00,0.00,,2.00,No
41030,08/19/2026 12:30 PM,Kai,Bakery,Croissant,,1,3.75,3.75,Comp - manager,0.00,No
41030,08/19/2026 12:30 PM,Kai,Coffee & Tea,Cold Brew,,1,4.50,4.50,Comp - manager,0.00,No
41030,08/19/2026 12:30 PM,Kai,Coffee & Tea,Drip Coffee,,1,3.00,3.00,Comp - manager,0.00,No
41031,08/19/2026 10:08 AM,Rashid,Coffee & Tea,Drip Coffee,,1,3.00,0.00,,3.00,No
41032,08/19/2026 07:11 AM,Theo,Lunch,Turkey Club,,1,13.50,0.00,,13.50,No
41033,08/19/2026 08:37 AM,Theo,Lunch,Greek Salad,,1,12.00,0.00,,12.00,No
41033,08/19/2026 08:37 AM,Theo,Coffee & Tea,Cappuccino,,1,4.75,0.00,,4.75,No
41033,08/19/2026 08:37 AM,Theo,Modifiers,+ Extra shot,Cappuccino,1,1.00,0.00,,1.00,No
41034,08/19/2026 08:23 AM,Theo,Coffee & Tea,Latte,,1,5.25,0.00,,5.25,No
41034,08/19/2026 08:23 AM,Theo,Modifiers,+ Extra shot,Latte,1,1.00,0.00,,1.00,No
41035,08/19/2026 07:56 AM,Maribel,Coffee & Tea,Drip Coffee,,1,3.00,0.00,,3.00,No
41036,08/19/2026 08:56 AM,Rashid,Coffee & Tea,Cold Brew,,1,4.50,0.00,,4.50,No
41036,08/19/2026 08:56 AM,Rashid,Bakery,Chocolate Chip Cookie,,1,2.75,0.00,,2.75,No
41037,08/19/2026 01:52 PM,Ines,Bakery,Blueberry Muffin,,1,3.50,0.00,,3.50,No
41037,08/19/2026 01:52 PM,Ines,Coffee & Tea,Latte,,1,5.25,0.00,,5.25,No
41038,08/19/2026 10:23 AM,Theo,Lunch,Soup of the Day,,1,7.00,0.00,,7.00,No
41038,08/19/2026 10:23 AM,Theo,Breakfast,Smashed Avocado Toast,,1,11.00,0.00,,11.00,No
41039,08/19/2026 11:40 AM,Ines,Coffee & Tea,Drip Coffee,,1,3.00,0.00,,3.00,No
41039,08/19/2026 11:40 AM,Ines,Coffee & Tea,Cappuccino,,1,4.75,0.00,,4.75,No
41039,08/19/2026 11:40 AM,Ines,Modifiers,+ Oat milk,Cappuccino,1,0.75,0.00,,0.75,No
41039,08/19/2026 11:40 AM,Ines,Modifiers,+ Extra shot,Cappuccino,1,1.00,0.00,,1.00,No
41040,08/19/2026 07:57 AM,Theo,Breakfast,Smashed Avocado Toast,,1,11.00,0.00,,11.00,No
41040,08/19/2026 07:57 AM,Theo,Bakery,Chocolate Chip Cookie,,1,2.75,0.00,,2.75,No
41040,08/19/2026 07:57 AM,Theo,Bakery,Blueberry Muffin,,1,3.50,0.00,,3.50,No
41041,08/19/2026 02:55 PM,Ines,Coffee & Tea,Latte,,1,5.25,0.00,,5.25,No
41041,08/19/2026 02:55 PM,Ines,Bakery,Croissant,,1,3.75,3.75,Comp - manager,0.00,No
41041,08/19/2026 02:55 PM,Ines,Coffee & Tea,Chai Tea,,1,4.75,0.00,,0.00,Yes
41042,08/19/2026 08:10 AM,Rashid,Coffee & Tea,Drip Coffee,,1,3.00,0.00,,3.00,No
41042,08/19/2026 08:10 AM,Rashid,Breakfast,Breakfast Sandwich,,1,9.50,0.00,,9.50,No
41042,08/19/2026 08:10 AM,Rashid,Modifiers,+ Add egg,Breakfast Sandwich,1,1.50,0.00,,1.50,No
41043,08/19/2026 02:11 PM,Theo,Bakery,Blueberry Muffin,,1,3.50,0.00,,3.50,No
41043,08/19/2026 02:11 PM,Theo,Coffee & Tea,Drip Coffee,,1,3.00,0.00,,3.00,No
41044,08/19/2026 01:05 PM,Kai,Lunch,Soup of the Day,,1,7.00,0.00,,7.00,No
41045,08/20/2026 08:20 AM,Maribel,Breakfast,Oatmeal Bowl,,1,7.50,0.00,,7.50,No
41045,08/20/2026 08:20 AM,Maribel,Bakery,Croissant,,1,3.75,0.00,,3.75,No
41046,08/20/2026 09:55 AM,Maribel,Lunch,Soup of the Day,,1,7.00,0.00,,7.00,No
41046,08/20/2026 09:55 AM,Maribel,Breakfast,Smashed Avocado Toast,,1,11.00,0.00,,11.00,No
41047,08/20/2026 09:59 AM,Ines,Coffee & Tea,Drip Coffee,,1,3.00,0.00,,3.00,No
41047,08/20/2026 09:59 AM,Ines,Bakery,Chocolate Chip Cookie,,1,2.75,0.00,,2.75,No
41048,08/20/2026 08:28 AM,Theo,Bakery,Blueberry Muffin,,1,3.50,0.00,,3.50,No
41048,08/20/2026 08:28 AM,Theo,Bakery,Croissant,,1,3.75,0.00,,3.75,No
41048,08/20/2026 08:28 AM,Theo,Breakfast,Smashed Avocado Toast,,1,11.00,0.00,,11.00,No
41049,08/20/2026 01:19 PM,Rashid,Bakery,Chocolate Chip Cookie,,1,2.75,0.00,,2.75,No
41049,08/20/2026 01:19 PM,Rashid,Breakfast,Breakfast Sandwich,,1,9.50,0.00,,9.50,No
41050,08/20/2026 11:51 AM,Kai,Coffee & Tea,Drip Coffee,,1,3.00,0.00,,3.00,No
41051,08/20/2026 02:50 PM,Ines,Bakery,Chocolate Chip Cookie,,1,2.75,0.00,,2.75,No
41052,08/20/2026 01:36 PM,Rashid,Breakfast,Oatmeal Bowl,,1,7.50,0.00,,7.50,No
41052,08/20/2026 01:36 PM,Rashid,Lunch,Greek Salad,,1,12.00,0.00,,12.00,No
41053,08/20/2026 07:20 AM,Kai,Breakfast,Breakfast Sandwich,,1,9.50,0.00,,9.50,No
41053,08/20/2026 07:20 AM,Kai,Modifiers,+ Add avocado,Breakfast Sandwich,1,2.00,0.00,,2.00,No
41054,08/20/2026 08:32 AM,Ines,Coffee & Tea,Latte,,1,5.25,0.00,,5.25,No
41054,08/20/2026 08:32 AM,Ines,Modifiers,+ Oat milk,Latte,1,0.75,0.00,,0.75,No
41054,08/20/2026 08:32 AM,Ines,Coffee & Tea,Cappuccino,,1,4.75,0.00,,4.75,No
41054,08/20/2026 08:32 AM,Ines,Coffee & Tea,Latte,,1,5.25,0.00,,5.25,No
41054,08/20/2026 08:32 AM,Ines,Modifiers,+ Oat milk,Latte,1,0.75,0.00,,0.75,No
41055,08/20/2026 10:39 AM,Ines,Lunch,Turkey Club,,1,13.50,0.00,,13.50,No
41055,08/20/2026 10:39 AM,Ines,Modifiers,+ Add bacon,Turkey Club,1,2.50,0.00,,2.50,No
41055,08/20/2026 10:39 AM,Ines,Modifiers,+ Gluten-free bread,Turkey Club,1,1.50,0.00,,1.50,No
41055,08/20/2026 10:39 AM,Ines,Coffee & Tea,Drip Coffee,,1,3.00,0.00,,3.00,No
41056,08/20/2026 07:28 AM,Ines,Breakfast,Oatmeal Bowl,,1,7.50,0.00,,7.50,No
41057,08/20/2026 12:43 PM,Rashid,Coffee & Tea,Cold Brew,,1,4.50,0.00,,4.50,No
41057,08/20/2026 12:43 PM,Rashid,Lunch,Turkey Club,,1,13.50,0.00,,13.50,No
41058,08/20/2026 07:52 AM,Rashid,Bakery,Chocolate Chip Cookie,,1,2.75,0.00,,2.75,No
41059,08/20/2026 01:59 PM,Kai,Coffee & Tea,Latte,,1,5.25,0.00,,5.25,No
41059,08/20/2026 01:59 PM,Kai,Lunch,Soup of the Day,,1,7.00,0.00,,7.00,No
41059,08/20/2026 01:59 PM,Kai,Coffee & Tea,Drip Coffee,,1,3.00,0.00,,3.00,No
41060,08/20/2026 08:12 AM,Maribel,Lunch,Greek Salad,,1,12.00,0.00,,12.00,No
41060,08/20/2026 08:12 AM,Maribel,Modifiers,+ No onions,Greek Salad,1,0.00,0.00,,0.00,No
41061,08/20/2026 12:46 PM,Theo,Coffee & Tea,Drip Coffee,,1,3.00,0.00,,3.00,No
41061,08/20/2026 12:46 PM,Theo,Breakfast,Breakfast Sandwich,,1,9.50,0.00,,9.50,No
41061,08/20/2026 12:46 PM,Theo,Modifiers,+ Add egg,Breakfast Sandwich,1,1.50,0.00,,1.50,No
41062,08/20/2026 02:11 PM,Ines,Breakfast,Smashed Avocado Toast,,1,11.00,11.00,Comp - manager,0.00,No
41063,08/20/2026 09:36 AM,Maribel,Coffee & Tea,Cold Brew,,1,4.50,0.00,,4.50,No
41063,08/20/2026 09:36 AM,Maribel,Modifiers,+ Oat milk,Cold Brew,1,0.75,0.00,,0.75,No
41063,08/20/2026 09:36 AM,Maribel,Breakfast,Smashed Avocado Toast,,1,11.00,0.00,,11.00,No
41063,08/20/2026 09:36 AM,Maribel,Modifiers,+ Add egg,Smashed Avocado Toast,1,1.50,0.00,,1.50,No
41063,08/20/2026 09:36 AM,Maribel,Modifiers,+ Gluten-free bread,Smashed Avocado Toast,1,1.50,0.00,,1.50,No
41063,08/20/2026 09:36 AM,Maribel,Coffee & Tea,Drip Coffee,,1,3.00,0.00,,3.00,No
41064,08/20/2026 10:32 AM,Theo,Coffee & Tea,Cappuccino,,1,4.75,0.00,,4.75,No
41064,08/20/2026 10:32 AM,Theo,Modifiers,+ Oat milk,Cappuccino,1,0.75,0.00,,0.75,No
41065,08/20/2026 10:50 AM,Ines,Coffee & Tea,Latte,,1,5.25,0.00,,5.25,No
41065,08/20/2026 10:50 AM,Ines,Modifiers,+ Oat milk,Latte,1,0.75,0.00,,0.75,No
41065,08/20/2026 10:50 AM,Ines,Coffee & Tea,Latte,,1,5.25,0.00,,5.25,No
41066,08/20/2026 09:47 AM,Rashid,Coffee & Tea,Cappuccino,,1,4.75,0.00,,0.00,Yes
41066,08/20/2026 09:47 AM,Rashid,Coffee & Tea,Latte,,1,5.25,0.00,,5.25,No
41066,08/20/2026 09:47 AM,Rashid,Modifiers,+ Oat milk,Latte,1,0.75,0.00,,0.75,No
41066,08/20/2026 09:47 AM,Rashid,Lunch,Soup of the Day,,1,7.00,0.00,,7.00,No
41067,08/20/2026 08:14 AM,Rashid,Breakfast,Smashed Avocado Toast,,1,11.00,0.00,,11.00,No
41067,08/20/2026 08:14 AM,Rashid,Modifiers,+ Add egg,Smashed Avocado Toast,1,1.50,0.00,,1.50,No
41068,08/20/2026 08:52 AM,Rashid,Breakfast,Breakfast Sandwich,,1,9.50,0.00,,9.50,No
41068,08/20/2026 08:52 AM,Rashid,Modifiers,+ Add bacon,Breakfast Sandwich,1,2.50,0.00,,2.50,No
41068,08/20/2026 08:52 AM,Rashid,Coffee & Tea,Drip Coffee,,1,3.00,0.00,,3.00,No
41068,08/20/2026 08:52 AM,Rashid,Bakery,Chocolate Chip Cookie,,1,2.75,0.00,,2.75,No
41069,08/20/2026 01:31 PM,Ines,Bakery,Chocolate Chip Cookie,,1,2.75,0.00,,2.75,No
41070,08/20/2026 08:27 AM,Rashid,Coffee & Tea,Cold Brew,,1,4.50,0.00,,4.50,No
41070,08/20/2026 08:27 AM,Rashid,Modifiers,+ Oat milk,Cold Brew,1,0.75,0.00,,0.75,No
41070,08/20/2026 08:27 AM,Rashid,Bakery,Croissant,,1,3.75,0.00,,3.75,No
41071,08/20/2026 10:58 AM,Rashid,Lunch,Soup of the Day,,1,7.00,0.00,,7.00,No
41071,08/20/2026 10:58 AM,Rashid,Coffee & Tea,Drip Coffee,,1,3.00,0.00,,3.00,No
41072,08/20/2026 10:52 AM,Ines,Coffee & Tea,Cold Brew,,1,4.50,0.00,,4.50,No
41073,08/20/2026 10:43 AM,Rashid,Coffee & Tea,Cold Brew,,1,4.50,0.00,,4.50,No
41074,08/20/2026 08:01 AM,Ines,Coffee & Tea,Drip Coffee,,1,3.00,0.00,,3.00,No
41074,08/20/2026 08:01 AM,Ines,Coffee & Tea,Latte,,1,5.25,0.00,,5.25,No
41074,08/20/2026 08:01 AM,Ines,Modifiers,+ Oat milk,Latte,1,0.75,0.00,,0.75,No
41075,08/20/2026 02:26 PM,Maribel,Lunch,Turkey Club,,1,13.50,0.00,,13.50,No
41075,08/20/2026 02:26 PM,Maribel,Modifiers,+ Add bacon,Turkey Club,1,2.50,0.00,,2.50,No
41075,08/20/2026 02:26 PM,Maribel,Bakery,Croissant,,1,3.75,0.00,,3.75,No
41076,08/20/2026 12:39 PM,Theo,Coffee & Tea,Chai Tea,,1,4.75,0.00,,4.75,No
41076,08/20/2026 12:39 PM,Theo,Bakery,Croissant,,1,3.75,0.00,,3.75,No
41076,08/20/2026 12:39 PM,Theo,Coffee & Tea,Drip Coffee,,1,3.00,0.00,,3.00,No
41077,08/20/2026 10:47 AM,Rashid,Lunch,Soup of the Day,,1,7.00,0.00,,0.00,Yes
41078,08/20/2026 07:35 AM,Ines,Coffee & Tea,Chai Tea,,1,4.75,0.00,,4.75,No
41078,08/20/2026 07:35 AM,Ines,Bakery,Croissant,,1,3.75,0.00,,3.75,No
41079,08/20/2026 02:09 PM,Maribel,Bakery,Blueberry Muffin,,1,3.50,0.00,,3.50,No
41080,08/20/2026 10:18 AM,Rashid,Coffee & Tea,Latte,,1,5.25,0.00,,5.25,No
41080,08/20/2026 10:18 AM,Rashid,Coffee & Tea,Cold Brew,,1,4.50,0.00,,4.50,No
41080,08/20/2026 10:18 AM,Rashid,Modifiers,+ Oat milk,Cold Brew,1,0.75,0.00,,0.75,No
41081,08/20/2026 02:31 PM,Maribel,Lunch,Greek Salad,,1,12.00,0.00,,12.00,No
41082,08/20/2026 01:23 PM,Kai,Bakery,Blueberry Muffin,,1,3.50,0.00,,3.50,No
41082,08/20/2026 01:23 PM,Kai,Coffee & Tea,Latte,,1,5.25,0.00,,5.25,No
41082,08/20/2026 01:23 PM,Kai,Coffee & Tea,Drip Coffee,,1,3.00,0.00,,3.00,No
41083,08/20/2026 10:24 AM,Kai,Coffee & Tea,Cold Brew,,1,4.50,0.00,,4.50,No
41083,08/20/2026 10:24 AM,Kai,Lunch,Soup of the Day,,1,7.00,0.00,,7.00,No
41084,08/20/2026 01:42 PM,Rashid,Coffee & Tea,Chai Tea,,1,4.75,0.00,,4.75,No
41085,08/20/2026 01:00 PM,Ines,Coffee & Tea,Cappuccino,,1,4.75,0.00,,4.75,No
41085,08/20/2026 01:00 PM,Ines,Modifiers,+ Oat milk,Cappuccino,1,0.75,0.00,,0.75,No
41085,08/20/2026 01:00 PM,Ines,Coffee & Tea,Cold Brew,,1,4.50,0.00,,4.50,No
41085,08/20/2026 01:00 PM,Ines,Coffee & Tea,Latte,,1,5.25,0.00,,5.25,No
41086,08/20/2026 02:09 PM,Ines,Coffee & Tea,Drip Coffee,,1,3.00,0.00,,3.00,No
41086,08/20/2026 02:09 PM,Ines,Coffee & Tea,Cold Brew,,1,4.50,0.00,,4.50,No
41086,08/20/2026 02:09 PM,Ines,Modifiers,+ Vanilla syrup,Cold Brew,1,0.60,0.00,,0.60,No
41087,08/20/2026 07:37 AM,Maribel,Breakfast,Breakfast Sandwich,,1,9.50,0.00,,9.50,No
41088,08/20/2026 11:19 AM,Theo,Bakery,Croissant,,1,3.75,0.00,,3.75,No
41089,08/20/2026 02:56 PM,Theo,Coffee & Tea,Drip Coffee,,1,3.00,0.00,,3.00,No
41089,08/20/2026 02:56 PM,Theo,Coffee & Tea,Chai Tea,,1,4.75,0.00,,4.75,No
41090,08/20/2026 08:08 AM,Ines,Coffee & Tea,Latte,,1,5.25,2.62,Staff meal 50%,2.63,No
41091,08/20/2026 08:46 AM,Kai,Lunch,Greek Salad,,1,12.00,0.00,,12.00,No
41092,08/20/2026 10:35 AM,Ines,Breakfast,Smashed Avocado Toast,,1,11.00,0.00,,11.00,No
41093,08/20/2026 07:13 AM,Theo,Bakery,Croissant,,1,3.75,0.00,,3.75,No
41093,08/20/2026 07:13 AM,Theo,Coffee & Tea,Latte,,1,5.25,0.00,,5.25,No
41093,08/20/2026 07:13 AM,Theo,Modifiers,+ Oat milk,Latte,1,0.75,0.00,,0.75,No
41094,08/21/2026 07:19 AM,Ines,Coffee & Tea,Cold Brew,,1,4.50,0.00,,4.50,No
41094,08/21/2026 07:19 AM,Ines,Modifiers,+ Oat milk,Cold Brew,1,0.75,0.00,,0.75,No
41094,08/21/2026 07:19 AM,Ines,Breakfast,Breakfast Sandwich,,1,9.50,0.00,,9.50,No
41094,08/21/2026 07:19 AM,Ines,Modifiers,+ Add egg,Breakfast Sandwich,1,1.50,0.00,,1.50,No
41094,08/21/2026 07:19 AM,Ines,Modifiers,+ Add avocado,Breakfast Sandwich,1,2.00,0.00,,2.00,No
41094,08/21/2026 07:19 AM,Ines,Breakfast,Smashed Avocado Toast,,1,11.00,0.00,,11.00,No
41095,08/21/2026 12:37 PM,Maribel,Coffee & Tea,Latte,,1,5.25,2.62,Staff meal 50%,2.63,No
41095,08/21/2026 12:37 PM,Maribel,Modifiers,+ Oat milk,Latte,1,0.75,0.38,Staff meal 50%,0.37,No
41095,08/21/2026 12:37 PM,Maribel,Modifiers,+ Extra shot,Latte,1,1.00,0.50,Staff meal 50%,0.50,No
41095,08/21/2026 12:37 PM,Maribel,Coffee & Tea,Cold Brew,,1,4.50,2.25,Staff meal 50%,2.25,No
41096,08/21/2026 09:36 AM,Theo,Coffee & Tea,Cold Brew,,1,4.50,0.00,,4.50,No
41096,08/21/2026 09:36 AM,Theo,Coffee & Tea,Chai Tea,,1,4.75,0.00,,4.75,No
41097,08/21/2026 01:24 PM,Theo,Coffee & Tea,Cold Brew,,1,4.50,4.50,Comp - manager,0.00,No
41097,08/21/2026 01:24 PM,Theo,Lunch,Soup of the Day,,1,7.00,0.00,,7.00,No
41098,08/21/2026 01:10 PM,Ines,Coffee & Tea,Drip Coffee,,1,3.00,0.00,,3.00,No
41098,08/21/2026 01:10 PM,Ines,Bakery,Croissant,,1,3.75,0.00,,3.75,No
41099,08/21/2026 01:26 PM,Ines,Breakfast,Breakfast Sandwich,,1,9.50,0.00,,9.50,No
41099,08/21/2026 01:26 PM,Ines,Modifiers,+ Add avocado,Breakfast Sandwich,1,2.00,0.00,,2.00,No
41099,08/21/2026 01:26 PM,Ines,Breakfast,Oatmeal Bowl,,1,7.50,0.00,,7.50,No
41100,08/21/2026 08:58 AM,Maribel,Breakfast,Oatmeal Bowl,,1,7.50,0.00,,7.50,No
41101,08/21/2026 08:30 AM,Kai,Breakfast,Smashed Avocado Toast,,1,11.00,0.00,,11.00,No
41101,08/21/2026 08:30 AM,Kai,Modifiers,+ Gluten-free bread,Smashed Avocado Toast,1,1.50,0.00,,1.50,No
41101,08/21/2026 08:30 AM,Kai,Bakery,Chocolate Chip Cookie,,1,2.75,0.00,,2.75,No
41102,08/21/2026 12:03 PM,Theo,Bakery,Croissant,,1,3.75,0.00,,3.75,No
41103,08/21/2026 02:13 PM,Ines,Bakery,Chocolate Chip Cookie,,1,2.75,0.00,,2.75,No
41104,08/21/2026 08:22 AM,Ines,Breakfast,Smashed Avocado Toast,,1,11.00,0.00,,11.00,No
41104,08/21/2026 08:22 AM,Ines,Bakery,Chocolate Chip Cookie,,1,2.75,0.00,,2.75,No
41105,08/21/2026 12:14 PM,Theo,Lunch,Turkey Club,,1,13.50,0.00,,13.50,No
41105,08/21/2026 12:14 PM,Theo,Modifiers,+ Gluten-free bread,Turkey Club,1,1.50,0.00,,1.50,No
41105,08/21/2026 12:14 PM,Theo,Bakery,Croissant,,1,3.75,0.00,,3.75,No
41106,08/21/2026 01:06 PM,Maribel,Coffee & Tea,Cold Brew,,1,4.50,0.00,,4.50,No
41106,08/21/2026 01:06 PM,Maribel,Lunch,Soup of the Day,,1,7.00,0.00,,7.00,No
41107,08/21/2026 09:33 AM,Ines,Coffee & Tea,Cappuccino,,1,4.75,0.00,,4.75,No
41107,08/21/2026 09:33 AM,Ines,Modifiers,+ Oat milk,Cappuccino,1,0.75,0.00,,0.75,No
41107,08/21/2026 09:33 AM,Ines,Breakfast,Breakfast Sandwich,,1,9.50,0.00,,9.50,No
41108,08/21/2026 12:42 PM,Ines,Coffee & Tea,Cold Brew,,1,4.50,0.00,,4.50,No
41108,08/21/2026 12:42 PM,Ines,Modifiers,+ Vanilla syrup,Cold Brew,1,0.60,0.00,,0.60,No
41108,08/21/2026 12:42 PM,Ines,Coffee & Tea,Chai Tea,,1,4.75,0.00,,4.75,No
41109,08/21/2026 12:39 PM,Theo,Lunch,Greek Salad,,1,12.00,0.00,,12.00,No
41109,08/21/2026 12:39 PM,Theo,Bakery,Blueberry Muffin,,1,3.50,0.00,,3.50,No
41110,08/21/2026 07:57 AM,Ines,Coffee & Tea,Drip Coffee,,1,3.00,0.00,,3.00,No
41111,08/21/2026 08:46 AM,Kai,Bakery,Chocolate Chip Cookie,,1,2.75,0.00,,2.75,No
41112,08/21/2026 07:43 AM,Theo,Coffee & Tea,Drip Coffee,,1,3.00,0.00,,3.00,No
41112,08/21/2026 07:43 AM,Theo,Lunch,Turkey Club,,1,13.50,0.00,,13.50,No
41113,08/21/2026 07:46 AM,Kai,Bakery,Chocolate Chip Cookie,,1,2.75,0.00,,2.75,No
41113,08/21/2026 07:46 AM,Kai,Breakfast,Smashed Avocado Toast,,1,11.00,0.00,,11.00,No
41113,08/21/2026 07:46 AM,Kai,Modifiers,+ Add egg,Smashed Avocado Toast,1,1.50,0.00,,1.50,No
41114,08/21/2026 02:13 PM,Ines,Coffee & Tea,Drip Coffee,,1,3.00,0.00,,3.00,No
41115,08/21/2026 07:30 AM,Maribel,Breakfast,Oatmeal Bowl,,1,7.50,0.00,,7.50,No
41115,08/21/2026 07:30 AM,Maribel,Coffee & Tea,Latte,,1,5.25,0.00,,5.25,No
41115,08/21/2026 07:30 AM,Maribel,Bakery,Blueberry Muffin,,1,3.50,0.00,,3.50,No
41116,08/21/2026 09:41 AM,Theo,Coffee & Tea,Drip Coffee,,1,3.00,0.00,,0.00,Yes
41116,08/21/2026 09:41 AM,Theo,Coffee & Tea,Chai Tea,,1,4.75,0.00,,4.75,No
41116,08/21/2026 09:41 AM,Theo,Coffee & Tea,Latte,,1,5.25,5.25,Comp - manager,0.00,No
41117,08/21/2026 11:09 AM,Kai,Lunch,Soup of the Day,,1,7.00,0.00,,7.00,No
41117,08/21/2026 11:09 AM,Kai,Bakery,Blueberry Muffin,,1,3.50,0.00,,3.50,No
41118,08/21/2026 01:00 PM,Kai,Coffee & Tea,Drip Coffee,,1,3.00,0.00,,3.00,No
41119,08/21/2026 12:27 PM,Kai,Breakfast,Breakfast Sandwich,,1,9.50,0.00,,9.50,No
41119,08/21/2026 12:27 PM,Kai,Breakfast,Breakfast Sandwich,,1,9.50,0.00,,9.50,No
41119,08/21/2026 12:27 PM,Kai,Bakery,Chocolate Chip Cookie,,1,2.75,0.00,,2.75,No
41120,08/21/2026 09:31 AM,Maribel,Coffee & Tea,Drip Coffee,,1,3.00,0.00,,3.00,No
41121,08/21/2026 07:15 AM,Ines,Lunch,Soup of the Day,,1,7.00,0.00,,7.00,No
41122,08/21/2026 10:04 AM,Rashid,Coffee & Tea,Cold Brew,,1,4.50,0.00,,4.50,No
41122,08/21/2026 10:04 AM,Rashid,Coffee & Tea,Latte,,1,5.25,0.00,,5.25,No
41122,08/21/2026 10:04 AM,Rashid,Modifiers,+ Oat milk,Latte,1,0.75,0.00,,0.75,No
41123,08/21/2026 11:24 AM,Maribel,Breakfast,Smashed Avocado Toast,,1,11.00,0.00,,11.00,No
41123,08/21/2026 11:24 AM,Maribel,Modifiers,+ Add egg,Smashed Avocado Toast,1,1.50,0.00,,1.50,No
41123,08/21/2026 11:24 AM,Maribel,Coffee & Tea,Drip Coffee,,1,3.00,0.00,,3.00,No
41123,08/21/2026 11:24 AM,Maribel,Breakfast,Oatmeal Bowl,,1,7.50,0.00,,7.50,No
41124,08/21/2026 10:59 AM,Theo,Coffee & Tea,Cold Brew,,1,4.50,2.25,Staff meal 50%,2.25,No
41124,08/21/2026 10:59 AM,Theo,Modifiers,+ Oat milk,Cold Brew,1,0.75,0.38,Staff meal 50%,0.37,No
41125,08/21/2026 10:12 AM,Kai,Coffee & Tea,Chai Tea,,1,4.75,0.00,,4.75,No
41125,08/21/2026 10:12 AM,Kai,Coffee & Tea,Latte,,1,5.25,0.00,,5.25,No
41125,08/21/2026 10:12 AM,Kai,Modifiers,+ Oat milk,Latte,1,0.75,0.00,,0.75,No
41125,08/21/2026 10:12 AM,Kai,Coffee & Tea,Drip Coffee,,1,3.00,0.00,,3.00,No
41126,08/21/2026 09:20 AM,Maribel,Coffee & Tea,Cappuccino,,1,4.75,0.00,,4.75,No
41126,08/21/2026 09:20 AM,Maribel,Modifiers,+ Oat milk,Cappuccino,1,0.75,0.00,,0.75,No
41126,08/21/2026 09:20 AM,Maribel,Bakery,Blueberry Muffin,,1,3.50,0.00,,3.50,No
41127,08/21/2026 08:47 AM,Theo,Coffee & Tea,Latte,,1,5.25,0.00,,5.25,No
41127,08/21/2026 08:47 AM,Theo,Breakfast,Smashed Avocado Toast,,1,11.00,0.00,,11.00,No
41128,08/21/2026 11:25 AM,Kai,Coffee & Tea,Drip Coffee,,1,3.00,0.00,,3.00,No
41129,08/21/2026 12:03 PM,Maribel,Breakfast,Smashed Avocado Toast,,1,11.00,0.00,,11.00,No
41130,08/21/2026 02:15 PM,Maribel,Coffee & Tea,Drip Coffee,,1,3.00,0.00,,3.00,No
41130,08/21/2026 02:15 PM,Maribel,Lunch,Greek Salad,,1,12.00,0.00,,12.00,No
41130,08/21/2026 02:15 PM,Maribel,Coffee & Tea,Cappuccino,,1,4.75,0.00,,4.75,No
41130,08/21/2026 02:15 PM,Maribel,Modifiers,+ Oat milk,Cappuccino,1,0.75,0.00,,0.75,No
41131,08/21/2026 07:02 AM,Theo,Coffee & Tea,Chai Tea,,1,4.75,0.00,,4.75,No
41131,08/21/2026 07:02 AM,Theo,Bakery,Chocolate Chip Cookie,,1,2.75,0.00,,2.75,No
41132,08/21/2026 11:32 AM,Rashid,Lunch,Greek Salad,,1,12.00,0.00,,12.00,No
41132,08/21/2026 11:32 AM,Rashid,Modifiers,+ No onions,Greek Salad,1,0.00,0.00,,0.00,No
41132,08/21/2026 11:32 AM,Rashid,Coffee & Tea,Latte,,1,5.25,0.00,,5.25,No
41133,08/21/2026 01:23 PM,Theo,Breakfast,Oatmeal Bowl,,1,7.50,0.00,,7.50,No
41133,08/21/2026 01:23 PM,Theo,Coffee & Tea,Latte,,1,5.25,0.00,,5.25,No
41133,08/21/2026 01:23 PM,Theo,Bakery,Blueberry Muffin,,1,3.50,0.00,,3.50,No
41134,08/21/2026 07:54 AM,Theo,Bakery,Blueberry Muffin,,1,3.50,0.00,,3.50,No
41134,08/21/2026 07:54 AM,Theo,Coffee & Tea,Cold Brew,,1,4.50,0.00,,4.50,No
41134,08/21/2026 07:54 AM,Theo,Modifiers,+ Oat milk,Cold Brew,1,0.75,0.00,,0.75,No
41134,08/21/2026 07:54 AM,Theo,Modifiers,+ Vanilla syrup,Cold Brew,1,0.60,0.00,,0.60,No
41135,08/21/2026 07:57 AM,Ines,Bakery,Chocolate Chip Cookie,,1,2.75,0.00,,2.75,No
41135,08/21/2026 07:57 AM,Ines,Lunch,Soup of the Day,,1,7.00,0.00,,7.00,No
41136,08/21/2026 08:26 AM,Ines,Bakery,Chocolate Chip Cookie,,1,2.75,0.00,,2.75,No
41137,08/21/2026 12:16 PM,Theo,Coffee & Tea,Cold Brew,,1,4.50,0.00,,4.50,No
41137,08/21/2026 12:16 PM,Theo,Modifiers,+ Oat milk,Cold Brew,1,0.75,0.00,,0.75,No
41137,08/21/2026 12:16 PM,Theo,Modifiers,+ Vanilla syrup,Cold Brew,1,0.60,0.00,,0.60,No
41138,08/21/2026 08:28 AM,Rashid,Bakery,Blueberry Muffin,,1,3.50,1.75,Staff meal 50%,1.75,No
41138,08/21/2026 08:28 AM,Rashid,Coffee & Tea,Cappuccino,,1,4.75,2.38,Staff meal 50%,2.37,No
41139,08/21/2026 08:32 AM,Ines,Breakfast,Oatmeal Bowl,,1,7.50,0.00,,7.50,No
41139,08/21/2026 08:32 AM,Ines,Breakfast,Breakfast Sandwich,,1,9.50,0.00,,9.50,No
41139,08/21/2026 08:32 AM,Ines,Lunch,Soup of the Day,,1,7.00,0.00,,7.00,No
41140,08/21/2026 12:05 PM,Kai,Bakery,Croissant,,1,3.75,0.00,,3.75,No
41140,08/21/2026 12:05 PM,Kai,Breakfast,Breakfast Sandwich,,1,9.50,0.00,,9.50,No
41140,08/21/2026 12:05 PM,Kai,Modifiers,+ Add bacon,Breakfast Sandwich,1,2.50,0.00,,2.50,No
41141,08/21/2026 07:03 AM,Maribel,Bakery,Croissant,,1,3.75,0.00,,3.75,No
41142,08/21/2026 01:40 PM,Theo,Bakery,Croissant,,1,3.75,0.00,,3.75,No
41142,08/21/2026 01:40 PM,Theo,Breakfast,Breakfast Sandwich,,1,9.50,0.00,,9.50,No
41142,08/21/2026 01:40 PM,Theo,Modifiers,+ Add avocado,Breakfast Sandwich,1,2.00,0.00,,2.00,No
41142,08/21/2026 01:40 PM,Theo,Coffee & Tea,Drip Coffee,,1,3.00,0.00,,3.00,No
41143,08/21/2026 09:32 AM,Rashid,Coffee & Tea,Drip Coffee,,1,3.00,0.00,,3.00,No
41144,08/21/2026 01:28 PM,Rashid,Coffee & Tea,Latte,,1,5.25,0.00,,5.25,No
41144,08/21/2026 01:28 PM,Rashid,Coffee & Tea,Drip Coffee,,1,3.00,0.00,,3.00,No
41145,08/22/2026 01:26 PM,Theo,Coffee & Tea,Cold Brew,,1,4.50,0.00,,4.50,No
41145,08/22/2026 01:26 PM,Theo,Modifiers,+ Oat milk,Cold Brew,1,0.75,0.00,,0.75,No
41145,08/22/2026 01:26 PM,Theo,Coffee & Tea,Chai Tea,,1,4.75,0.00,,4.75,No
41146,08/22/2026 02:12 PM,Theo,Coffee & Tea,Drip Coffee,,1,3.00,0.00,,3.00,No
41146,08/22/2026 02:12 PM,Theo,Coffee & Tea,Cappuccino,,1,4.75,0.00,,4.75,No
41147,08/22/2026 09:31 AM,Rashid,Bakery,Croissant,,1,3.75,0.00,,3.75,No
41147,08/22/2026 09:31 AM,Rashid,Lunch,Soup of the Day,,1,7.00,0.00,,7.00,No
41148,08/22/2026 02:28 PM,Kai,Coffee & Tea,Latte,,1,5.25,0.00,,5.25,No
41149,08/22/2026 12:35 PM,Theo,Lunch,Greek Salad,,1,12.00,6.00,Staff meal 50%,6.00,No
41149,08/22/2026 12:35 PM,Theo,Modifiers,+ Add avocado,Greek Salad,1,2.00,1.00,Staff meal 50%,1.00,No
41149,08/22/2026 12:35 PM,Theo,Bakery,Croissant,,1,3.75,1.88,Staff meal 50%,1.87,No
41150,08/22/2026 11:05 AM,Kai,Bakery,Chocolate Chip Cookie,,1,2.75,0.00,,2.75,No
41150,08/22/2026 11:05 AM,Kai,Lunch,Greek Salad,,1,12.00,0.00,,12.00,No
41150,08/22/2026 11:05 AM,Kai,Modifiers,+ Add avocado,Greek Salad,1,2.00,0.00,,2.00,No
41151,08/22/2026 12:29 PM,Maribel,Coffee & Tea,Latte,,1,5.25,0.00,,5.25,No
41151,08/22/2026 12:29 PM,Maribel,Modifiers,+ Vanilla syrup,Latte,1,0.60,0.00,,0.60,No
41151,08/22/2026 12:29 PM,Maribel,Coffee & Tea,Latte,,1,5.25,0.00,,5.25,No
41151,08/22/2026 12:29 PM,Maribel,Modifiers,+ Oat milk,Latte,1,0.75,0.00,,0.75,No
41152,08/22/2026 02:59 PM,Theo,Bakery,Croissant,,1,3.75,0.00,,3.75,No
41152,08/22/2026 02:59 PM,Theo,Breakfast,Breakfast Sandwich,,1,9.50,0.00,,9.50,No
41153,08/22/2026 09:49 AM,Maribel,Breakfast,Smashed Avocado Toast,,1,11.00,0.00,,11.00,No
41153,08/22/2026 09:49 AM,Maribel,Modifiers,+ Add egg,Smashed Avocado Toast,1,1.50,0.00,,1.50,No
41153,08/22/2026 09:49 AM,Maribel,Coffee & Tea,Drip Coffee,,1,3.00,0.00,,3.00,No
41153,08/22/2026 09:49 AM,Maribel,Breakfast,Breakfast Sandwich,,1,9.50,0.00,,9.50,No
41153,08/22/2026 09:49 AM,Maribel,Modifiers,+ Add bacon,Breakfast Sandwich,1,2.50,0.00,,2.50,No
41153,08/22/2026 09:49 AM,Maribel,Modifiers,+ Add egg,Breakfast Sandwich,1,1.50,0.00,,1.50,No
41154,08/22/2026 10:04 AM,Kai,Breakfast,Smashed Avocado Toast,,1,11.00,0.00,,11.00,No
41154,08/22/2026 10:04 AM,Kai,Coffee & Tea,Latte,,1,5.25,0.00,,5.25,No
41154,08/22/2026 10:04 AM,Kai,Modifiers,+ Oat milk,Latte,1,0.75,0.00,,0.75,No
41154,08/22/2026 10:04 AM,Kai,Modifiers,+ Vanilla syrup,Latte,1,0.60,0.00,,0.60,No
41155,08/22/2026 11:20 AM,Maribel,Coffee & Tea,Latte,,1,5.25,0.00,,5.25,No
41156,08/22/2026 12:50 PM,Theo,Bakery,Blueberry Muffin,,1,3.50,1.75,Staff meal 50%,1.75,No
41156,08/22/2026 12:50 PM,Theo,Breakfast,Oatmeal Bowl,,1,7.50,3.75,Staff meal 50%,3.75,No
41157,08/22/2026 02:12 PM,Rashid,Breakfast,Breakfast Sandwich,,1,9.50,0.00,,9.50,No
41157,08/22/2026 02:12 PM,Rashid,Breakfast,Breakfast Sandwich,,1,9.50,0.00,,9.50,No
41157,08/22/2026 02:12 PM,Rashid,Modifiers,+ Add bacon,Breakfast Sandwich,1,2.50,0.00,,2.50,No
41157,08/22/2026 02:12 PM,Rashid,Modifiers,+ Add avocado,Breakfast Sandwich,1,2.00,0.00,,2.00,No
41158,08/22/2026 11:51 AM,Kai,Bakery,Blueberry Muffin,,1,3.50,0.00,,3.50,No
41159,08/22/2026 12:31 PM,Maribel,Breakfast,Smashed Avocado Toast,,1,11.00,0.00,,11.00,No
41159,08/22/2026 12:31 PM,Maribel,Modifiers,+ Add egg,Smashed Avocado Toast,1,1.50,0.00,,1.50,No
41160,08/22/2026 10:59 AM,Maribel,Coffee & Tea,Drip Coffee,,1,3.00,0.00,,3.00,No
41160,08/22/2026 10:59 AM,Maribel,Bakery,Chocolate Chip Cookie,,1,2.75,0.00,,2.75,No
41161,08/22/2026 01:01 PM,Ines,Coffee & Tea,Drip Coffee,,1,3.00,1.50,Staff meal 50%,1.50,No
41162,08/22/2026 12:22 PM,Kai,Breakfast,Smashed Avocado Toast,,1,11.00,0.00,,11.00,No
41163,08/22/2026 08:57 AM,Rashid,Lunch,Greek Salad,,1,12.00,0.00,,12.00,No
41164,08/22/2026 09:26 AM,Rashid,Breakfast,Breakfast Sandwich,,1,9.50,0.00,,9.50,No
41164,08/22/2026 09:26 AM,Rashid,Lunch,Soup of the Day,,1,7.00,0.00,,7.00,No
41164,08/22/2026 09:26 AM,Rashid,Coffee & Tea,Drip Coffee,,1,3.00,0.00,,3.00,No
41165,08/22/2026 10:49 AM,Theo,Coffee & Tea,Latte,,1,5.25,0.00,,5.25,No
41165,08/22/2026 10:49 AM,Theo,Modifiers,+ Oat milk,Latte,1,0.75,0.00,,0.75,No
41166,08/22/2026 10:42 AM,Theo,Coffee & Tea,Latte,,1,5.25,0.00,,5.25,No
41167,08/22/2026 08:05 AM,Theo,Coffee & Tea,Drip Coffee,,1,3.00,0.00,,3.00,No
41167,08/22/2026 08:05 AM,Theo,Bakery,Chocolate Chip Cookie,,1,2.75,0.00,,2.75,No
41168,08/22/2026 09:45 AM,Ines,Lunch,Turkey Club,,1,13.50,0.00,,13.50,No
41168,08/22/2026 09:45 AM,Ines,Modifiers,+ Add bacon,Turkey Club,1,2.50,0.00,,2.50,No
41168,08/22/2026 09:45 AM,Ines,Modifiers,+ No onions,Turkey Club,1,0.00,0.00,,0.00,No
41168,08/22/2026 09:45 AM,Ines,Bakery,Blueberry Muffin,,1,3.50,0.00,,3.50,No
41169,08/22/2026 01:15 PM,Kai,Breakfast,Smashed Avocado Toast,,1,11.00,0.00,,11.00,No
41169,08/22/2026 01:15 PM,Kai,Coffee & Tea,Cappuccino,,1,4.75,0.00,,4.75,No
41169,08/22/2026 01:15 PM,Kai,Modifiers,+ Oat milk,Cappuccino,1,0.75,0.00,,0.75,No
41169,08/22/2026 01:15 PM,Kai,Coffee & Tea,Drip Coffee,,1,3.00,0.00,,3.00,No
41170,08/22/2026 12:28 PM,Theo,Lunch,Greek Salad,,1,12.00,0.00,,12.00,No
41170,08/22/2026 12:28 PM,Theo,Coffee & Tea,Drip Coffee,,1,3.00,0.00,,3.00,No
41170,08/22/2026 12:28 PM,Theo,Coffee & Tea,Drip Coffee,,1,3.00,0.00,,3.00,No
41171,08/22/2026 09:52 AM,Rashid,Coffee & Tea,Latte,,1,5.25,0.00,,5.25,No
41172,08/22/2026 01:41 PM,Maribel,Breakfast,Oatmeal Bowl,,1,7.50,0.00,,7.50,No
41172,08/22/2026 01:41 PM,Maribel,Bakery,Blueberry Muffin,,1,3.50,0.00,,3.50,No
41172,08/22/2026 01:41 PM,Maribel,Coffee & Tea,Cappuccino,,1,4.75,0.00,,4.75,No
41173,08/22/2026 10:12 AM,Rashid,Coffee & Tea,Drip Coffee,,1,3.00,0.00,,3.00,No
41174,08/22/2026 12:10 PM,Maribel,Coffee & Tea,Chai Tea,,1,4.75,0.00,,4.75,No
41174,08/22/2026 12:10 PM,Maribel,Breakfast,Breakfast Sandwich,,1,9.50,0.00,,9.50,No
41174,08/22/2026 12:10 PM,Maribel,Bakery,Chocolate Chip Cookie,,1,2.75,0.00,,2.75,No
41175,08/22/2026 11:17 AM,Theo,Lunch,Greek Salad,,1,12.00,0.00,,12.00,No
41176,08/22/2026 01:01 PM,Maribel,Coffee & Tea,Latte,,1,5.25,0.00,,5.25,No
41176,08/22/2026 01:01 PM,Maribel,Breakfast,Breakfast Sandwich,,1,9.50,0.00,,9.50,No
41176,08/22/2026 01:01 PM,Maribel,Modifiers,+ Add bacon,Breakfast Sandwich,1,2.50,0.00,,2.50,No
41177,08/22/2026 02:54 PM,Rashid,Coffee & Tea,Cappuccino,,1,4.75,0.00,,4.75,No
41177,08/22/2026 02:54 PM,Rashid,Coffee & Tea,Drip Coffee,,1,3.00,0.00,,3.00,No
41178,08/22/2026 01:59 PM,Theo,Coffee & Tea,Chai Tea,,1,4.75,0.00,,4.75,No
41178,08/22/2026 01:59 PM,Theo,Breakfast,Breakfast Sandwich,,1,9.50,0.00,,9.50,No
41178,08/22/2026 01:59 PM,Theo,Modifiers,+ Add bacon,Breakfast Sandwich,1,2.50,0.00,,2.50,No
41179,08/22/2026 09:11 AM,Maribel,Lunch,Greek Salad,,1,12.00,0.00,,12.00,No
41179,08/22/2026 09:11 AM,Maribel,Lunch,Soup of the Day,,1,7.00,0.00,,7.00,No
41180,08/22/2026 10:02 AM,Kai,Coffee & Tea,Cappuccino,,1,4.75,0.00,,4.75,No
41180,08/22/2026 10:02 AM,Kai,Coffee & Tea,Drip Coffee,,1,3.00,0.00,,3.00,No
41181,08/22/2026 09:43 AM,Ines,Bakery,Blueberry Muffin,,1,3.50,0.00,,3.50,No
41181,08/22/2026 09:43 AM,Ines,Lunch,Greek Salad,,1,12.00,0.00,,12.00,No
41181,08/22/2026 09:43 AM,Ines,Coffee & Tea,Latte,,1,5.25,0.00,,5.25,No
41181,08/22/2026 09:43 AM,Ines,Modifiers,+ Oat milk,Latte,1,0.75,0.00,,0.75,No
41182,08/22/2026 09:24 AM,Kai,Lunch,Soup of the Day,,1,7.00,0.00,,7.00,No
41183,08/22/2026 07:01 AM,Rashid,Lunch,Turkey Club,,1,13.50,0.00,,13.50,No
41183,08/22/2026 07:01 AM,Rashid,Modifiers,+ No onions,Turkey Club,1,0.00,0.00,,0.00,No
41183,08/22/2026 07:01 AM,Rashid,Coffee & Tea,Drip Coffee,,1,3.00,0.00,,3.00,No
41184,08/23/2026 09:33 AM,Kai,Bakery,Blueberry Muffin,,1,3.50,0.00,,3.50,No
41184,08/23/2026 09:33 AM,Kai,Lunch,Greek Salad,,1,12.00,0.00,,12.00,No
41184,08/23/2026 09:33 AM,Kai,Modifiers,+ Add avocado,Greek Salad,1,2.00,0.00,,2.00,No
41184,08/23/2026 09:33 AM,Kai,Modifiers,+ No onions,Greek Salad,1,0.00,0.00,,0.00,No
41184,08/23/2026 09:33 AM,Kai,Coffee & Tea,Latte,,1,5.25,0.00,,5.25,No
41184,08/23/2026 09:33 AM,Kai,Modifiers,+ Vanilla syrup,Latte,1,0.60,0.00,,0.60,No
41185,08/23/2026 11:17 AM,Theo,Bakery,Croissant,,1,3.75,0.00,,3.75,No
41186,08/23/2026 11:34 AM,Rashid,Coffee & Tea,Latte,,1,5.25,0.00,,5.25,No
41186,08/23/2026 11:34 AM,Rashid,Modifiers,+ Oat milk,Latte,1,0.75,0.00,,0.75,No
41186,08/23/2026 11:34 AM,Rashid,Breakfast,Smashed Avocado Toast,,1,11.00,0.00,,11.00,No
41187,08/23/2026 10:20 AM,Ines,Breakfast,Breakfast Sandwich,,1,9.50,9.50,Comp - manager,0.00,No
41188,08/23/2026 12:50 PM,Kai,Coffee & Tea,Drip Coffee,,1,3.00,0.00,,3.00,No
41188,08/23/2026 12:50 PM,Kai,Coffee & Tea,Cappuccino,,1,4.75,0.00,,4.75,No
41188,08/23/2026 12:50 PM,Kai,Bakery,Croissant,,1,3.75,0.00,,3.75,No
41189,08/23/2026 02:03 PM,Rashid,Breakfast,Breakfast Sandwich,,1,9.50,0.00,,9.50,No
41189,08/23/2026 02:03 PM,Rashid,Modifiers,+ Add bacon,Breakfast Sandwich,1,2.50,0.00,,2.50,No
41189,08/23/2026 02:03 PM,Rashid,Lunch,Turkey Club,,1,13.50,0.00,,13.50,No
41189,08/23/2026 02:03 PM,Rashid,Lunch,Turkey Club,,1,13.50,0.00,,13.50,No
41190,08/23/2026 07:01 AM,Maribel,Coffee & Tea,Latte,,1,5.25,5.25,Comp - manager,0.00,No
41190,08/23/2026 07:01 AM,Maribel,Modifiers,+ Vanilla syrup,Latte,1,0.60,0.60,Comp - manager,0.00,No
41190,08/23/2026 07:01 AM,Maribel,Coffee & Tea,Latte,,1,5.25,0.00,,5.25,No
41191,08/23/2026 10:29 AM,Ines,Breakfast,Smashed Avocado Toast,,1,11.00,0.00,,11.00,No
41192,08/23/2026 02:44 PM,Rashid,Coffee & Tea,Latte,,1,5.25,0.00,,5.25,No
41193,08/23/2026 08:26 AM,Kai,Coffee & Tea,Drip Coffee,,1,3.00,0.00,,3.00,No
41193,08/23/2026 08:26 AM,Kai,Bakery,Chocolate Chip Cookie,,1,2.75,0.00,,2.75,No
41193,08/23/2026 08:26 AM,Kai,Coffee & Tea,Cold Brew,,1,4.50,0.00,,4.50,No
41193,08/23/2026 08:26 AM,Kai,Modifiers,+ Vanilla syrup,Cold Brew,1,0.60,0.00,,0.60,No
41194,08/23/2026 01:32 PM,Theo,Coffee & Tea,Cold Brew,,1,4.50,0.00,,4.50,No
41194,08/23/2026 01:32 PM,Theo,Modifiers,+ Vanilla syrup,Cold Brew,1,0.60,0.00,,0.60,No
41194,08/23/2026 01:32 PM,Theo,Coffee & Tea,Drip Coffee,,1,3.00,0.00,,3.00,No
41195,08/23/2026 01:06 PM,Maribel,Lunch,Soup of the Day,,1,7.00,0.00,,7.00,No
41195,08/23/2026 01:06 PM,Maribel,Breakfast,Breakfast Sandwich,,1,9.50,0.00,,9.50,No
41195,08/23/2026 01:06 PM,Maribel,Coffee & Tea,Latte,,1,5.25,0.00,,5.25,No
41196,08/23/2026 09:58 AM,Maribel,Coffee & Tea,Cappuccino,,1,4.75,0.00,,4.75,No
41196,08/23/2026 09:58 AM,Maribel,Modifiers,+ Oat milk,Cappuccino,1,0.75,0.00,,0.75,No
41196,08/23/2026 09:58 AM,Maribel,Coffee & Tea,Cold Brew,,1,4.50,0.00,,4.50,No
41197,08/23/2026 07:26 AM,Theo,Lunch,Soup of the Day,,1,7.00,0.00,,7.00,No
41198,08/23/2026 07:42 AM,Theo,Lunch,Soup of the Day,,1,7.00,0.00,,7.00,No
41198,08/23/2026 07:42 AM,Theo,Coffee & Tea,Chai Tea,,1,4.75,0.00,,4.75,No
41199,08/23/2026 07:21 AM,Ines,Lunch,Turkey Club,,1,13.50,0.00,,13.50,No
41199,08/23/2026 07:21 AM,Ines,Modifiers,+ No onions,Turkey Club,1,0.00,0.00,,0.00,No
41199,08/23/2026 07:21 AM,Ines,Bakery,Croissant,,1,3.75,0.00,,3.75,No
41200,08/23/2026 10:33 AM,Ines,Breakfast,Smashed Avocado Toast,,1,11.00,0.00,,11.00,No
41200,08/23/2026 10:33 AM,Ines,Modifiers,+ Add egg,Smashed Avocado Toast,1,1.50,0.00,,1.50,No
41201,08/23/2026 09:29 AM,Ines,Coffee & Tea,Latte,,1,5.25,0.00,,5.25,No
41201,08/23/2026 09:29 AM,Ines,Coffee & Tea,Latte,,1,5.25,0.00,,5.25,No
41202,08/23/2026 01:48 PM,Maribel,Coffee & Tea,Chai Tea,,1,4.75,0.00,,4.75,No
41202,08/23/2026 01:48 PM,Maribel,Bakery,Chocolate Chip Cookie,,1,2.75,0.00,,2.75,No
41202,08/23/2026 01:48 PM,Maribel,Bakery,Croissant,,1,3.75,0.00,,3.75,No
41203,08/23/2026 02:44 PM,Theo,Breakfast,Breakfast Sandwich,,1,9.50,0.00,,9.50,No
41204,08/23/2026 08:55 AM,Theo,Coffee & Tea,Cold Brew,,1,4.50,0.00,,4.50,No
41204,08/23/2026 08:55 AM,Theo,Modifiers,+ Oat milk,Cold Brew,1,0.75,0.00,,0.75,No
41205,08/23/2026 02:11 PM,Maribel,Coffee & Tea,Drip Coffee,,1,3.00,0.00,,3.00,No
41205,08/23/2026 02:11 PM,Maribel,Breakfast,Breakfast Sandwich,,1,9.50,0.00,,9.50,No
41206,08/23/2026 10:12 AM,Ines,Breakfast,Breakfast Sandwich,,1,9.50,0.00,,9.50,No
41206,08/23/2026 10:12 AM,Ines,Modifiers,+ Add egg,Breakfast Sandwich,1,1.50,0.00,,1.50,No
41206,08/23/2026 10:12 AM,Ines,Coffee & Tea,Cold Brew,,1,4.50,0.00,,4.50,No
41207,08/23/2026 08:08 AM,Rashid,Breakfast,Smashed Avocado Toast,,1,11.00,0.00,,11.00,No
41207,08/23/2026 08:08 AM,Rashid,Modifiers,+ Add egg,Smashed Avocado Toast,1,1.50,0.00,,1.50,No
41207,08/23/2026 08:08 AM,Rashid,Breakfast,Breakfast Sandwich,,1,9.50,0.00,,9.50,No
41207,08/23/2026 08:08 AM,Rashid,Modifiers,+ Add egg,Breakfast Sandwich,1,1.50,0.00,,1.50,No
41207,08/23/2026 08:08 AM,Rashid,Coffee & Tea,Latte,,1,5.25,0.00,,5.25,No
41208,08/23/2026 10:13 AM,Rashid,Coffee & Tea,Chai Tea,,1,4.75,0.00,,4.75,No
41209,08/23/2026 07:39 AM,Ines,Coffee & Tea,Latte,,1,5.25,0.00,,5.25,No
41210,08/23/2026 12:18 PM,Kai,Breakfast,Oatmeal Bowl,,1,7.50,0.00,,7.50,No
41211,08/23/2026 09:57 AM,Kai,Coffee & Tea,Cold Brew,,1,4.50,0.00,,4.50,No
41211,08/23/2026 09:57 AM,Kai,Modifiers,+ Oat milk,Cold Brew,1,0.75,0.00,,0.75,No
41211,08/23/2026 09:57 AM,Kai,Lunch,Soup of the Day,,1,7.00,0.00,,7.00,No
41211,08/23/2026 09:57 AM,Kai,Coffee & Tea,Latte,,1,5.25,0.00,,5.25,No
41211,08/23/2026 09:57 AM,Kai,Modifiers,+ Oat milk,Latte,1,0.75,0.00,,0.75,No
41212,08/23/2026 09:25 AM,Rashid,Coffee & Tea,Latte,,1,5.25,0.00,,5.25,No
41212,08/23/2026 09:25 AM,Rashid,Coffee & Tea,Chai Tea,,1,4.75,0.00,,4.75,No
41212,08/23/2026 09:25 AM,Rashid,Coffee & Tea,Cappuccino,,1,4.75,0.00,,4.75,No
41213,08/23/2026 12:49 PM,Kai,Coffee & Tea,Drip Coffee,,1,3.00,0.00,,3.00,No
41213,08/23/2026 12:49 PM,Kai,Breakfast,Breakfast Sandwich,,1,9.50,0.00,,9.50,No
41213,08/23/2026 12:49 PM,Kai,Modifiers,+ Add avocado,Breakfast Sandwich,1,2.00,0.00,,2.00,No
41213,08/23/2026 12:49 PM,Kai,Coffee & Tea,Cappuccino,,1,4.75,0.00,,4.75,No
41213,08/23/2026 12:49 PM,Kai,Modifiers,+ Oat milk,Cappuccino,1,0.75,0.00,,0.75,No
41213,08/23/2026 12:49 PM,Kai,Modifiers,+ Extra shot,Cappuccino,1,1.00,0.00,,1.00,No
41214,08/23/2026 08:28 AM,Theo,Bakery,Croissant,,1,3.75,1.88,Staff meal 50%,1.87,No
41214,08/23/2026 08:28 AM,Theo,Lunch,Greek Salad,,1,12.00,6.00,Staff meal 50%,6.00,No
41214,08/23/2026 08:28 AM,Theo,Lunch,Greek Salad,,1,12.00,6.00,Staff meal 50%,6.00,No
41215,08/23/2026 02:55 PM,Rashid,Coffee & Tea,Drip Coffee,,1,3.00,0.00,,3.00,No
41216,08/23/2026 11:31 AM,Kai,Coffee & Tea,Cold Brew,,1,4.50,0.00,,4.50,No
41216,08/23/2026 11:31 AM,Kai,Modifiers,+ Oat milk,Cold Brew,1,0.75,0.00,,0.75,No
41216,08/23/2026 11:31 AM,Kai,Bakery,Croissant,,1,3.75,0.00,,3.75,No
41217,08/23/2026 09:15 AM,Kai,Bakery,Chocolate Chip Cookie,,1,2.75,0.00,,2.75,No
41217,08/23/2026 09:15 AM,Kai,Coffee & Tea,Latte,,1,5.25,0.00,,5.25,No
41218,08/23/2026 08:02 AM,Maribel,Breakfast,Breakfast Sandwich,,1,9.50,9.50,Comp - manager,0.00,No
41218,08/23/2026 08:02 AM,Maribel,Modifiers,+ Add bacon,Breakfast Sandwich,1,2.50,2.50,Comp - manager,0.00,No
41218,08/23/2026 08:02 AM,Maribel,Modifiers,+ Add egg,Breakfast Sandwich,1,1.50,1.50,Comp - manager,0.00,No
41218,08/23/2026 08:02 AM,Maribel,Breakfast,Smashed Avocado Toast,,1,11.00,0.00,,11.00,No
41218,08/23/2026 08:02 AM,Maribel,Bakery,Croissant,,1,3.75,0.00,,3.75,No
41219,08/23/2026 12:02 PM,Rashid,Breakfast,Breakfast Sandwich,,1,9.50,0.00,,9.50,No
41219,08/23/2026 12:02 PM,Rashid,Lunch,Soup of the Day,,1,7.00,0.00,,7.00,No
41220,08/23/2026 01:12 PM,Ines,Breakfast,Breakfast Sandwich,,1,9.50,0.00,,9.50,No
41221,08/23/2026 07:12 AM,Maribel,Lunch,Soup of the Day,,1,7.00,3.50,Staff meal 50%,3.50,No
41221,08/23/2026 07:12 AM,Maribel,Lunch,Turkey Club,,1,13.50,6.75,Staff meal 50%,6.75,No
41221,08/23/2026 07:12 AM,Maribel,Modifiers,+ Add bacon,Turkey Club,1,2.50,1.25,Staff meal 50%,1.25,No
41221,08/23/2026 07:12 AM,Maribel,Modifiers,+ No onions,Turkey Club,1,0.00,0.00,Staff meal 50%,0.00,No
41222,08/23/2026 11:13 AM,Maribel,Lunch,Soup of the Day,,1,7.00,0.00,,7.00,No
41223,08/23/2026 01:05 PM,Maribel,Lunch,Greek Salad,,1,12.00,0.00,,12.00,No
41224,08/23/2026 08:32 AM,Theo,Bakery,Blueberry Muffin,,1,3.50,0.00,,3.50,No
41224,08/23/2026 08:32 AM,Theo,Coffee & Tea,Latte,,1,5.25,0.00,,5.25,No
41225,08/23/2026 02:44 PM,Maribel,Bakery,Blueberry Muffin,,1,3.50,0.00,,3.50,No
41226,08/23/2026 10:28 AM,Maribel,Coffee & Tea,Cold Brew,,1,4.50,0.00,,4.50,No
41226,08/23/2026 10:28 AM,Maribel,Bakery,Croissant,,1,3.75,0.00,,3.75,No
41227,08/23/2026 12:31 PM,Rashid,Coffee & Tea,Chai Tea,,1,4.75,0.00,,4.75,No
41227,08/23/2026 12:31 PM,Rashid,Breakfast,Breakfast Sandwich,,1,9.50,0.00,,9.50,No
41228,08/23/2026 01:47 PM,Rashid,Lunch,Turkey Club,,1,13.50,0.00,,13.50,No
41228,08/23/2026 01:47 PM,Rashid,Modifiers,+ Add bacon,Turkey Club,1,2.50,0.00,,2.50,No
41228,08/23/2026 01:47 PM,Rashid,Breakfast,Breakfast Sandwich,,1,9.50,0.00,,9.50,No
41228,08/23/2026 01:47 PM,Rashid,Modifiers,+ Add bacon,Breakfast Sandwich,1,2.50,0.00,,2.50,No
41229,08/23/2026 10:18 AM,Theo,Coffee & Tea,Cold Brew,,1,4.50,0.00,,4.50,No
41230,08/24/2026 09:24 AM,Maribel,Breakfast,Smashed Avocado Toast,,1,11.00,0.00,,11.00,No
41231,08/24/2026 09:39 AM,Rashid,Lunch,Soup of the Day,,1,7.00,0.00,,7.00,No
41232,08/24/2026 12:31 PM,Kai,Bakery,Blueberry Muffin,,1,3.50,0.00,,3.50,No
41232,08/24/2026 12:31 PM,Kai,Breakfast,Smashed Avocado Toast,,1,11.00,0.00,,11.00,No
41232,08/24/2026 12:31 PM,Kai,Lunch,Turkey Club,,1,13.50,0.00,,13.50,No
41233,08/24/2026 12:39 PM,Kai,Bakery,Chocolate Chip Cookie,,1,2.75,0.00,,2.75,No
41233,08/24/2026 12:39 PM,Kai,Coffee & Tea,Drip Coffee,,1,3.00,0.00,,3.00,No
41234,08/24/2026 09:13 AM,Kai,Coffee & Tea,Drip Coffee,,1,3.00,0.00,,3.00,No
41234,08/24/2026 09:13 AM,Kai,Bakery,Croissant,,1,3.75,0.00,,3.75,No
41234,08/24/2026 09:13 AM,Kai,Bakery,Blueberry Muffin,,1,3.50,0.00,,3.50,No
41235,08/24/2026 09:28 AM,Rashid,Coffee & Tea,Cold Brew,,1,4.50,0.00,,4.50,No
41235,08/24/2026 09:28 AM,Rashid,Breakfast,Oatmeal Bowl,,1,7.50,0.00,,7.50,No
41236,08/24/2026 10:58 AM,Theo,Coffee & Tea,Cappuccino,,1,4.75,0.00,,4.75,No
41236,08/24/2026 10:58 AM,Theo,Coffee & Tea,Drip Coffee,,1,3.00,0.00,,3.00,No
41236,08/24/2026 10:58 AM,Theo,Breakfast,Oatmeal Bowl,,1,7.50,0.00,,7.50,No
41237,08/24/2026 10:39 AM,Theo,Coffee & Tea,Cold Brew,,1,4.50,0.00,,4.50,No
41237,08/24/2026 10:39 AM,Theo,Coffee & Tea,Cappuccino,,1,4.75,0.00,,4.75,No
41237,08/24/2026 10:39 AM,Theo,Modifiers,+ Oat milk,Cappuccino,1,0.75,0.00,,0.75,No
41238,08/24/2026 12:17 PM,Kai,Coffee & Tea,Drip Coffee,,1,3.00,0.00,,3.00,No
41238,08/24/2026 12:17 PM,Kai,Bakery,Chocolate Chip Cookie,,1,2.75,0.00,,2.75,No
41239,08/24/2026 11:40 AM,Rashid,Bakery,Chocolate Chip Cookie,,1,2.75,0.00,,2.75,No
41239,08/24/2026 11:40 AM,Rashid,Bakery,Chocolate Chip Cookie,,1,2.75,0.00,,2.75,No
41239,08/24/2026 11:40 AM,Rashid,Bakery,Blueberry Muffin,,1,3.50,0.00,,3.50,No
41240,08/24/2026 08:11 AM,Maribel,Breakfast,Oatmeal Bowl,,1,7.50,0.00,,7.50,No
41240,08/24/2026 08:11 AM,Maribel,Breakfast,Smashed Avocado Toast,,1,11.00,0.00,,11.00,No
41240,08/24/2026 08:11 AM,Maribel,Modifiers,+ Add egg,Smashed Avocado Toast,1,1.50,0.00,,1.50,No
41241,08/24/2026 07:46 AM,Ines,Lunch,Greek Salad,,1,12.00,0.00,,12.00,No
41241,08/24/2026 07:46 AM,Ines,Coffee & Tea,Drip Coffee,,1,3.00,0.00,,3.00,No
41242,08/24/2026 01:05 PM,Rashid,Coffee & Tea,Latte,,1,5.25,0.00,,5.25,No
41242,08/24/2026 01:05 PM,Rashid,Modifiers,+ Extra shot,Latte,1,1.00,0.00,,1.00,No
41242,08/24/2026 01:05 PM,Rashid,Modifiers,+ Vanilla syrup,Latte,1,0.60,0.00,,0.60,No
41242,08/24/2026 01:05 PM,Rashid,Bakery,Croissant,,1,3.75,0.00,,3.75,No
41243,08/24/2026 01:55 PM,Kai,Bakery,Croissant,,1,3.75,0.00,,3.75,No
41243,08/24/2026 01:55 PM,Kai,Coffee & Tea,Cold Brew,,1,4.50,0.00,,4.50,No
41243,08/24/2026 01:55 PM,Kai,Coffee & Tea,Drip Coffee,,1,3.00,0.00,,3.00,No
41244,08/24/2026 09:17 AM,Theo,Coffee & Tea,Drip Coffee,,1,3.00,0.00,,3.00,No
41244,08/24/2026 09:17 AM,Theo,Breakfast,Smashed Avocado Toast,,1,11.00,0.00,,11.00,No
41245,08/24/2026 11:47 AM,Ines,Coffee & Tea,Latte,,1,5.25,0.00,,5.25,No
41245,08/24/2026 11:47 AM,Ines,Modifiers,+ Extra shot,Latte,1,1.00,0.00,,1.00,No
41245,08/24/2026 11:47 AM,Ines,Modifiers,+ Vanilla syrup,Latte,1,0.60,0.00,,0.60,No
41246,08/24/2026 09:10 AM,Ines,Bakery,Chocolate Chip Cookie,,1,2.75,0.00,,2.75,No
41246,08/24/2026 09:10 AM,Ines,Breakfast,Smashed Avocado Toast,,1,11.00,0.00,,11.00,No
41246,08/24/2026 09:10 AM,Ines,Modifiers,+ Add egg,Smashed Avocado Toast,1,1.50,0.00,,1.50,No
41247,08/24/2026 07:30 AM,Kai,Coffee & Tea,Cold Brew,,1,4.50,0.00,,4.50,No
41247,08/24/2026 07:30 AM,Kai,Coffee & Tea,Drip Coffee,,1,3.00,0.00,,3.00,No
41247,08/24/2026 07:30 AM,Kai,Coffee & Tea,Drip Coffee,,1,3.00,0.00,,3.00,No
41248,08/24/2026 07:31 AM,Rashid,Lunch,Soup of the Day,,1,7.00,0.00,,7.00,No
41249,08/24/2026 11:37 AM,Kai,Breakfast,Breakfast Sandwich,,1,9.50,0.00,,9.50,No
41249,08/24/2026 11:37 AM,Kai,Modifiers,+ Add avocado,Breakfast Sandwich,1,2.00,0.00,,2.00,No
41249,08/24/2026 11:37 AM,Kai,Bakery,Blueberry Muffin,,1,3.50,0.00,,3.50,No
41249,08/24/2026 11:37 AM,Kai,Breakfast,Smashed Avocado Toast,,1,11.00,0.00,,11.00,No
41249,08/24/2026 11:37 AM,Kai,Modifiers,+ Gluten-free bread,Smashed Avocado Toast,1,1.50,0.00,,1.50,No
41250,08/24/2026 10:07 AM,Ines,Breakfast,Smashed Avocado Toast,,1,11.00,0.00,,11.00,No
41250,08/24/2026 10:07 AM,Ines,Modifiers,+ Add egg,Smashed Avocado Toast,1,1.50,0.00,,1.50,No
41250,08/24/2026 10:07 AM,Ines,Coffee & Tea,Drip Coffee,,1,3.00,0.00,,3.00,No
41251,08/24/2026 11:45 AM,Rashid,Coffee & Tea,Latte,,1,5.25,0.00,,5.25,No
41252,08/24/2026 08:27 AM,Ines,Bakery,Croissant,,1,3.75,0.00,,3.75,No
41253,08/24/2026 07:34 AM,Ines,Lunch,Greek Salad,,1,12.00,0.00,,12.00,No
41254,08/24/2026 12:08 PM,Ines,Coffee & Tea,Drip Coffee,,1,3.00,0.00,,3.00,No
41255,08/24/2026 10:09 AM,Kai,Bakery,Chocolate Chip Cookie,,1,2.75,0.00,,2.75,No
41256,08/24/2026 02:06 PM,Ines,Bakery,Chocolate Chip Cookie,,1,2.75,0.00,,2.75,No
41256,08/24/2026 02:06 PM,Ines,Bakery,Blueberry Muffin,,1,3.50,0.00,,3.50,No
41257,08/24/2026 11:55 AM,Theo,Coffee & Tea,Chai Tea,,1,4.75,0.00,,4.75,No
41257,08/24/2026 11:55 AM,Theo,Coffee & Tea,Drip Coffee,,1,3.00,0.00,,3.00,No
41258,08/24/2026 12:22 PM,Maribel,Lunch,Turkey Club,,1,13.50,0.00,,13.50,No
41258,08/24/2026 12:22 PM,Maribel,Modifiers,+ Add bacon,Turkey Club,1,2.50,0.00,,2.50,No
41258,08/24/2026 12:22 PM,Maribel,Breakfast,Smashed Avocado Toast,,1,11.00,0.00,,11.00,No
41258,08/24/2026 12:22 PM,Maribel,Breakfast,Smashed Avocado Toast,,1,11.00,0.00,,11.00,No
41259,08/24/2026 10:24 AM,Theo,Lunch,Soup of the Day,,1,7.00,3.50,Staff meal 50%,3.50,No
41260,08/24/2026 09:23 AM,Theo,Coffee & Tea,Cold Brew,,1,4.50,0.00,,4.50,No
41260,08/24/2026 09:23 AM,Theo,Bakery,Chocolate Chip Cookie,,1,2.75,0.00,,2.75,No
41260,08/24/2026 09:23 AM,Theo,Lunch,Turkey Club,,1,13.50,0.00,,13.50,No
41260,08/24/2026 09:23 AM,Theo,Modifiers,+ Add bacon,Turkey Club,1,2.50,0.00,,2.50,No
41260,08/24/2026 09:23 AM,Theo,Modifiers,+ Gluten-free bread,Turkey Club,1,1.50,0.00,,1.50,No
41261,08/24/2026 10:26 AM,Maribel,Coffee & Tea,Drip Coffee,,1,3.00,0.00,,3.00,No
41262,08/24/2026 10:30 AM,Kai,Coffee & Tea,Drip Coffee,,1,3.00,0.00,,3.00,No
41263,08/24/2026 09:06 AM,Maribel,Coffee & Tea,Drip Coffee,,1,3.00,0.00,,3.00,No
41263,08/24/2026 09:06 AM,Maribel,Bakery,Blueberry Muffin,,1,3.50,0.00,,3.50,No
41264,08/24/2026 09:43 AM,Rashid,Coffee & Tea,Latte,,1,5.25,0.00,,5.25,No
41264,08/24/2026 09:43 AM,Rashid,Breakfast,Breakfast Sandwich,,1,9.50,0.00,,9.50,No
41265,08/24/2026 02:01 PM,Theo,Breakfast,Oatmeal Bowl,,1,7.50,0.00,,7.50,No
41265,08/24/2026 02:01 PM,Theo,Coffee & Tea,Cold Brew,,1,4.50,0.00,,4.50,No
41265,08/24/2026 02:01 PM,Theo,Modifiers,+ Oat milk,Cold Brew,1,0.75,0.00,,0.75,No
41265,08/24/2026 02:01 PM,Theo,Coffee & Tea,Chai Tea,,1,4.75,0.00,,4.75,No
41266,08/24/2026 12:58 PM,Ines,Coffee & Tea,Cappuccino,,1,4.75,0.00,,4.75,No
41266,08/24/2026 12:58 PM,Ines,Modifiers,+ Oat milk,Cappuccino,1,0.75,0.00,,0.75,No
41266,08/24/2026 12:58 PM,Ines,Breakfast,Breakfast Sandwich,,1,9.50,0.00,,9.50,No
41267,08/24/2026 02:32 PM,Kai,Bakery,Croissant,,1,3.75,0.00,,3.75,No
41268,08/24/2026 01:19 PM,Theo,Breakfast,Oatmeal Bowl,,1,7.50,0.00,,7.50,No
41268,08/24/2026 01:19 PM,Theo,Coffee & Tea,Cold Brew,,1,4.50,0.00,,4.50,No
41268,08/24/2026 01:19 PM,Theo,Coffee & Tea,Latte,,1,5.25,0.00,,5.25,No
41268,08/24/2026 01:19 PM,Theo,Modifiers,+ Vanilla syrup,Latte,1,0.60,0.00,,0.60,No
41269,08/24/2026 07:09 AM,Rashid,Breakfast,Oatmeal Bowl,,1,7.50,0.00,,7.50,No
41270,08/24/2026 09:15 AM,Rashid,Coffee & Tea,Cappuccino,,1,4.75,0.00,,4.75,No
41270,08/24/2026 09:15 AM,Rashid,Coffee & Tea,Cold Brew,,1,4.50,0.00,,4.50,No
41270,08/24/2026 09:15 AM,Rashid,Lunch,Turkey Club,,1,13.50,0.00,,13.50,No
41271,08/24/2026 09:41 AM,Maribel,Coffee & Tea,Latte,,1,5.25,0.00,,5.25,No
41271,08/24/2026 09:41 AM,Maribel,Modifiers,+ Extra shot,Latte,1,1.00,0.00,,1.00,No
41271,08/24/2026 09:41 AM,Maribel,Modifiers,+ Vanilla syrup,Latte,1,0.60,0.00,,0.60,No
41271,08/24/2026 09:41 AM,Maribel,Coffee & Tea,Cappuccino,,1,4.75,4.75,Comp - manager,0.00,No
41272,08/24/2026 12:08 PM,Kai,Coffee & Tea,Drip Coffee,,1,3.00,0.00,,3.00,No
41272,08/24/2026 12:08 PM,Kai,Coffee & Tea,Cold Brew,,1,4.50,0.00,,4.50,No
41272,08/24/2026 12:08 PM,Kai,Breakfast,Smashed Avocado Toast,,1,11.00,0.00,,11.00,No
41272,08/24/2026 12:08 PM,Kai,Modifiers,+ Add egg,Smashed Avocado Toast,1,1.50,0.00,,1.50,No
41273,08/24/2026 02:42 PM,Ines,Coffee & Tea,Chai Tea,,1,4.75,0.00,,4.75,No
41273,08/24/2026 02:42 PM,Ines,Bakery,Blueberry Muffin,,1,3.50,0.00,,3.50,No
41273,08/24/2026 02:42 PM,Ines,Coffee & Tea,Drip Coffee,,1,3.00,0.00,,3.00,No
41274,08/24/2026 08:39 AM,Rashid,Coffee & Tea,Latte,,1,5.25,0.00,,5.25,No
41274,08/24/2026 08:39 AM,Rashid,Modifiers,+ Vanilla syrup,Latte,1,0.60,0.00,,0.60,No
41274,08/24/2026 08:39 AM,Rashid,Breakfast,Breakfast Sandwich,,1,9.50,0.00,,9.50,No
41274,08/24/2026 08:39 AM,Rashid,Coffee & Tea,Drip Coffee,,1,3.00,0.00,,3.00,No
41275,08/24/2026 07:51 AM,Ines,Coffee & Tea,Cappuccino,,1,4.75,0.00,,4.75,No
41275,08/24/2026 07:51 AM,Ines,Breakfast,Breakfast Sandwich,,1,9.50,0.00,,9.50,No
41275,08/24/2026 07:51 AM,Ines,Modifiers,+ Add egg,Breakfast Sandwich,1,1.50,0.00,,1.50,No
41275,08/24/2026 07:51 AM,Ines,Modifiers,+ Add avocado,Breakfast Sandwich,1,2.00,0.00,,2.00,No
41275,08/24/2026 07:51 AM,Ines,Bakery,Blueberry Muffin,,1,3.50,0.00,,3.50,No
41276,08/24/2026 10:43 AM,Ines,Coffee & Tea,Drip Coffee,,1,3.00,0.00,,3.00,No
41276,08/24/2026 10:43 AM,Ines,Coffee & Tea,Drip Coffee,,1,3.00,0.00,,3.00,No
41277,08/24/2026 02:20 PM,Theo,Breakfast,Breakfast Sandwich,,1,9.50,0.00,,9.50,No
41277,08/24/2026 02:20 PM,Theo,Breakfast,Breakfast Sandwich,,1,9.50,0.00,,9.50,No
41277,08/24/2026 02:20 PM,Theo,Modifiers,+ Add bacon,Breakfast Sandwich,1,2.50,0.00,,2.50,No
41278,08/25/2026 11:03 AM,Maribel,Coffee & Tea,Cold Brew,,1,4.50,0.00,,4.50,No
41278,08/25/2026 11:03 AM,Maribel,Bakery,Croissant,,1,3.75,0.00,,3.75,No
41278,08/25/2026 11:03 AM,Maribel,Bakery,Blueberry Muffin,,1,3.50,0.00,,3.50,No
41279,08/25/2026 10:17 AM,Kai,Bakery,Blueberry Muffin,,1,3.50,0.00,,3.50,No
41280,08/25/2026 08:48 AM,Theo,Breakfast,Breakfast Sandwich,,1,9.50,0.00,,9.50,No
41280,08/25/2026 08:48 AM,Theo,Modifiers,+ Add bacon,Breakfast Sandwich,1,2.50,0.00,,2.50,No
41280,08/25/2026 08:48 AM,Theo,Modifiers,+ Add egg,Breakfast Sandwich,1,1.50,0.00,,1.50,No
41281,08/25/2026 02:55 PM,Kai,Coffee & Tea,Cappuccino,,1,4.75,2.38,Staff meal 50%,2.37,No
41281,08/25/2026 02:55 PM,Kai,Breakfast,Smashed Avocado Toast,,1,11.00,5.50,Staff meal 50%,5.50,No
41282,08/25/2026 10:37 AM,Kai,Lunch,Soup of the Day,,1,7.00,0.00,,7.00,No
41282,08/25/2026 10:37 AM,Kai,Breakfast,Oatmeal Bowl,,1,7.50,0.00,,7.50,No
41283,08/25/2026 11:48 AM,Maribel,Coffee & Tea,Drip Coffee,,1,3.00,0.00,,3.00,No
41284,08/25/2026 01:13 PM,Kai,Coffee & Tea,Chai Tea,,1,4.75,0.00,,4.75,No
41285,08/25/2026 02:55 PM,Theo,Coffee & Tea,Drip Coffee,,1,3.00,0.00,,3.00,No
41285,08/25/2026 02:55 PM,Theo,Breakfast,Breakfast Sandwich,,1,9.50,0.00,,9.50,No
41286,08/25/2026 12:32 PM,Kai,Coffee & Tea,Latte,,1,5.25,0.00,,5.25,No
41286,08/25/2026 12:32 PM,Kai,Modifiers,+ Extra shot,Latte,1,1.00,0.00,,1.00,No
41286,08/25/2026 12:32 PM,Kai,Coffee & Tea,Latte,,1,5.25,0.00,,5.25,No
41286,08/25/2026 12:32 PM,Kai,Modifiers,+ Extra shot,Latte,1,1.00,0.00,,1.00,No
41287,08/25/2026 02:39 PM,Kai,Bakery,Chocolate Chip Cookie,,1,2.75,0.00,,2.75,No
41287,08/25/2026 02:39 PM,Kai,Lunch,Greek Salad,,1,12.00,0.00,,12.00,No
41287,08/25/2026 02:39 PM,Kai,Coffee & Tea,Cold Brew,,1,4.50,0.00,,4.50,No
41288,08/25/2026 11:16 AM,Kai,Coffee & Tea,Drip Coffee,,1,3.00,0.00,,3.00,No
41288,08/25/2026 11:16 AM,Kai,Coffee & Tea,Cappuccino,,1,4.75,0.00,,4.75,No
41289,08/25/2026 12:25 PM,Maribel,Bakery,Chocolate Chip Cookie,,1,2.75,0.00,,2.75,No
41289,08/25/2026 12:25 PM,Maribel,Coffee & Tea,Cappuccino,,1,4.75,0.00,,4.75,No
41289,08/25/2026 12:25 PM,Maribel,Coffee & Tea,Cold Brew,,1,4.50,0.00,,4.50,No
41289,08/25/2026 12:25 PM,Maribel,Modifiers,+ Oat milk,Cold Brew,1,0.75,0.00,,0.75,No
41290,08/25/2026 11:22 AM,Theo,Coffee & Tea,Cold Brew,,1,4.50,0.00,,4.50,No
41290,08/25/2026 11:22 AM,Theo,Modifiers,+ Oat milk,Cold Brew,1,0.75,0.00,,0.75,No
41290,08/25/2026 11:22 AM,Theo,Breakfast,Breakfast Sandwich,,1,9.50,0.00,,9.50,No
41291,08/25/2026 10:36 AM,Ines,Breakfast,Smashed Avocado Toast,,1,11.00,0.00,,11.00,No
41291,08/25/2026 10:36 AM,Ines,Coffee & Tea,Drip Coffee,,1,3.00,0.00,,3.00,No
41291,08/25/2026 10:36 AM,Ines,Coffee & Tea,Cold Brew,,1,4.50,0.00,,4.50,No
41292,08/25/2026 09:31 AM,Kai,Bakery,Blueberry Muffin,,1,3.50,0.00,,3.50,No
41292,08/25/2026 09:31 AM,Kai,Bakery,Blueberry Muffin,,1,3.50,0.00,,3.50,No
41292,08/25/2026 09:31 AM,Kai,Coffee & Tea,Latte,,1,5.25,0.00,,5.25,No
41293,08/25/2026 09:43 AM,Ines,Coffee & Tea,Cold Brew,,1,4.50,0.00,,4.50,No
41293,08/25/2026 09:43 AM,Ines,Lunch,Turkey Club,,1,13.50,0.00,,13.50,No
41293,08/25/2026 09:43 AM,Ines,Modifiers,+ Add bacon,Turkey Club,1,2.50,0.00,,2.50,No
41293,08/25/2026 09:43 AM,Ines,Modifiers,+ Gluten-free bread,Turkey Club,1,1.50,0.00,,1.50,No
41294,08/25/2026 01:06 PM,Rashid,Coffee & Tea,Drip Coffee,,1,3.00,0.00,,3.00,No
41294,08/25/2026 01:06 PM,Rashid,Coffee & Tea,Drip Coffee,,1,3.00,0.00,,3.00,No
41295,08/25/2026 07:48 AM,Theo,Coffee & Tea,Drip Coffee,,1,3.00,0.00,,3.00,No
41296,08/25/2026 02:28 PM,Rashid,Coffee & Tea,Drip Coffee,,1,3.00,0.00,,3.00,No
41297,08/25/2026 01:01 PM,Maribel,Bakery,Croissant,,1,3.75,0.00,,3.75,No
41298,08/25/2026 12:43 PM,Ines,Breakfast,Breakfast Sandwich,,1,9.50,0.00,,9.50,No
41298,08/25/2026 12:43 PM,Ines,Coffee & Tea,Drip Coffee,,1,3.00,0.00,,3.00,No
41298,08/25/2026 12:43 PM,Ines,Breakfast,Oatmeal Bowl,,1,7.50,0.00,,7.50,No
41299,08/25/2026 11:18 AM,Maribel,Breakfast,Breakfast Sandwich,,1,9.50,0.00,,9.50,No
41299,08/25/2026 11:18 AM,Maribel,Modifiers,+ Add bacon,Breakfast Sandwich,1,2.50,0.00,,2.50,No
41299,08/25/2026 11:18 AM,Maribel,Modifiers,+ Add avocado,Breakfast Sandwich,1,2.00,0.00,,2.00,No
41299,08/25/2026 11:18 AM,Maribel,Coffee & Tea,Cold Brew,,1,4.50,0.00,,4.50,No
41299,08/25/2026 11:18 AM,Maribel,Modifiers,+ Vanilla syrup,Cold Brew,1,0.60,0.00,,0.60,No
41300,08/25/2026 01:22 PM,Theo,Lunch,Soup of the Day,,1,7.00,0.00,,7.00,No
41300,08/25/2026 01:22 PM,Theo,Coffee & Tea,Latte,,1,5.25,0.00,,5.25,No
41300,08/25/2026 01:22 PM,Theo,Breakfast,Smashed Avocado Toast,,1,11.00,0.00,,11.00,No
41301,08/25/2026 12:49 PM,Kai,Coffee & Tea,Drip Coffee,,1,3.00,0.00,,3.00,No
41301,08/25/2026 12:49 PM,Kai,Coffee & Tea,Chai Tea,,1,4.75,0.00,,4.75,No
41301,08/25/2026 12:49 PM,Kai,Coffee & Tea,Latte,,1,5.25,0.00,,5.25,No
41302,08/25/2026 11:47 AM,Maribel,Coffee & Tea,Drip Coffee,,1,3.00,0.00,,3.00,No
41303,08/25/2026 08:38 AM,Kai,Coffee & Tea,Cappuccino,,1,4.75,0.00,,4.75,No
41304,08/25/2026 12:09 PM,Maribel,Lunch,Soup of the Day,,1,7.00,0.00,,7.00,No
41304,08/25/2026 12:09 PM,Maribel,Lunch,Soup of the Day,,1,7.00,0.00,,7.00,No
41305,08/25/2026 09:29 AM,Rashid,Coffee & Tea,Latte,,1,5.25,0.00,,5.25,No
41305,08/25/2026 09:29 AM,Rashid,Bakery,Blueberry Muffin,,1,3.50,0.00,,3.50,No
41306,08/25/2026 12:20 PM,Theo,Bakery,Blueberry Muffin,,1,3.50,1.75,Staff meal 50%,1.75,No
41307,08/25/2026 11:44 AM,Ines,Coffee & Tea,Latte,,1,5.25,0.00,,5.25,No
41307,08/25/2026 11:44 AM,Ines,Breakfast,Smashed Avocado Toast,,1,11.00,0.00,,11.00,No
41307,08/25/2026 11:44 AM,Ines,Breakfast,Breakfast Sandwich,,1,9.50,0.00,,9.50,No
41308,08/25/2026 12:53 PM,Rashid,Breakfast,Breakfast Sandwich,,1,9.50,0.00,,9.50,No
41308,08/25/2026 12:53 PM,Rashid,Modifiers,+ Add avocado,Breakfast Sandwich,1,2.00,0.00,,2.00,No
41308,08/25/2026 12:53 PM,Rashid,Coffee & Tea,Cold Brew,,1,4.50,0.00,,4.50,No
41308,08/25/2026 12:53 PM,Rashid,Modifiers,+ Oat milk,Cold Brew,1,0.75,0.00,,0.75,No
41309,08/25/2026 11:42 AM,Kai,Breakfast,Breakfast Sandwich,,1,9.50,0.00,,9.50,No
41309,08/25/2026 11:42 AM,Kai,Modifiers,+ Add egg,Breakfast Sandwich,1,1.50,0.00,,1.50,No
41309,08/25/2026 11:42 AM,Kai,Breakfast,Breakfast Sandwich,,1,9.50,0.00,,9.50,No
41309,08/25/2026 11:42 AM,Kai,Modifiers,+ Add avocado,Breakfast Sandwich,1,2.00,0.00,,2.00,No
41310,08/25/2026 07:26 AM,Ines,Coffee & Tea,Cappuccino,,1,4.75,0.00,,4.75,No
41311,08/25/2026 09:51 AM,Theo,Coffee & Tea,Cappuccino,,1,4.75,0.00,,4.75,No
41312,08/25/2026 11:45 AM,Ines,Coffee & Tea,Latte,,1,5.25,0.00,,5.25,No
41312,08/25/2026 11:45 AM,Ines,Modifiers,+ Oat milk,Latte,1,0.75,0.00,,0.75,No
41312,08/25/2026 11:45 AM,Ines,Lunch,Greek Salad,,1,12.00,0.00,,12.00,No
41312,08/25/2026 11:45 AM,Ines,Modifiers,+ No onions,Greek Salad,1,0.00,0.00,,0.00,No
41312,08/25/2026 11:45 AM,Ines,Coffee & Tea,Drip Coffee,,1,3.00,0.00,,3.00,No
41313,08/25/2026 01:34 PM,Kai,Breakfast,Smashed Avocado Toast,,1,11.00,0.00,,11.00,No
41313,08/25/2026 01:34 PM,Kai,Modifiers,+ Add egg,Smashed Avocado Toast,1,1.50,0.00,,1.50,No
41313,08/25/2026 01:34 PM,Kai,Coffee & Tea,Cappuccino,,1,4.75,0.00,,0.00,Yes
41314,08/25/2026 07:27 AM,Ines,Bakery,Blueberry Muffin,,1,3.50,0.00,,3.50,No
41315,08/25/2026 07:13 AM,Kai,Coffee & Tea,Latte,,1,5.25,0.00,,5.25,No
41315,08/25/2026 07:13 AM,Kai,Coffee & Tea,Drip Coffee,,1,3.00,0.00,,3.00,No
41316,08/25/2026 08:05 AM,Maribel,Coffee & Tea,Drip Coffee,,1,3.00,0.00,,3.00,No
41317,08/25/2026 02:26 PM,Maribel,Bakery,Chocolate Chip Cookie,,1,2.75,0.00,,2.75,No
41318,08/26/2026 11:01 AM,Theo,Coffee & Tea,Cold Brew,,1,4.50,0.00,,4.50,No
41318,08/26/2026 11:01 AM,Theo,Coffee & Tea,Latte,,1,5.25,0.00,,5.25,No
41318,08/26/2026 11:01 AM,Theo,Modifiers,+ Extra shot,Latte,1,1.00,0.00,,1.00,No
41319,08/26/2026 10:51 AM,Maribel,Coffee & Tea,Drip Coffee,,1,3.00,0.00,,3.00,No
41320,08/26/2026 08:25 AM,Theo,Coffee & Tea,Drip Coffee,,1,3.00,0.00,,3.00,No
41320,08/26/2026 08:25 AM,Theo,Bakery,Blueberry Muffin,,1,3.50,0.00,,3.50,No
41321,08/26/2026 01:06 PM,Theo,Coffee & Tea,Cappuccino,,1,4.75,0.00,,4.75,No
41321,08/26/2026 01:06 PM,Theo,Modifiers,+ Oat milk,Cappuccino,1,0.75,0.00,,0.75,No
41321,08/26/2026 01:06 PM,Theo,Coffee & Tea,Drip Coffee,,1,3.00,0.00,,3.00,No
41321,08/26/2026 01:06 PM,Theo,Breakfast,Smashed Avocado Toast,,1,11.00,0.00,,11.00,No
41322,08/26/2026 01:25 PM,Theo,Breakfast,Oatmeal Bowl,,1,7.50,0.00,,7.50,No
41323,08/26/2026 02:29 PM,Kai,Bakery,Blueberry Muffin,,1,3.50,0.00,,3.50,No
41323,08/26/2026 02:29 PM,Kai,Breakfast,Smashed Avocado Toast,,1,11.00,0.00,,11.00,No
41324,08/26/2026 08:25 AM,Theo,Bakery,Croissant,,1,3.75,0.00,,3.75,No
41324,08/26/2026 08:25 AM,Theo,Coffee & Tea,Cold Brew,,1,4.50,0.00,,4.50,No
41325,08/26/2026 11:15 AM,Ines,Bakery,Chocolate Chip Cookie,,1,2.75,0.00,,2.75,No
41326,08/26/2026 11:06 AM,Theo,Coffee & Tea,Drip Coffee,,1,3.00,0.00,,3.00,No
41326,08/26/2026 11:06 AM,Theo,Bakery,Croissant,,1,3.75,0.00,,3.75,No
41326,08/26/2026 11:06 AM,Theo,Bakery,Croissant,,1,3.75,0.00,,3.75,No
41327,08/26/2026 07:07 AM,Kai,Breakfast,Breakfast Sandwich,,1,9.50,0.00,,9.50,No
41327,08/26/2026 07:07 AM,Kai,Bakery,Croissant,,1,3.75,0.00,,3.75,No
41328,08/26/2026 02:57 PM,Theo,Lunch,Turkey Club,,1,13.50,0.00,,13.50,No
41328,08/26/2026 02:57 PM,Theo,Modifiers,+ Gluten-free bread,Turkey Club,1,1.50,0.00,,1.50,No
41329,08/26/2026 09:23 AM,Maribel,Bakery,Chocolate Chip Cookie,,1,2.75,0.00,,2.75,No
41329,08/26/2026 09:23 AM,Maribel,Breakfast,Smashed Avocado Toast,,1,11.00,0.00,,11.00,No
41329,08/26/2026 09:23 AM,Maribel,Coffee & Tea,Latte,,1,5.25,0.00,,5.25,No
41329,08/26/2026 09:23 AM,Maribel,Modifiers,+ Oat milk,Latte,1,0.75,0.00,,0.75,No
41330,08/26/2026 10:39 AM,Maribel,Coffee & Tea,Latte,,1,5.25,2.62,Staff meal 50%,2.63,No
41331,08/26/2026 08:14 AM,Ines,Coffee & Tea,Drip Coffee,,1,3.00,0.00,,3.00,No
41331,08/26/2026 08:14 AM,Ines,Breakfast,Oatmeal Bowl,,1,7.50,0.00,,7.50,No
41332,08/26/2026 09:46 AM,Theo,Bakery,Blueberry Muffin,,1,3.50,0.00,,3.50,No
41332,08/26/2026 09:46 AM,Theo,Bakery,Croissant,,1,3.75,0.00,,3.75,No
41333,08/26/2026 07:57 AM,Ines,Breakfast,Smashed Avocado Toast,,1,11.00,0.00,,11.00,No
41333,08/26/2026 07:57 AM,Ines,Coffee & Tea,Cold Brew,,1,4.50,0.00,,4.50,No
41334,08/26/2026 10:34 AM,Ines,Lunch,Turkey Club,,1,13.50,0.00,,13.50,No
41334,08/26/2026 10:34 AM,Ines,Modifiers,+ No onions,Turkey Club,1,0.00,0.00,,0.00,No
41334,08/26/2026 10:34 AM,Ines,Coffee & Tea,Drip Coffee,,1,3.00,0.00,,3.00,No
41335,08/26/2026 02:34 PM,Ines,Coffee & Tea,Latte,,1,5.25,0.00,,5.25,No
41336,08/26/2026 08:00 AM,Theo,Lunch,Greek Salad,,1,12.00,0.00,,12.00,No
41337,08/26/2026 02:58 PM,Maribel,Coffee & Tea,Chai Tea,,1,4.75,0.00,,4.75,No
41338,08/26/2026 10:41 AM,Kai,Lunch,Soup of the Day,,1,7.00,0.00,,7.00,No
41339,08/26/2026 10:04 AM,Ines,Bakery,Chocolate Chip Cookie,,1,2.75,0.00,,2.75,No
41339,08/26/2026 10:04 AM,Ines,Bakery,Chocolate Chip Cookie,,1,2.75,0.00,,2.75,No
41340,08/26/2026 09:34 AM,Maribel,Lunch,Greek Salad,,1,12.00,0.00,,12.00,No
41340,08/26/2026 09:34 AM,Maribel,Coffee & Tea,Chai Tea,,1,4.75,0.00,,4.75,No
41341,08/26/2026 08:29 AM,Ines,Bakery,Blueberry Muffin,,1,3.50,0.00,,3.50,No
41341,08/26/2026 08:29 AM,Ines,Lunch,Turkey Club,,1,13.50,0.00,,13.50,No
41341,08/26/2026 08:29 AM,Ines,Modifiers,+ Gluten-free bread,Turkey Club,1,1.50,0.00,,1.50,No
41342,08/26/2026 10:13 AM,Theo,Coffee & Tea,Latte,,1,5.25,0.00,,5.25,No
41342,08/26/2026 10:13 AM,Theo,Modifiers,+ Oat milk,Latte,1,0.75,0.00,,0.75,No
41343,08/26/2026 07:53 AM,Ines,Coffee & Tea,Chai Tea,,1,4.75,0.00,,4.75,No
41343,08/26/2026 07:53 AM,Ines,Coffee & Tea,Drip Coffee,,1,3.00,0.00,,3.00,No
41343,08/26/2026 07:53 AM,Ines,Bakery,Croissant,,1,3.75,0.00,,3.75,No
41344,08/26/2026 12:47 PM,Maribel,Coffee & Tea,Cappuccino,,1,4.75,0.00,,4.75,No
41344,08/26/2026 12:47 PM,Maribel,Bakery,Blueberry Muffin,,1,3.50,0.00,,3.50,No
41344,08/26/2026 12:47 PM,Maribel,Coffee & Tea,Cappuccino,,1,4.75,0.00,,4.75,No
41344,08/26/2026 12:47 PM,Maribel,Modifiers,+ Oat milk,Cappuccino,1,0.75,0.00,,0.75,No
41345,08/26/2026 11:48 AM,Theo,Coffee & Tea,Latte,,1,5.25,0.00,,5.25,No
41345,08/26/2026 11:48 AM,Theo,Modifiers,+ Oat milk,Latte,1,0.75,0.00,,0.75,No
41345,08/26/2026 11:48 AM,Theo,Modifiers,+ Vanilla syrup,Latte,1,0.60,0.00,,0.60,No
41346,08/26/2026 10:41 AM,Theo,Coffee & Tea,Drip Coffee,,1,3.00,0.00,,3.00,No
41347,08/26/2026 08:32 AM,Maribel,Breakfast,Breakfast Sandwich,,1,9.50,0.00,,9.50,No
41347,08/26/2026 08:32 AM,Maribel,Modifiers,+ Add egg,Breakfast Sandwich,1,1.50,0.00,,1.50,No
41348,08/26/2026 11:05 AM,Maribel,Coffee & Tea,Latte,,1,5.25,0.00,,5.25,No
41348,08/26/2026 11:05 AM,Maribel,Modifiers,+ Vanilla syrup,Latte,1,0.60,0.00,,0.60,No
41348,08/26/2026 11:05 AM,Maribel,Coffee & Tea,Latte,,1,5.25,0.00,,5.25,No
41348,08/26/2026 11:05 AM,Maribel,Modifiers,+ Oat milk,Latte,1,0.75,0.00,,0.75,No
41349,08/26/2026 11:28 AM,Ines,Breakfast,Oatmeal Bowl,,1,7.50,0.00,,7.50,No
41349,08/26/2026 11:28 AM,Ines,Coffee & Tea,Cold Brew,,1,4.50,0.00,,4.50,No
41349,08/26/2026 11:28 AM,Ines,Modifiers,+ Vanilla syrup,Cold Brew,1,0.60,0.00,,0.60,No
41349,08/26/2026 11:28 AM,Ines,Coffee & Tea,Cold Brew,,1,4.50,0.00,,4.50,No
41349,08/26/2026 11:28 AM,Ines,Modifiers,+ Vanilla syrup,Cold Brew,1,0.60,0.00,,0.60,No
41350,08/26/2026 08:30 AM,Maribel,Coffee & Tea,Chai Tea,,1,4.75,0.00,,4.75,No
41351,08/26/2026 08:58 AM,Rashid,Lunch,Soup of the Day,,1,7.00,0.00,,7.00,No
41351,08/26/2026 08:58 AM,Rashid,Bakery,Chocolate Chip Cookie,,1,2.75,0.00,,2.75,No
41352,08/26/2026 01:53 PM,Kai,Coffee & Tea,Cold Brew,,1,4.50,0.00,,4.50,No
41352,08/26/2026 01:53 PM,Kai,Modifiers,+ Oat milk,Cold Brew,1,0.75,0.00,,0.75,No
41352,08/26/2026 01:53 PM,Kai,Modifiers,+ Vanilla syrup,Cold Brew,1,0.60,0.00,,0.60,No
41352,08/26/2026 01:53 PM,Kai,Breakfast,Breakfast Sandwich,,1,9.50,0.00,,9.50,No
41353,08/26/2026 09:26 AM,Kai,Breakfast,Breakfast Sandwich,,1,9.50,0.00,,9.50,No
41353,08/26/2026 09:26 AM,Kai,Modifiers,+ Add bacon,Breakfast Sandwich,1,2.50,0.00,,2.50,No
41353,08/26/2026 09:26 AM,Kai,Modifiers,+ Add avocado,Breakfast Sandwich,1,2.00,0.00,,2.00,No
41353,08/26/2026 09:26 AM,Kai,Coffee & Tea,Cappuccino,,1,4.75,0.00,,4.75,No
41353,08/26/2026 09:26 AM,Kai,Modifiers,+ Extra shot,Cappuccino,1,1.00,0.00,,1.00,No
41354,08/26/2026 09:49 AM,Rashid,Bakery,Croissant,,1,3.75,0.00,,3.75,No
41354,08/26/2026 09:49 AM,Rashid,Breakfast,Breakfast Sandwich,,1,9.50,0.00,,9.50,No
41354,08/26/2026 09:49 AM,Rashid,Bakery,Croissant,,1,3.75,0.00,,3.75,No
41355,08/26/2026 10:07 AM,Kai,Coffee & Tea,Chai Tea,,1,4.75,0.00,,4.75,No
41355,08/26/2026 10:07 AM,Kai,Bakery,Blueberry Muffin,,1,3.50,0.00,,3.50,No
41355,08/26/2026 10:07 AM,Kai,Coffee & Tea,Latte,,1,5.25,0.00,,5.25,No
41356,08/26/2026 07:06 AM,Rashid,Coffee & Tea,Cold Brew,,1,4.50,2.25,Staff meal 50%,2.25,No
41357,08/26/2026 01:46 PM,Rashid,Coffee & Tea,Drip Coffee,,1,3.00,0.00,,3.00,No
41358,08/26/2026 08:45 AM,Rashid,Bakery,Chocolate Chip Cookie,,1,2.75,0.00,,2.75,No
41359,08/26/2026 12:54 PM,Rashid,Coffee & Tea,Cappuccino,,1,4.75,0.00,,4.75,No
41359,08/26/2026 12:54 PM,Rashid,Modifiers,+ Oat milk,Cappuccino,1,0.75,0.00,,0.75,No
41359,08/26/2026 12:54 PM,Rashid,Breakfast,Smashed Avocado Toast,,1,11.00,0.00,,11.00,No
41360,08/26/2026 02:03 PM,Ines,Coffee & Tea,Drip Coffee,,1,3.00,0.00,,3.00,No
41360,08/26/2026 02:03 PM,Ines,Breakfast,Breakfast Sandwich,,1,9.50,0.00,,9.50,No
41360,08/26/2026 02:03 PM,Ines,Modifiers,+ Add bacon,Breakfast Sandwich,1,2.50,0.00,,2.50,No
41361,08/26/2026 01:48 PM,Theo,Bakery,Chocolate Chip Cookie,,1,2.75,0.00,,2.75,No
41362,08/26/2026 09:57 AM,Theo,Lunch,Turkey Club,,1,13.50,0.00,,13.50,No
41362,08/26/2026 09:57 AM,Theo,Modifiers,+ Add bacon,Turkey Club,1,2.50,0.00,,2.50,No
41363,08/26/2026 10:34 AM,Maribel,Coffee & Tea,Latte,,1,5.25,0.00,,5.25,No
41363,08/26/2026 10:34 AM,Maribel,Modifiers,+ Vanilla syrup,Latte,1,0.60,0.00,,0.60,No
41363,08/26/2026 10:34 AM,Maribel,Bakery,Chocolate Chip Cookie,,1,2.75,0.00,,2.75,No
41364,08/26/2026 02:42 PM,Maribel,Breakfast,Breakfast Sandwich,,1,9.50,0.00,,9.50,No
41364,08/26/2026 02:42 PM,Maribel,Modifiers,+ Add bacon,Breakfast Sandwich,1,2.50,0.00,,2.50,No
41364,08/26/2026 02:42 PM,Maribel,Modifiers,+ Add avocado,Breakfast Sandwich,1,2.00,0.00,,2.00,No
41364,08/26/2026 02:42 PM,Maribel,Breakfast,Smashed Avocado Toast,,1,11.00,0.00,,11.00,No
41364,08/26/2026 02:42 PM,Maribel,Coffee & Tea,Latte,,1,5.25,0.00,,5.25,No
41365,08/26/2026 08:41 AM,Theo,Coffee & Tea,Cold Brew,,1,4.50,0.00,,4.50,No
41365,08/26/2026 08:41 AM,Theo,Modifiers,+ Oat milk,Cold Brew,1,0.75,0.00,,0.75,No
41366,08/26/2026 10:42 AM,Rashid,Coffee & Tea,Cappuccino,,1,4.75,0.00,,4.75,No
41366,08/26/2026 10:42 AM,Rashid,Lunch,Soup of the Day,,1,7.00,0.00,,7.00,No
41367,08/26/2026 12:42 PM,Ines,Coffee & Tea,Cappuccino,,1,4.75,0.00,,4.75,No
41367,08/26/2026 12:42 PM,Ines,Lunch,Greek Salad,,1,12.00,0.00,,12.00,No
41367,08/26/2026 12:42 PM,Ines,Modifiers,+ Add avocado,Greek Salad,1,2.00,0.00,,2.00,No
41368,08/27/2026 09:21 AM,Rashid,Coffee & Tea,Chai Tea,,1,4.75,0.00,,4.75,No
41368,08/27/2026 09:21 AM,Rashid,Breakfast,Smashed Avocado Toast,,1,11.00,0.00,,11.00,No
41368,08/27/2026 09:21 AM,Rashid,Modifiers,+ Add egg,Smashed Avocado Toast,1,1.50,0.00,,1.50,No
41368,08/27/2026 09:21 AM,Rashid,Lunch,Turkey Club,,1,13.50,0.00,,13.50,No
41369,08/27/2026 07:57 AM,Theo,Coffee & Tea,Drip Coffee,,1,3.00,0.00,,3.00,No
41369,08/27/2026 07:57 AM,Theo,Coffee & Tea,Drip Coffee,,1,3.00,0.00,,3.00,No
41369,08/27/2026 07:57 AM,Theo,Lunch,Soup of the Day,,1,7.00,0.00,,7.00,No
41370,08/27/2026 10:31 AM,Theo,Coffee & Tea,Cappuccino,,1,4.75,0.00,,4.75,No
41370,08/27/2026 10:31 AM,Theo,Modifiers,+ Extra shot,Cappuccino,1,1.00,0.00,,1.00,No
41370,08/27/2026 10:31 AM,Theo,Coffee & Tea,Drip Coffee,,1,3.00,0.00,,3.00,No
41371,08/27/2026 02:07 PM,Kai,Breakfast,Smashed Avocado Toast,,1,11.00,0.00,,11.00,No
41371,08/27/2026 02:07 PM,Kai,Modifiers,+ Add egg,Smashed Avocado Toast,1,1.50,0.00,,1.50,No
41371,08/27/2026 02:07 PM,Kai,Coffee & Tea,Drip Coffee,,1,3.00,0.00,,3.00,No
41371,08/27/2026 02:07 PM,Kai,Lunch,Soup of the Day,,1,7.00,0.00,,7.00,No
41372,08/27/2026 02:28 PM,Kai,Coffee & Tea,Drip Coffee,,1,3.00,0.00,,3.00,No
41373,08/27/2026 01:58 PM,Theo,Bakery,Blueberry Muffin,,1,3.50,0.00,,3.50,No
41374,08/27/2026 10:08 AM,Maribel,Bakery,Chocolate Chip Cookie,,1,2.75,0.00,,2.75,No
41374,08/27/2026 10:08 AM,Maribel,Bakery,Chocolate Chip Cookie,,1,2.75,0.00,,2.75,No
41375,08/27/2026 12:12 PM,Theo,Coffee & Tea,Cappuccino,,1,4.75,0.00,,4.75,No
41376,08/27/2026 02:47 PM,Theo,Bakery,Blueberry Muffin,,1,3.50,0.00,,3.50,No
41377,08/27/2026 08:29 AM,Rashid,Breakfast,Smashed Avocado Toast,,1,11.00,0.00,,11.00,No
41378,08/27/2026 12:01 PM,Rashid,Coffee & Tea,Latte,,1,5.25,0.00,,5.25,No
41379,08/27/2026 09:55 AM,Ines,Coffee & Tea,Drip Coffee,,1,3.00,0.00,,3.00,No
41379,08/27/2026 09:55 AM,Ines,Breakfast,Breakfast Sandwich,,1,9.50,0.00,,9.50,No
41379,08/27/2026 09:55 AM,Ines,Modifiers,+ Add bacon,Breakfast Sandwich,1,2.50,0.00,,2.50,No
41380,08/27/2026 02:33 PM,Rashid,Coffee & Tea,Chai Tea,,1,4.75,0.00,,4.75,No
41380,08/27/2026 02:33 PM,Rashid,Coffee & Tea,Cold Brew,,1,4.50,0.00,,4.50,No
41380,08/27/2026 02:33 PM,Rashid,Bakery,Croissant,,1,3.75,0.00,,3.75,No
41381,08/27/2026 09:43 AM,Rashid,Breakfast,Breakfast Sandwich,,1,9.50,0.00,,9.50,No
41381,08/27/2026 09:43 AM,Rashid,Coffee & Tea,Cappuccino,,1,4.75,0.00,,4.75,No
41382,08/27/2026 12:23 PM,Ines,Breakfast,Smashed Avocado Toast,,1,11.00,0.00,,11.00,No
41383,08/27/2026 09:06 AM,Kai,Coffee & Tea,Drip Coffee,,1,3.00,0.00,,3.00,No
41383,08/27/2026 09:06 AM,Kai,Coffee & Tea,Latte,,1,5.25,0.00,,5.25,No
41384,08/27/2026 10:19 AM,Rashid,Coffee & Tea,Latte,,1,5.25,0.00,,5.25,No
41384,08/27/2026 10:19 AM,Rashid,Breakfast,Breakfast Sandwich,,1,9.50,0.00,,9.50,No
41384,08/27/2026 10:19 AM,Rashid,Modifiers,+ Add egg,Breakfast Sandwich,1,1.50,0.00,,1.50,No
41384,08/27/2026 10:19 AM,Rashid,Bakery,Croissant,,1,3.75,0.00,,3.75,No
41385,08/27/2026 08:40 AM,Ines,Coffee & Tea,Latte,,1,5.25,0.00,,5.25,No
41385,08/27/2026 08:40 AM,Ines,Modifiers,+ Extra shot,Latte,1,1.00,0.00,,1.00,No
41385,08/27/2026 08:40 AM,Ines,Modifiers,+ Vanilla syrup,Latte,1,0.60,0.00,,0.60,No
41386,08/27/2026 08:42 AM,Theo,Coffee & Tea,Cold Brew,,1,4.50,0.00,,4.50,No
41386,08/27/2026 08:42 AM,Theo,Coffee & Tea,Latte,,1,5.25,5.25,Comp - manager,0.00,No
41386,08/27/2026 08:42 AM,Theo,Coffee & Tea,Drip Coffee,,1,3.00,0.00,,3.00,No
41387,08/27/2026 12:52 PM,Rashid,Breakfast,Breakfast Sandwich,,1,9.50,0.00,,9.50,No
41387,08/27/2026 12:52 PM,Rashid,Modifiers,+ Add bacon,Breakfast Sandwich,1,2.50,0.00,,2.50,No
41388,08/27/2026 02:05 PM,Maribel,Coffee & Tea,Chai Tea,,1,4.75,0.00,,4.75,No
41388,08/27/2026 02:05 PM,Maribel,Bakery,Croissant,,1,3.75,0.00,,3.75,No
41388,08/27/2026 02:05 PM,Maribel,Coffee & Tea,Latte,,1,5.25,0.00,,5.25,No
41388,08/27/2026 02:05 PM,Maribel,Modifiers,+ Oat milk,Latte,1,0.75,0.00,,0.75,No
41389,08/27/2026 10:55 AM,Theo,Coffee & Tea,Chai Tea,,1,4.75,0.00,,4.75,No
41389,08/27/2026 10:55 AM,Theo,Coffee & Tea,Cappuccino,,1,4.75,0.00,,4.75,No
41390,08/27/2026 09:22 AM,Maribel,Breakfast,Breakfast Sandwich,,1,9.50,0.00,,9.50,No
41390,08/27/2026 09:22 AM,Maribel,Breakfast,Breakfast Sandwich,,1,9.50,0.00,,9.50,No
41390,08/27/2026 09:22 AM,Maribel,Bakery,Blueberry Muffin,,1,3.50,0.00,,3.50,No
41391,08/27/2026 11:23 AM,Kai,Coffee & Tea,Chai Tea,,1,4.75,0.00,,4.75,No
41391,08/27/2026 11:23 AM,Kai,Breakfast,Breakfast Sandwich,,1,9.50,0.00,,9.50,No
41391,08/27/2026 11:23 AM,Kai,Coffee & Tea,Drip Coffee,,1,3.00,0.00,,3.00,No
41392,08/27/2026 11:54 AM,Rashid,Coffee & Tea,Chai Tea,,1,4.75,0.00,,4.75,No
41392,08/27/2026 11:54 AM,Rashid,Lunch,Greek Salad,,1,12.00,0.00,,12.00,No
41393,08/27/2026 09:14 AM,Ines,Coffee & Tea,Chai Tea,,1,4.75,0.00,,4.75,No
41393,08/27/2026 09:14 AM,Ines,Coffee & Tea,Latte,,1,5.25,0.00,,5.25,No
41393,08/27/2026 09:14 AM,Ines,Modifiers,+ Extra shot,Latte,1,1.00,0.00,,1.00,No
41393,08/27/2026 09:14 AM,Ines,Breakfast,Breakfast Sandwich,,1,9.50,0.00,,9.50,No
41393,08/27/2026 09:14 AM,Ines,Modifiers,+ Add bacon,Breakfast Sandwich,1,2.50,0.00,,2.50,No
41394,08/27/2026 02:48 PM,Rashid,Breakfast,Breakfast Sandwich,,1,9.50,0.00,,9.50,No
41394,08/27/2026 02:48 PM,Rashid,Modifiers,+ Add bacon,Breakfast Sandwich,1,2.50,0.00,,2.50,No
41394,08/27/2026 02:48 PM,Rashid,Coffee & Tea,Drip Coffee,,1,3.00,0.00,,3.00,No
41395,08/27/2026 09:32 AM,Theo,Breakfast,Smashed Avocado Toast,,1,11.00,0.00,,11.00,No
41395,08/27/2026 09:32 AM,Theo,Bakery,Croissant,,1,3.75,0.00,,3.75,No
41396,08/27/2026 01:42 PM,Theo,Breakfast,Oatmeal Bowl,,1,7.50,0.00,,7.50,No
41397,08/27/2026 10:55 AM,Ines,Coffee & Tea,Cappuccino,,1,4.75,4.75,Comp - manager,0.00,No
41397,08/27/2026 10:55 AM,Ines,Lunch,Greek Salad,,1,12.00,12.00,Comp - manager,0.00,No
41398,08/27/2026 12:16 PM,Maribel,Coffee & Tea,Latte,,1,5.25,0.00,,5.25,No
41399,08/27/2026 08:57 AM,Maribel,Breakfast,Breakfast Sandwich,,1,9.50,0.00,,9.50,No
41399,08/27/2026 08:57 AM,Maribel,Bakery,Blueberry Muffin,,1,3.50,0.00,,3.50,No
41400,08/27/2026 08:00 AM,Kai,Coffee & Tea,Latte,,1,5.25,0.00,,5.25,No
41400,08/27/2026 08:00 AM,Kai,Coffee & Tea,Cold Brew,,1,4.50,0.00,,4.50,No
41400,08/27/2026 08:00 AM,Kai,Modifiers,+ Oat milk,Cold Brew,1,0.75,0.00,,0.75,No
41400,08/27/2026 08:00 AM,Kai,Bakery,Croissant,,1,3.75,0.00,,3.75,No
41401,08/27/2026 12:05 PM,Ines,Coffee & Tea,Latte,,1,5.25,0.00,,5.25,No
41401,08/27/2026 12:05 PM,Ines,Breakfast,Breakfast Sandwich,,1,9.50,0.00,,9.50,No
41401,08/27/2026 12:05 PM,Ines,Modifiers,+ Add bacon,Breakfast Sandwich,1,2.50,0.00,,2.50,No
41402,08/27/2026 09:22 AM,Ines,Breakfast,Oatmeal Bowl,,1,7.50,0.00,,7.50,No
41402,08/27/2026 09:22 AM,Ines,Bakery,Croissant,,1,3.75,0.00,,3.75,No
41402,08/27/2026 09:22 AM,Ines,Bakery,Blueberry Muffin,,1,3.50,0.00,,3.50,No
41403,08/27/2026 08:08 AM,Theo,Lunch,Turkey Club,,1,13.50,0.00,,13.50,No
41403,08/27/2026 08:08 AM,Theo,Modifiers,+ Gluten-free bread,Turkey Club,1,1.50,0.00,,1.50,No
41404,08/27/2026 10:22 AM,Theo,Coffee & Tea,Drip Coffee,,1,3.00,0.00,,3.00,No
41404,08/27/2026 10:22 AM,Theo,Coffee & Tea,Cold Brew,,1,4.50,0.00,,4.50,No
41404,08/27/2026 10:22 AM,Theo,Modifiers,+ Vanilla syrup,Cold Brew,1,0.60,0.00,,0.60,No
41404,08/27/2026 10:22 AM,Theo,Lunch,Soup of the Day,,1,7.00,0.00,,7.00,No
41405,08/27/2026 07:44 AM,Theo,Coffee & Tea,Cappuccino,,1,4.75,0.00,,4.75,No
41405,08/27/2026 07:44 AM,Theo,Coffee & Tea,Drip Coffee,,1,3.00,0.00,,3.00,No
41406,08/27/2026 11:07 AM,Theo,Coffee & Tea,Drip Coffee,,1,3.00,0.00,,3.00,No
41407,08/27/2026 10:29 AM,Maribel,Coffee & Tea,Cold Brew,,1,4.50,0.00,,4.50,No
41407,08/27/2026 10:29 AM,Maribel,Breakfast,Smashed Avocado Toast,,1,11.00,0.00,,0.00,Yes
41407,08/27/2026 10:29 AM,Maribel,Modifiers,+ Add egg,Smashed Avocado Toast,1,1.50,0.00,,0.00,Yes
41407,08/27/2026 10:29 AM,Maribel,Coffee & Tea,Cappuccino,,1,4.75,0.00,,4.75,No
41408,08/27/2026 11:28 AM,Rashid,Coffee & Tea,Drip Coffee,,1,3.00,0.00,,3.00,No
41409,08/27/2026 01:38 PM,Ines,Coffee & Tea,Latte,,1,5.25,0.00,,5.25,No
41409,08/27/2026 01:38 PM,Ines,Modifiers,+ Vanilla syrup,Latte,1,0.60,0.00,,0.60,No
41409,08/27/2026 01:38 PM,Ines,Lunch,Turkey Club,,1,13.50,0.00,,13.50,No
41409,08/27/2026 01:38 PM,Ines,Lunch,Turkey Club,,1,13.50,0.00,,13.50,No
41409,08/27/2026 01:38 PM,Ines,Modifiers,+ Add bacon,Turkey Club,1,2.50,0.00,,2.50,No
41410,08/27/2026 09:12 AM,Rashid,Coffee & Tea,Chai Tea,,1,4.75,4.75,Comp - manager,0.00,No
41411,08/27/2026 07:56 AM,Rashid,Bakery,Blueberry Muffin,,1,3.50,0.00,,3.50,No
41411,08/27/2026 07:56 AM,Rashid,Breakfast,Smashed Avocado Toast,,1,11.00,0.00,,11.00,No
41411,08/27/2026 07:56 AM,Rashid,Modifiers,+ Add egg,Smashed Avocado Toast,1,1.50,0.00,,1.50,No
41412,08/27/2026 11:41 AM,Theo,Bakery,Chocolate Chip Cookie,,1,2.75,0.00,,2.75,No
41412,08/27/2026 11:41 AM,Theo,Bakery,Chocolate Chip Cookie,,1,2.75,0.00,,2.75,No
41413,08/27/2026 11:19 AM,Rashid,Breakfast,Smashed Avocado Toast,,1,11.00,0.00,,11.00,No
41414,08/27/2026 08:20 AM,Kai,Coffee & Tea,Cold Brew,,1,4.50,0.00,,4.50,No
41414,08/27/2026 08:20 AM,Kai,Coffee & Tea,Cold Brew,,1,4.50,0.00,,0.00,Yes
41415,08/27/2026 12:37 PM,Ines,Bakery,Chocolate Chip Cookie,,1,2.75,0.00,,2.75,No
41415,08/27/2026 12:37 PM,Ines,Coffee & Tea,Latte,,1,5.25,0.00,,5.25,No
41415,08/27/2026 12:37 PM,Ines,Modifiers,+ Vanilla syrup,Latte,1,0.60,0.00,,0.60,No
41416,08/27/2026 08:27 AM,Ines,Coffee & Tea,Chai Tea,,1,4.75,0.00,,4.75,No
41417,08/28/2026 02:34 PM,Theo,Coffee & Tea,Cold Brew,,1,4.50,0.00,,4.50,No
41418,08/28/2026 01:08 PM,Maribel,Coffee & Tea,Latte,,1,5.25,0.00,,5.25,No
41419,08/28/2026 12:23 PM,Rashid,Coffee & Tea,Chai Tea,,1,4.75,0.00,,4.75,No
41419,08/28/2026 12:23 PM,Rashid,Coffee & Tea,Latte,,1,5.25,0.00,,5.25,No
41419,08/28/2026 12:23 PM,Rashid,Modifiers,+ Extra shot,Latte,1,1.00,0.00,,1.00,No
41420,08/28/2026 02:41 PM,Maribel,Lunch,Turkey Club,,1,13.50,0.00,,13.50,No
41421,08/28/2026 02:53 PM,Rashid,Breakfast,Smashed Avocado Toast,,1,11.00,0.00,,11.00,No
41421,08/28/2026 02:53 PM,Rashid,Modifiers,+ Add egg,Smashed Avocado Toast,1,1.50,0.00,,1.50,No
41421,08/28/2026 02:53 PM,Rashid,Coffee & Tea,Latte,,1,5.25,0.00,,5.25,No
41421,08/28/2026 02:53 PM,Rashid,Modifiers,+ Oat milk,Latte,1,0.75,0.00,,0.75,No
41421,08/28/2026 02:53 PM,Rashid,Modifiers,+ Extra shot,Latte,1,1.00,0.00,,1.00,No
41421,08/28/2026 02:53 PM,Rashid,Modifiers,+ Vanilla syrup,Latte,1,0.60,0.00,,0.60,No
41422,08/28/2026 12:58 PM,Ines,Bakery,Croissant,,1,3.75,0.00,,3.75,No
41422,08/28/2026 12:58 PM,Ines,Coffee & Tea,Chai Tea,,1,4.75,0.00,,4.75,No
41423,08/28/2026 08:58 AM,Rashid,Lunch,Soup of the Day,,1,7.00,0.00,,7.00,No
41424,08/28/2026 08:33 AM,Maribel,Lunch,Soup of the Day,,1,7.00,0.00,,7.00,No
41424,08/28/2026 08:33 AM,Maribel,Coffee & Tea,Drip Coffee,,1,3.00,0.00,,3.00,No
41425,08/28/2026 08:32 AM,Theo,Breakfast,Oatmeal Bowl,,1,7.50,0.00,,7.50,No
41425,08/28/2026 08:32 AM,Theo,Coffee & Tea,Drip Coffee,,1,3.00,0.00,,3.00,No
41426,08/28/2026 09:34 AM,Rashid,Lunch,Turkey Club,,1,13.50,0.00,,13.50,No
41426,08/28/2026 09:34 AM,Rashid,Lunch,Turkey Club,,1,13.50,0.00,,13.50,No
41426,08/28/2026 09:34 AM,Rashid,Modifiers,+ Gluten-free bread,Turkey Club,1,1.50,0.00,,1.50,No
41426,08/28/2026 09:34 AM,Rashid,Modifiers,+ No onions,Turkey Club,1,0.00,0.00,,0.00,No
41426,08/28/2026 09:34 AM,Rashid,Coffee & Tea,Latte,,1,5.25,0.00,,5.25,No
41426,08/28/2026 09:34 AM,Rashid,Modifiers,+ Vanilla syrup,Latte,1,0.60,0.00,,0.60,No
41427,08/28/2026 10:52 AM,Maribel,Bakery,Chocolate Chip Cookie,,1,2.75,0.00,,2.75,No
41428,08/28/2026 09:05 AM,Ines,Breakfast,Smashed Avocado Toast,,1,11.00,0.00,,11.00,No
41429,08/28/2026 08:30 AM,Rashid,Lunch,Turkey Club,,1,13.50,0.00,,13.50,No
41429,08/28/2026 08:30 AM,Rashid,Coffee & Tea,Cold Brew,,1,4.50,0.00,,4.50,No
41429,08/28/2026 08:30 AM,Rashid,Modifiers,+ Oat milk,Cold Brew,1,0.75,0.00,,0.75,No
41430,08/28/2026 07:03 AM,Kai,Lunch,Turkey Club,,1,13.50,0.00,,13.50,No
41430,08/28/2026 07:03 AM,Kai,Modifiers,+ No onions,Turkey Club,1,0.00,0.00,,0.00,No
41430,08/28/2026 07:03 AM,Kai,Bakery,Blueberry Muffin,,1,3.50,0.00,,3.50,No
41431,08/28/2026 09:47 AM,Maribel,Bakery,Croissant,,1,3.75,0.00,,3.75,No
41432,08/28/2026 11:56 AM,Theo,Coffee & Tea,Latte,,1,5.25,0.00,,5.25,No
41432,08/28/2026 11:56 AM,Theo,Coffee & Tea,Drip Coffee,,1,3.00,0.00,,3.00,No
41433,08/28/2026 10:46 AM,Theo,Breakfast,Smashed Avocado Toast,,1,11.00,0.00,,11.00,No
41434,08/28/2026 02:18 PM,Maribel,Lunch,Soup of the Day,,1,7.00,0.00,,7.00,No
41434,08/28/2026 02:18 PM,Maribel,Coffee & Tea,Drip Coffee,,1,3.00,0.00,,3.00,No
41434,08/28/2026 02:18 PM,Maribel,Bakery,Blueberry Muffin,,1,3.50,0.00,,3.50,No
41435,08/28/2026 08:17 AM,Theo,Coffee & Tea,Cold Brew,,1,4.50,0.00,,4.50,No
41436,08/28/2026 12:31 PM,Kai,Breakfast,Smashed Avocado Toast,,1,11.00,0.00,,11.00,No
41436,08/28/2026 12:31 PM,Kai,Modifiers,+ Add egg,Smashed Avocado Toast,1,1.50,0.00,,1.50,No
41436,08/28/2026 12:31 PM,Kai,Coffee & Tea,Cold Brew,,1,4.50,0.00,,4.50,No
41436,08/28/2026 12:31 PM,Kai,Lunch,Turkey Club,,1,13.50,0.00,,13.50,No
41437,08/28/2026 01:46 PM,Maribel,Coffee & Tea,Cappuccino,,1,4.75,0.00,,4.75,No
41437,08/28/2026 01:46 PM,Maribel,Lunch,Greek Salad,,1,12.00,0.00,,12.00,No
41437,08/28/2026 01:46 PM,Maribel,Modifiers,+ Add avocado,Greek Salad,1,2.00,0.00,,2.00,No
41438,08/28/2026 01:27 PM,Theo,Coffee & Tea,Chai Tea,,1,4.75,0.00,,4.75,No
41438,08/28/2026 01:27 PM,Theo,Lunch,Turkey Club,,1,13.50,0.00,,13.50,No
41438,08/28/2026 01:27 PM,Theo,Modifiers,+ Add bacon,Turkey Club,1,2.50,0.00,,2.50,No
41438,08/28/2026 01:27 PM,Theo,Lunch,Turkey Club,,1,13.50,0.00,,13.50,No
41439,08/28/2026 12:49 PM,Kai,Coffee & Tea,Cold Brew,,1,4.50,0.00,,4.50,No
41439,08/28/2026 12:49 PM,Kai,Bakery,Chocolate Chip Cookie,,1,2.75,0.00,,2.75,No
41439,08/28/2026 12:49 PM,Kai,Lunch,Soup of the Day,,1,7.00,0.00,,7.00,No
41440,08/28/2026 10:24 AM,Theo,Coffee & Tea,Drip Coffee,,1,3.00,1.50,Staff meal 50%,1.50,No
41441,08/28/2026 01:35 PM,Kai,Bakery,Chocolate Chip Cookie,,1,2.75,0.00,,2.75,No
41441,08/28/2026 01:35 PM,Kai,Breakfast,Breakfast Sandwich,,1,9.50,0.00,,9.50,No
41441,08/28/2026 01:35 PM,Kai,Modifiers,+ Add bacon,Breakfast Sandwich,1,2.50,0.00,,2.50,No
41442,08/28/2026 09:16 AM,Theo,Breakfast,Breakfast Sandwich,,1,9.50,0.00,,9.50,No
41443,08/28/2026 11:24 AM,Maribel,Breakfast,Smashed Avocado Toast,,1,11.00,0.00,,11.00,No
41443,08/28/2026 11:24 AM,Maribel,Modifiers,+ Add egg,Smashed Avocado Toast,1,1.50,0.00,,1.50,No
41443,08/28/2026 11:24 AM,Maribel,Bakery,Blueberry Muffin,,1,3.50,0.00,,3.50,No
41444,08/28/2026 09:41 AM,Ines,Coffee & Tea,Cold Brew,,1,4.50,4.50,Comp - manager,0.00,No
41444,08/28/2026 09:41 AM,Ines,Modifiers,+ Oat milk,Cold Brew,1,0.75,0.75,Comp - manager,0.00,No
41444,08/28/2026 09:41 AM,Ines,Coffee & Tea,Drip Coffee,,1,3.00,3.00,Comp - manager,0.00,No
41445,08/28/2026 09:50 AM,Kai,Breakfast,Breakfast Sandwich,,1,9.50,9.50,Comp - manager,0.00,No
41445,08/28/2026 09:50 AM,Kai,Modifiers,+ Add bacon,Breakfast Sandwich,1,2.50,2.50,Comp - manager,0.00,No
41445,08/28/2026 09:50 AM,Kai,Modifiers,+ Add egg,Breakfast Sandwich,1,1.50,1.50,Comp - manager,0.00,No
41445,08/28/2026 09:50 AM,Kai,Coffee & Tea,Latte,,1,5.25,5.25,Comp - manager,0.00,No
41446,08/28/2026 02:04 PM,Kai,Coffee & Tea,Chai Tea,,1,4.75,0.00,,4.75,No
41446,08/28/2026 02:04 PM,Kai,Bakery,Croissant,,1,3.75,0.00,,3.75,No
41447,08/28/2026 01:53 PM,Kai,Bakery,Blueberry Muffin,,1,3.50,0.00,,3.50,No
41448,08/28/2026 07:01 AM,Kai,Bakery,Blueberry Muffin,,1,3.50,0.00,,3.50,No
41449,08/28/2026 10:09 AM,Rashid,Lunch,Turkey Club,,1,13.50,0.00,,13.50,No
41449,08/28/2026 10:09 AM,Rashid,Modifiers,+ Add bacon,Turkey Club,1,2.50,0.00,,2.50,No
41449,08/28/2026 10:09 AM,Rashid,Modifiers,+ Gluten-free bread,Turkey Club,1,1.50,0.00,,1.50,No
41450,08/28/2026 09:04 AM,Maribel,Lunch,Turkey Club,,1,13.50,0.00,,13.50,No
41450,08/28/2026 09:04 AM,Maribel,Modifiers,+ No onions,Turkey Club,1,0.00,0.00,,0.00,No
41450,08/28/2026 09:04 AM,Maribel,Coffee & Tea,Latte,,1,5.25,0.00,,5.25,No
41450,08/28/2026 09:04 AM,Maribel,Modifiers,+ Oat milk,Latte,1,0.75,0.00,,0.75,No
41450,08/28/2026 09:04 AM,Maribel,Coffee & Tea,Drip Coffee,,1,3.00,0.00,,3.00,No
41451,08/28/2026 01:06 PM,Rashid,Coffee & Tea,Drip Coffee,,1,3.00,0.00,,3.00,No
41452,08/28/2026 11:51 AM,Kai,Breakfast,Oatmeal Bowl,,1,7.50,0.00,,7.50,No
41452,08/28/2026 11:51 AM,Kai,Breakfast,Oatmeal Bowl,,1,7.50,0.00,,7.50,No
41453,08/28/2026 10:46 AM,Kai,Coffee & Tea,Cold Brew,,1,4.50,0.00,,4.50,No
41453,08/28/2026 10:46 AM,Kai,Coffee & Tea,Latte,,1,5.25,0.00,,5.25,No
41454,08/28/2026 12:58 PM,Ines,Breakfast,Smashed Avocado Toast,,1,11.00,0.00,,11.00,No
41454,08/28/2026 12:58 PM,Ines,Modifiers,+ Gluten-free bread,Smashed Avocado Toast,1,1.50,0.00,,1.50,No
41455,08/28/2026 01:47 PM,Ines,Lunch,Turkey Club,,1,13.50,0.00,,13.50,No
41455,08/28/2026 01:47 PM,Ines,Lunch,Greek Salad,,1,12.00,0.00,,12.00,No
41455,08/28/2026 01:47 PM,Ines,Lunch,Turkey Club,,1,13.50,0.00,,13.50,No
41455,08/28/2026 01:47 PM,Ines,Modifiers,+ Add bacon,Turkey Club,1,2.50,0.00,,2.50,No
41456,08/28/2026 07:52 AM,Rashid,Lunch,Greek Salad,,1,12.00,0.00,,12.00,No
41456,08/28/2026 07:52 AM,Rashid,Modifiers,+ Add avocado,Greek Salad,1,2.00,0.00,,2.00,No
41457,08/28/2026 11:12 AM,Theo,Breakfast,Smashed Avocado Toast,,1,11.00,0.00,,11.00,No
41458,08/28/2026 08:37 AM,Rashid,Bakery,Croissant,,1,3.75,0.00,,3.75,No
41458,08/28/2026 08:37 AM,Rashid,Breakfast,Smashed Avocado Toast,,1,11.00,0.00,,11.00,No
41459,08/29/2026 10:56 AM,Rashid,Coffee & Tea,Chai Tea,,1,4.75,0.00,,4.75,No
41460,08/29/2026 01:16 PM,Maribel,Breakfast,Smashed Avocado Toast,,1,11.00,0.00,,11.00,No
41460,08/29/2026 01:16 PM,Maribel,Lunch,Greek Salad,,1,12.00,0.00,,12.00,No
41460,08/29/2026 01:16 PM,Maribel,Modifiers,+ No onions,Greek Salad,1,0.00,0.00,,0.00,No
41461,08/29/2026 02:43 PM,Maribel,Bakery,Blueberry Muffin,,1,3.50,0.00,,3.50,No
41461,08/29/2026 02:43 PM,Maribel,Lunch,Greek Salad,,1,12.00,0.00,,12.00,No
41461,08/29/2026 02:43 PM,Maribel,Modifiers,+ No onions,Greek Salad,1,0.00,0.00,,0.00,No
41461,08/29/2026 02:43 PM,Maribel,Breakfast,Breakfast Sandwich,,1,9.50,0.00,,9.50,No
41462,08/29/2026 01:27 PM,Kai,Breakfast,Smashed Avocado Toast,,1,11.00,0.00,,11.00,No
41462,08/29/2026 01:27 PM,Kai,Modifiers,+ Add egg,Smashed Avocado Toast,1,1.50,0.00,,1.50,No
41462,08/29/2026 01:27 PM,Kai,Modifiers,+ Gluten-free bread,Smashed Avocado Toast,1,1.50,0.00,,1.50,No
41462,08/29/2026 01:27 PM,Kai,Lunch,Greek Salad,,1,12.00,0.00,,12.00,No
41462,08/29/2026 01:27 PM,Kai,Breakfast,Oatmeal Bowl,,1,7.50,0.00,,7.50,No
41463,08/29/2026 12:56 PM,Maribel,Coffee & Tea,Drip Coffee,,1,3.00,0.00,,3.00,No
41463,08/29/2026 12:56 PM,Maribel,Coffee & Tea,Cappuccino,,1,4.75,4.75,Comp - manager,0.00,No
41463,08/29/2026 12:56 PM,Maribel,Modifiers,+ Oat milk,Cappuccino,1,0.75,0.75,Comp - manager,0.00,No
41464,08/29/2026 12:29 PM,Rashid,Bakery,Blueberry Muffin,,1,3.50,0.00,,3.50,No
41465,08/29/2026 11:06 AM,Kai,Bakery,Blueberry Muffin,,1,3.50,1.75,Staff meal 50%,1.75,No
41465,08/29/2026 11:06 AM,Kai,Lunch,Turkey Club,,1,13.50,6.75,Staff meal 50%,6.75,No
41465,08/29/2026 11:06 AM,Kai,Modifiers,+ Add bacon,Turkey Club,1,2.50,1.25,Staff meal 50%,1.25,No
41466,08/29/2026 07:54 AM,Theo,Lunch,Turkey Club,,1,13.50,13.50,Comp - manager,0.00,No
41466,08/29/2026 07:54 AM,Theo,Lunch,Soup of the Day,,1,7.00,7.00,Comp - manager,0.00,No
41467,08/29/2026 10:24 AM,Kai,Coffee & Tea,Drip Coffee,,1,3.00,0.00,,3.00,No
41468,08/29/2026 09:28 AM,Theo,Bakery,Blueberry Muffin,,1,3.50,0.00,,3.50,No
41469,08/29/2026 11:32 AM,Kai,Breakfast,Oatmeal Bowl,,1,7.50,0.00,,7.50,No
41469,08/29/2026 11:32 AM,Kai,Coffee & Tea,Latte,,1,5.25,0.00,,5.25,No
41469,08/29/2026 11:32 AM,Kai,Modifiers,+ Oat milk,Latte,1,0.75,0.00,,0.75,No
41470,08/29/2026 07:06 AM,Ines,Breakfast,Smashed Avocado Toast,,1,11.00,0.00,,11.00,No
41471,08/29/2026 09:37 AM,Maribel,Breakfast,Breakfast Sandwich,,1,9.50,0.00,,9.50,No
41471,08/29/2026 09:37 AM,Maribel,Coffee & Tea,Cold Brew,,1,4.50,0.00,,4.50,No
41471,08/29/2026 09:37 AM,Maribel,Coffee & Tea,Latte,,1,5.25,0.00,,5.25,No
41471,08/29/2026 09:37 AM,Maribel,Modifiers,+ Oat milk,Latte,1,0.75,0.00,,0.75,No
41472,08/29/2026 08:41 AM,Ines,Breakfast,Breakfast Sandwich,,1,9.50,0.00,,9.50,No
41472,08/29/2026 08:41 AM,Ines,Modifiers,+ Add bacon,Breakfast Sandwich,1,2.50,0.00,,2.50,No
41472,08/29/2026 08:41 AM,Ines,Coffee & Tea,Latte,,1,5.25,0.00,,5.25,No
41472,08/29/2026 08:41 AM,Ines,Modifiers,+ Oat milk,Latte,1,0.75,0.00,,0.75,No
41473,08/29/2026 02:16 PM,Theo,Coffee & Tea,Latte,,1,5.25,0.00,,5.25,No
41473,08/29/2026 02:16 PM,Theo,Bakery,Blueberry Muffin,,1,3.50,0.00,,3.50,No
41474,08/29/2026 02:23 PM,Rashid,Lunch,Soup of the Day,,1,7.00,0.00,,7.00,No
41475,08/29/2026 08:11 AM,Maribel,Coffee & Tea,Cold Brew,,1,4.50,0.00,,4.50,No
41475,08/29/2026 08:11 AM,Maribel,Modifiers,+ Oat milk,Cold Brew,1,0.75,0.00,,0.75,No
41476,08/29/2026 10:13 AM,Ines,Bakery,Chocolate Chip Cookie,,1,2.75,0.00,,2.75,No
41476,08/29/2026 10:13 AM,Ines,Breakfast,Breakfast Sandwich,,1,9.50,0.00,,9.50,No
41476,08/29/2026 10:13 AM,Ines,Modifiers,+ Add bacon,Breakfast Sandwich,1,2.50,0.00,,2.50,No
41477,08/29/2026 07:46 AM,Theo,Lunch,Soup of the Day,,1,7.00,0.00,,7.00,No
41477,08/29/2026 07:46 AM,Theo,Coffee & Tea,Latte,,1,5.25,0.00,,5.25,No
41477,08/29/2026 07:46 AM,Theo,Modifiers,+ Vanilla syrup,Latte,1,0.60,0.00,,0.60,No
41477,08/29/2026 07:46 AM,Theo,Breakfast,Breakfast Sandwich,,1,9.50,0.00,,9.50,No
41477,08/29/2026 07:46 AM,Theo,Modifiers,+ Add egg,Breakfast Sandwich,1,1.50,0.00,,1.50,No
41478,08/29/2026 07:41 AM,Rashid,Bakery,Blueberry Muffin,,1,3.50,0.00,,3.50,No
41478,08/29/2026 07:41 AM,Rashid,Coffee & Tea,Cold Brew,,1,4.50,0.00,,4.50,No
41478,08/29/2026 07:41 AM,Rashid,Modifiers,+ Vanilla syrup,Cold Brew,1,0.60,0.00,,0.60,No
41479,08/29/2026 08:35 AM,Maribel,Bakery,Croissant,,1,3.75,0.00,,3.75,No
41479,08/29/2026 08:35 AM,Maribel,Breakfast,Breakfast Sandwich,,1,9.50,0.00,,9.50,No
41479,08/29/2026 08:35 AM,Maribel,Modifiers,+ Add bacon,Breakfast Sandwich,1,2.50,0.00,,2.50,No
41479,08/29/2026 08:35 AM,Maribel,Modifiers,+ Add egg,Breakfast Sandwich,1,1.50,0.00,,1.50,No
41480,08/29/2026 09:53 AM,Theo,Bakery,Chocolate Chip Cookie,,1,2.75,0.00,,2.75,No
41481,08/29/2026 09:27 AM,Kai,Coffee & Tea,Latte,,1,5.25,0.00,,5.25,No
41481,08/29/2026 09:27 AM,Kai,Modifiers,+ Oat milk,Latte,1,0.75,0.00,,0.75,No
41481,08/29/2026 09:27 AM,Kai,Modifiers,+ Vanilla syrup,Latte,1,0.60,0.00,,0.60,No
41481,08/29/2026 09:27 AM,Kai,Coffee & Tea,Drip Coffee,,1,3.00,0.00,,3.00,No
41481,08/29/2026 09:27 AM,Kai,Bakery,Croissant,,1,3.75,0.00,,3.75,No
41482,08/29/2026 10:27 AM,Rashid,Coffee & Tea,Drip Coffee,,1,3.00,0.00,,3.00,No
41483,08/29/2026 11:44 AM,Maribel,Breakfast,Breakfast Sandwich,,1,9.50,0.00,,9.50,No
41483,08/29/2026 11:44 AM,Maribel,Modifiers,+ Add bacon,Breakfast Sandwich,1,2.50,0.00,,2.50,No
41484,08/29/2026 02:20 PM,Theo,Breakfast,Breakfast Sandwich,,1,9.50,0.00,,0.00,Yes
41484,08/29/2026 02:20 PM,Theo,Breakfast,Breakfast Sandwich,,1,9.50,0.00,,9.50,No
41484,08/29/2026 02:20 PM,Theo,Modifiers,+ Add bacon,Breakfast Sandwich,1,2.50,0.00,,2.50,No
41484,08/29/2026 02:20 PM,Theo,Modifiers,+ Add egg,Breakfast Sandwich,1,1.50,0.00,,1.50,No
41485,08/29/2026 01:59 PM,Rashid,Bakery,Chocolate Chip Cookie,,1,2.75,0.00,,2.75,No
41486,08/29/2026 11:06 AM,Maribel,Coffee & Tea,Latte,,1,5.25,0.00,,5.25,No
41486,08/29/2026 11:06 AM,Maribel,Modifiers,+ Vanilla syrup,Latte,1,0.60,0.00,,0.60,No
41487,08/29/2026 08:27 AM,Kai,Bakery,Croissant,,1,3.75,0.00,,3.75,No
41488,08/29/2026 10:37 AM,Rashid,Bakery,Croissant,,1,3.75,0.00,,3.75,No
41489,08/29/2026 12:28 PM,Rashid,Coffee & Tea,Latte,,1,5.25,0.00,,5.25,No
41490,08/29/2026 11:36 AM,Ines,Breakfast,Breakfast Sandwich,,1,9.50,0.00,,9.50,No
41490,08/29/2026 11:36 AM,Ines,Lunch,Turkey Club,,1,13.50,0.00,,13.50,No
41490,08/29/2026 11:36 AM,Ines,Modifiers,+ Gluten-free bread,Turkey Club,1,1.50,0.00,,1.50,No
41491,08/29/2026 09:33 AM,Theo,Bakery,Croissant,,1,3.75,0.00,,3.75,No
41492,08/29/2026 09:14 AM,Theo,Breakfast,Breakfast Sandwich,,1,9.50,0.00,,9.50,No
41492,08/29/2026 09:14 AM,Theo,Modifiers,+ Add bacon,Breakfast Sandwich,1,2.50,0.00,,2.50,No
41492,08/29/2026 09:14 AM,Theo,Modifiers,+ Add egg,Breakfast Sandwich,1,1.50,0.00,,1.50,No
41492,08/29/2026 09:14 AM,Theo,Coffee & Tea,Cold Brew,,1,4.50,0.00,,4.50,No
41493,08/29/2026 07:13 AM,Theo,Lunch,Turkey Club,,1,13.50,0.00,,13.50,No
41493,08/29/2026 07:13 AM,Theo,Coffee & Tea,Drip Coffee,,1,3.00,0.00,,3.00,No
41493,08/29/2026 07:13 AM,Theo,Coffee & Tea,Chai Tea,,1,4.75,0.00,,4.75,No
41494,08/29/2026 08:56 AM,Theo,Breakfast,Oatmeal Bowl,,1,7.50,0.00,,7.50,No
41494,08/29/2026 08:56 AM,Theo,Coffee & Tea,Latte,,1,5.25,0.00,,5.25,No
41494,08/29/2026 08:56 AM,Theo,Breakfast,Breakfast Sandwich,,1,9.50,0.00,,9.50,No
41495,08/29/2026 08:59 AM,Ines,Coffee & Tea,Chai Tea,,1,4.75,0.00,,4.75,No
41495,08/29/2026 08:59 AM,Ines,Lunch,Greek Salad,,1,12.00,0.00,,12.00,No
41495,08/29/2026 08:59 AM,Ines,Modifiers,+ No onions,Greek Salad,1,0.00,0.00,,0.00,No
41496,08/29/2026 11:12 AM,Maribel,Coffee & Tea,Latte,,1,5.25,0.00,,5.25,No
41496,08/29/2026 11:12 AM,Maribel,Breakfast,Smashed Avocado Toast,,1,11.00,0.00,,11.00,No
41497,08/29/2026 01:01 PM,Theo,Coffee & Tea,Drip Coffee,,1,3.00,0.00,,3.00,No
41497,08/29/2026 01:01 PM,Theo,Bakery,Croissant,,1,3.75,0.00,,3.75,No
41498,08/29/2026 02:52 PM,Maribel,Bakery,Blueberry Muffin,,1,3.50,0.00,,3.50,No
41498,08/29/2026 02:52 PM,Maribel,Coffee & Tea,Latte,,1,5.25,0.00,,5.25,No
41498,08/29/2026 02:52 PM,Maribel,Modifiers,+ Extra shot,Latte,1,1.00,0.00,,1.00,No
41498,08/29/2026 02:52 PM,Maribel,Modifiers,+ Vanilla syrup,Latte,1,0.60,0.00,,0.60,No
41499,08/29/2026 02:29 PM,Maribel,Lunch,Greek Salad,,1,12.00,0.00,,12.00,No
41500,08/29/2026 12:56 PM,Kai,Lunch,Turkey Club,,1,13.50,0.00,,13.50,No
41500,08/29/2026 12:56 PM,Kai,Modifiers,+ Gluten-free bread,Turkey Club,1,1.50,0.00,,1.50,No
41500,08/29/2026 12:56 PM,Kai,Coffee & Tea,Drip Coffee,,1,3.00,0.00,,3.00,No
41500,08/29/2026 12:56 PM,Kai,Breakfast,Breakfast Sandwich,,1,9.50,0.00,,9.50,No
41500,08/29/2026 12:56 PM,Kai,Modifiers,+ Add avocado,Breakfast Sandwich,1,2.00,0.00,,2.00,No
41501,08/29/2026 08:59 AM,Ines,Lunch,Soup of the Day,,1,7.00,0.00,,7.00,No
41501,08/29/2026 08:59 AM,Ines,Breakfast,Breakfast Sandwich,,1,9.50,0.00,,9.50,No
41501,08/29/2026 08:59 AM,Ines,Coffee & Tea,Cappuccino,,1,4.75,0.00,,4.75,No
41502,08/29/2026 03:00 PM,Ines,Coffee & Tea,Drip Coffee,,1,3.00,0.00,,3.00,No
41503,08/30/2026 08:40 AM,Ines,Bakery,Croissant,,1,3.75,0.00,,3.75,No
41503,08/30/2026 08:40 AM,Ines,Coffee & Tea,Drip Coffee,,1,3.00,0.00,,3.00,No
41503,08/30/2026 08:40 AM,Ines,Lunch,Turkey Club,,1,13.50,0.00,,13.50,No
41503,08/30/2026 08:40 AM,Ines,Modifiers,+ Add bacon,Turkey Club,1,2.50,0.00,,2.50,No
41504,08/30/2026 12:28 PM,Maribel,Breakfast,Smashed Avocado Toast,,1,11.00,11.00,Comp - manager,0.00,No
41504,08/30/2026 12:28 PM,Maribel,Modifiers,+ Add egg,Smashed Avocado Toast,1,1.50,1.50,Comp - manager,0.00,No
41505,08/30/2026 10:45 AM,Ines,Coffee & Tea,Drip Coffee,,1,3.00,0.00,,3.00,No
41505,08/30/2026 10:45 AM,Ines,Breakfast,Breakfast Sandwich,,1,9.50,0.00,,9.50,No
41505,08/30/2026 10:45 AM,Ines,Modifiers,+ Add bacon,Breakfast Sandwich,1,2.50,0.00,,2.50,No
41506,08/30/2026 07:44 AM,Rashid,Breakfast,Breakfast Sandwich,,1,9.50,0.00,,9.50,No
41506,08/30/2026 07:44 AM,Rashid,Modifiers,+ Add bacon,Breakfast Sandwich,1,2.50,0.00,,2.50,No
41506,08/30/2026 07:44 AM,Rashid,Modifiers,+ Add egg,Breakfast Sandwich,1,1.50,0.00,,1.50,No
41506,08/30/2026 07:44 AM,Rashid,Breakfast,Breakfast Sandwich,,1,9.50,0.00,,9.50,No
41506,08/30/2026 07:44 AM,Rashid,Modifiers,+ Add avocado,Breakfast Sandwich,1,2.00,0.00,,2.00,No
41507,08/30/2026 07:33 AM,Maribel,Breakfast,Breakfast Sandwich,,1,9.50,0.00,,9.50,No
41507,08/30/2026 07:33 AM,Maribel,Modifiers,+ Add bacon,Breakfast Sandwich,1,2.50,0.00,,2.50,No
41507,08/30/2026 07:33 AM,Maribel,Coffee & Tea,Chai Tea,,1,4.75,0.00,,4.75,No
41508,08/30/2026 12:53 PM,Rashid,Breakfast,Breakfast Sandwich,,1,9.50,0.00,,9.50,No
41508,08/30/2026 12:53 PM,Rashid,Modifiers,+ Add bacon,Breakfast Sandwich,1,2.50,0.00,,2.50,No
41509,08/30/2026 02:17 PM,Ines,Bakery,Blueberry Muffin,,1,3.50,0.00,,3.50,No
41509,08/30/2026 02:17 PM,Ines,Lunch,Turkey Club,,1,13.50,0.00,,13.50,No
41510,08/30/2026 10:54 AM,Maribel,Bakery,Chocolate Chip Cookie,,1,2.75,0.00,,2.75,No
41510,08/30/2026 10:54 AM,Maribel,Lunch,Greek Salad,,1,12.00,0.00,,0.00,Yes
41511,08/30/2026 02:13 PM,Kai,Coffee & Tea,Cappuccino,,1,4.75,0.00,,4.75,No
41511,08/30/2026 02:13 PM,Kai,Bakery,Chocolate Chip Cookie,,1,2.75,0.00,,2.75,No
41512,08/30/2026 01:14 PM,Theo,Coffee & Tea,Drip Coffee,,1,3.00,0.00,,3.00,No
41513,08/30/2026 12:28 PM,Ines,Coffee & Tea,Latte,,1,5.25,0.00,,5.25,No
41513,08/30/2026 12:28 PM,Ines,Modifiers,+ Extra shot,Latte,1,1.00,0.00,,1.00,No
41513,08/30/2026 12:28 PM,Ines,Breakfast,Smashed Avocado Toast,,1,11.00,0.00,,11.00,No
41514,08/30/2026 01:34 PM,Theo,Bakery,Blueberry Muffin,,1,3.50,0.00,,3.50,No
41515,08/30/2026 08:51 AM,Theo,Coffee & Tea,Latte,,1,5.25,0.00,,5.25,No
41515,08/30/2026 08:51 AM,Theo,Modifiers,+ Oat milk,Latte,1,0.75,0.00,,0.75,No
41516,08/30/2026 07:00 AM,Ines,Bakery,Croissant,,1,3.75,0.00,,3.75,No
41516,08/30/2026 07:00 AM,Ines,Coffee & Tea,Drip Coffee,,1,3.00,0.00,,3.00,No
41517,08/30/2026 09:43 AM,Theo,Breakfast,Breakfast Sandwich,,1,9.50,4.75,Staff meal 50%,4.75,No
41518,08/30/2026 02:41 PM,Kai,Lunch,Soup of the Day,,1,7.00,0.00,,7.00,No
41518,08/30/2026 02:41 PM,Kai,Breakfast,Smashed Avocado Toast,,1,11.00,0.00,,11.00,No
41519,08/30/2026 11:51 AM,Ines,Breakfast,Breakfast Sandwich,,1,9.50,0.00,,9.50,No
41519,08/30/2026 11:51 AM,Ines,Modifiers,+ Add egg,Breakfast Sandwich,1,1.50,0.00,,1.50,No
41519,08/30/2026 11:51 AM,Ines,Modifiers,+ Add avocado,Breakfast Sandwich,1,2.00,0.00,,2.00,No
41519,08/30/2026 11:51 AM,Ines,Breakfast,Oatmeal Bowl,,1,7.50,0.00,,7.50,No
41519,08/30/2026 11:51 AM,Ines,Bakery,Chocolate Chip Cookie,,1,2.75,0.00,,2.75,No
41520,08/30/2026 11:07 AM,Kai,Bakery,Chocolate Chip Cookie,,1,2.75,0.00,,2.75,No
41521,08/30/2026 07:35 AM,Rashid,Lunch,Greek Salad,,1,12.00,0.00,,12.00,No
41522,08/30/2026 02:08 PM,Maribel,Breakfast,Smashed Avocado Toast,,1,11.00,0.00,,11.00,No
41523,08/30/2026 07:07 AM,Theo,Breakfast,Breakfast Sandwich,,1,9.50,0.00,,9.50,No
41523,08/30/2026 07:07 AM,Theo,Breakfast,Breakfast Sandwich,,1,9.50,0.00,,9.50,No
41523,08/30/2026 07:07 AM,Theo,Modifiers,+ Add avocado,Breakfast Sandwich,1,2.00,0.00,,2.00,No
41523,08/30/2026 07:07 AM,Theo,Coffee & Tea,Cappuccino,,1,4.75,0.00,,4.75,No
41524,08/30/2026 11:17 AM,Theo,Breakfast,Smashed Avocado Toast,,1,11.00,11.00,Comp - manager,0.00,No
41525,08/30/2026 08:38 AM,Theo,Lunch,Soup of the Day,,1,7.00,0.00,,7.00,No
41526,08/30/2026 08:17 AM,Maribel,Coffee & Tea,Drip Coffee,,1,3.00,0.00,,3.00,No
41527,08/30/2026 12:07 PM,Kai,Lunch,Turkey Club,,1,13.50,6.75,Staff meal 50%,6.75,No
41528,08/30/2026 11:18 AM,Kai,Coffee & Tea,Latte,,1,5.25,2.62,Staff meal 50%,2.63,No
41529,08/30/2026 08:38 AM,Kai,Lunch,Turkey Club,,1,13.50,0.00,,13.50,No
41529,08/30/2026 08:38 AM,Kai,Modifiers,+ Gluten-free bread,Turkey Club,1,1.50,0.00,,1.50,No
41530,08/30/2026 11:33 AM,Kai,Coffee & Tea,Cappuccino,,1,4.75,0.00,,4.75,No
41530,08/30/2026 11:33 AM,Kai,Modifiers,+ Oat milk,Cappuccino,1,0.75,0.00,,0.75,No
41530,08/30/2026 11:33 AM,Kai,Lunch,Soup of the Day,,1,7.00,0.00,,7.00,No
41531,08/30/2026 08:18 AM,Theo,Bakery,Croissant,,1,3.75,0.00,,3.75,No
41531,08/30/2026 08:18 AM,Theo,Bakery,Croissant,,1,3.75,0.00,,3.75,No
41532,08/30/2026 07:26 AM,Maribel,Breakfast,Breakfast Sandwich,,1,9.50,0.00,,9.50,No
41532,08/30/2026 07:26 AM,Maribel,Modifiers,+ Add avocado,Breakfast Sandwich,1,2.00,0.00,,2.00,No
41532,08/30/2026 07:26 AM,Maribel,Coffee & Tea,Cold Brew,,1,4.50,0.00,,4.50,No
41532,08/30/2026 07:26 AM,Maribel,Modifiers,+ Vanilla syrup,Cold Brew,1,0.60,0.00,,0.60,No
41533,08/30/2026 08:07 AM,Ines,Breakfast,Breakfast Sandwich,,1,9.50,0.00,,9.50,No
41533,08/30/2026 08:07 AM,Ines,Coffee & Tea,Drip Coffee,,1,3.00,0.00,,3.00,No
41534,08/30/2026 07:35 AM,Rashid,Bakery,Croissant,,1,3.75,0.00,,3.75,No
41534,08/30/2026 07:35 AM,Rashid,Breakfast,Smashed Avocado Toast,,1,11.00,0.00,,11.00,No
41534,08/30/2026 07:35 AM,Rashid,Modifiers,+ Gluten-free bread,Smashed Avocado Toast,1,1.50,0.00,,1.50,No
41534,08/30/2026 07:35 AM,Rashid,Lunch,Turkey Club,,1,13.50,0.00,,13.50,No
41535,08/30/2026 12:58 PM,Maribel,Coffee & Tea,Drip Coffee,,1,3.00,0.00,,3.00,No
41536,08/30/2026 12:58 PM,Kai,Bakery,Blueberry Muffin,,1,3.50,0.00,,3.50,No
41536,08/30/2026 12:58 PM,Kai,Coffee & Tea,Cappuccino,,1,4.75,0.00,,4.75,No
41537,08/30/2026 10:33 AM,Ines,Breakfast,Oatmeal Bowl,,1,7.50,0.00,,7.50,No
41538,08/30/2026 02:17 PM,Maribel,Coffee & Tea,Drip Coffee,,1,3.00,0.00,,3.00,No
41538,08/30/2026 02:17 PM,Maribel,Bakery,Blueberry Muffin,,1,3.50,0.00,,3.50,No
41539,08/30/2026 12:53 PM,Theo,Bakery,Chocolate Chip Cookie,,1,2.75,0.00,,2.75,No
41539,08/30/2026 12:53 PM,Theo,Coffee & Tea,Drip Coffee,,1,3.00,0.00,,3.00,No
41539,08/30/2026 12:53 PM,Theo,Coffee & Tea,Latte,,1,5.25,0.00,,5.25,No
41540,08/30/2026 01:45 PM,Kai,Lunch,Greek Salad,,1,12.00,0.00,,12.00,No
41540,08/30/2026 01:45 PM,Kai,Breakfast,Oatmeal Bowl,,1,7.50,0.00,,7.50,No
41541,08/30/2026 12:15 PM,Kai,Coffee & Tea,Drip Coffee,,1,3.00,0.00,,3.00,No
41541,08/30/2026 12:15 PM,Kai,Lunch,Turkey Club,,1,13.50,13.50,Comp - manager,0.00,No
41541,08/30/2026 12:15 PM,Kai,Modifiers,+ Add bacon,Turkey Club,1,2.50,2.50,Comp - manager,0.00,No
41542,08/30/2026 11:41 AM,Maribel,Breakfast,Oatmeal Bowl,,1,7.50,0.00,,7.50,No
41542,08/30/2026 11:41 AM,Maribel,Breakfast,Oatmeal Bowl,,1,7.50,0.00,,7.50,No
41542,08/30/2026 11:41 AM,Maribel,Breakfast,Breakfast Sandwich,,1,9.50,0.00,,9.50,No
41542,08/30/2026 11:41 AM,Maribel,Modifiers,+ Add bacon,Breakfast Sandwich,1,2.50,0.00,,2.50,No
41542,08/30/2026 11:41 AM,Maribel,Modifiers,+ Add egg,Breakfast Sandwich,1,1.50,0.00,,1.50,No
41543,08/30/2026 11:52 AM,Ines,Lunch,Turkey Club,,1,13.50,0.00,,13.50,No
41543,08/30/2026 11:52 AM,Ines,Modifiers,+ No onions,Turkey Club,1,0.00,0.00,,0.00,No
41543,08/30/2026 11:52 AM,Ines,Bakery,Chocolate Chip Cookie,,1,2.75,0.00,,2.75,No
41544,08/31/2026 10:06 AM,Ines,Coffee & Tea,Drip Coffee,,1,3.00,0.00,,3.00,No
41544,08/31/2026 10:06 AM,Ines,Bakery,Chocolate Chip Cookie,,1,2.75,0.00,,2.75,No
41545,08/31/2026 01:52 PM,Ines,Coffee & Tea,Latte,,1,5.25,0.00,,5.25,No
41546,08/31/2026 11:38 AM,Rashid,Coffee & Tea,Cappuccino,,1,4.75,0.00,,4.75,No
41546,08/31/2026 11:38 AM,Rashid,Modifiers,+ Extra shot,Cappuccino,1,1.00,0.00,,1.00,No
41547,08/31/2026 01:12 PM,Ines,Coffee & Tea,Chai Tea,,1,4.75,0.00,,4.75,No
41548,08/31/2026 02:31 PM,Kai,Coffee & Tea,Chai Tea,,1,4.75,0.00,,4.75,No
41548,08/31/2026 02:31 PM,Kai,Lunch,Soup of the Day,,1,7.00,0.00,,7.00,No
41549,08/31/2026 11:20 AM,Ines,Coffee & Tea,Cappuccino,,1,4.75,0.00,,0.00,Yes
41549,08/31/2026 11:20 AM,Ines,Lunch,Soup of the Day,,1,7.00,0.00,,7.00,No
41550,08/31/2026 08:38 AM,Rashid,Coffee & Tea,Cappuccino,,1,4.75,0.00,,4.75,No
41551,08/31/2026 09:39 AM,Kai,Coffee & Tea,Chai Tea,,1,4.75,4.75,Comp - manager,0.00,No
41552,08/31/2026 08:37 AM,Theo,Breakfast,Oatmeal Bowl,,1,7.50,0.00,,7.50,No
41552,08/31/2026 08:37 AM,Theo,Lunch,Turkey Club,,1,13.50,0.00,,13.50,No
41552,08/31/2026 08:37 AM,Theo,Modifiers,+ Add bacon,Turkey Club,1,2.50,0.00,,2.50,No
41552,08/31/2026 08:37 AM,Theo,Modifiers,+ No onions,Turkey Club,1,0.00,0.00,,0.00,No
41552,08/31/2026 08:37 AM,Theo,Lunch,Turkey Club,,1,13.50,0.00,,13.50,No
41553,08/31/2026 07:26 AM,Kai,Coffee & Tea,Drip Coffee,,1,3.00,0.00,,3.00,No
41553,08/31/2026 07:26 AM,Kai,Coffee & Tea,Drip Coffee,,1,3.00,0.00,,3.00,No
41553,08/31/2026 07:26 AM,Kai,Breakfast,Smashed Avocado Toast,,1,11.00,0.00,,11.00,No
41554,08/31/2026 11:47 AM,Rashid,Coffee & Tea,Drip Coffee,,1,3.00,0.00,,3.00,No
41554,08/31/2026 11:47 AM,Rashid,Coffee & Tea,Cold Brew,,1,4.50,0.00,,4.50,No
41554,08/31/2026 11:47 AM,Rashid,Breakfast,Oatmeal Bowl,,1,7.50,0.00,,7.50,No
41555,08/31/2026 08:13 AM,Rashid,Breakfast,Oatmeal Bowl,,1,7.50,0.00,,7.50,No
41556,08/31/2026 08:49 AM,Kai,Coffee & Tea,Drip Coffee,,1,3.00,0.00,,3.00,No
41556,08/31/2026 08:49 AM,Kai,Lunch,Turkey Club,,1,13.50,0.00,,13.50,No
41556,08/31/2026 08:49 AM,Kai,Modifiers,+ Add bacon,Turkey Club,1,2.50,0.00,,2.50,No
41557,08/31/2026 07:06 AM,Ines,Bakery,Chocolate Chip Cookie,,1,2.75,0.00,,2.75,No
41557,08/31/2026 07:06 AM,Ines,Bakery,Chocolate Chip Cookie,,1,2.75,0.00,,2.75,No
41558,08/31/2026 01:53 PM,Kai,Coffee & Tea,Cappuccino,,1,4.75,0.00,,4.75,No
41558,08/31/2026 01:53 PM,Kai,Modifiers,+ Oat milk,Cappuccino,1,0.75,0.00,,0.75,No
41559,08/31/2026 01:34 PM,Maribel,Coffee & Tea,Latte,,1,5.25,0.00,,5.25,No
41559,08/31/2026 01:34 PM,Maribel,Breakfast,Oatmeal Bowl,,1,7.50,0.00,,7.50,No
41560,08/31/2026 01:57 PM,Ines,Coffee & Tea,Drip Coffee,,1,3.00,0.00,,3.00,No
41560,08/31/2026 01:57 PM,Ines,Coffee & Tea,Drip Coffee,,1,3.00,0.00,,3.00,No
41561,08/31/2026 07:27 AM,Theo,Coffee & Tea,Latte,,1,5.25,0.00,,5.25,No
41562,08/31/2026 10:13 AM,Rashid,Bakery,Croissant,,1,3.75,0.00,,3.75,No
41562,08/31/2026 10:13 AM,Rashid,Lunch,Greek Salad,,1,12.00,0.00,,12.00,No
41562,08/31/2026 10:13 AM,Rashid,Modifiers,+ Add avocado,Greek Salad,1,2.00,0.00,,2.00,No
41562,08/31/2026 10:13 AM,Rashid,Coffee & Tea,Latte,,1,5.25,0.00,,5.25,No
41563,08/31/2026 01:30 PM,Rashid,Breakfast,Oatmeal Bowl,,1,7.50,0.00,,7.50,No
41563,08/31/2026 01:30 PM,Rashid,Coffee & Tea,Latte,,1,5.25,0.00,,5.25,No
41563,08/31/2026 01:30 PM,Rashid,Modifiers,+ Oat milk,Latte,1,0.75,0.00,,0.75,No
41564,08/31/2026 09:06 AM,Ines,Breakfast,Breakfast Sandwich,,1,9.50,4.75,Staff meal 50%,4.75,No
41564,08/31/2026 09:06 AM,Ines,Modifiers,+ Add egg,Breakfast Sandwich,1,1.50,0.75,Staff meal 50%,0.75,No
41564,08/31/2026 09:06 AM,Ines,Breakfast,Smashed Avocado Toast,,1,11.00,5.50,Staff meal 50%,5.50,No
41565,08/31/2026 07:21 AM,Rashid,Coffee & Tea,Drip Coffee,,1,3.00,0.00,,3.00,No
41565,08/31/2026 07:21 AM,Rashid,Breakfast,Smashed Avocado Toast,,1,11.00,0.00,,11.00,No
41566,08/31/2026 11:10 AM,Theo,Lunch,Soup of the Day,,1,7.00,0.00,,7.00,No
41567,08/31/2026 08:12 AM,Ines,Coffee & Tea,Drip Coffee,,1,3.00,0.00,,3.00,No
41568,08/31/2026 07:31 AM,Maribel,Lunch,Turkey Club,,1,13.50,0.00,,13.50,No
41568,08/31/2026 07:31 AM,Maribel,Lunch,Turkey Club,,1,13.50,0.00,,13.50,No
41568,08/31/2026 07:31 AM,Maribel,Bakery,Chocolate Chip Cookie,,1,2.75,0.00,,2.75,No
41569,08/31/2026 07:20 AM,Rashid,Breakfast,Smashed Avocado Toast,,1,11.00,0.00,,11.00,No
41569,08/31/2026 07:20 AM,Rashid,Coffee & Tea,Cold Brew,,1,4.50,0.00,,4.50,No
41570,08/31/2026 07:36 AM,Rashid,Coffee & Tea,Latte,,1,5.25,0.00,,5.25,No
41570,08/31/2026 07:36 AM,Rashid,Modifiers,+ Oat milk,Latte,1,0.75,0.00,,0.75,No
41570,08/31/2026 07:36 AM,Rashid,Breakfast,Breakfast Sandwich,,1,9.50,0.00,,9.50,No
41571,08/31/2026 01:50 PM,Rashid,Coffee & Tea,Cold Brew,,1,4.50,0.00,,4.50,No
41571,08/31/2026 01:50 PM,Rashid,Modifiers,+ Oat milk,Cold Brew,1,0.75,0.00,,0.75,No
41572,08/31/2026 11:36 AM,Maribel,Coffee & Tea,Drip Coffee,,1,3.00,0.00,,3.00,No
41573,08/31/2026 09:25 AM,Rashid,Breakfast,Smashed Avocado Toast,,1,11.00,11.00,Comp - manager,0.00,No
41574,08/31/2026 12:33 PM,Kai,Bakery,Chocolate Chip Cookie,,1,2.75,0.00,,2.75,No
41574,08/31/2026 12:33 PM,Kai,Coffee & Tea,Cappuccino,,1,4.75,0.00,,4.75,No
41575,08/31/2026 02:11 PM,Kai,Coffee & Tea,Latte,,1,5.25,0.00,,5.25,No
41576,08/31/2026 09:19 AM,Kai,Coffee & Tea,Latte,,1,5.25,0.00,,5.25,No
41576,08/31/2026 09:19 AM,Kai,Modifiers,+ Extra shot,Latte,1,1.00,0.00,,1.00,No
41577,08/31/2026 08:48 AM,Maribel,Lunch,Turkey Club,,1,13.50,0.00,,13.50,No
41577,08/31/2026 08:48 AM,Maribel,Lunch,Turkey Club,,1,13.50,0.00,,13.50,No
41577,08/31/2026 08:48 AM,Maribel,Coffee & Tea,Cold Brew,,1,4.50,0.00,,4.50,No
41578,08/31/2026 11:41 AM,Kai,Bakery,Chocolate Chip Cookie,,1,2.75,0.00,,2.75,No
41578,08/31/2026 11:41 AM,Kai,Coffee & Tea,Cappuccino,,1,4.75,0.00,,4.75,No
41578,08/31/2026 11:41 AM,Kai,Coffee & Tea,Drip Coffee,,1,3.00,0.00,,3.00,No
41579,08/31/2026 07:27 AM,Theo,Bakery,Blueberry Muffin,,1,3.50,0.00,,3.50,No
41579,08/31/2026 07:27 AM,Theo,Coffee & Tea,Cappuccino,,1,4.75,0.00,,4.75,No
41580,08/31/2026 01:51 PM,Maribel,Coffee & Tea,Latte,,1,5.25,5.25,Comp - manager,0.00,No
41580,08/31/2026 01:51 PM,Maribel,Bakery,Chocolate Chip Cookie,,1,2.75,2.75,Comp - manager,0.00,No
41581,08/31/2026 10:53 AM,Kai,Bakery,Blueberry Muffin,,1,3.50,0.00,,3.50,No
41581,08/31/2026 10:53 AM,Kai,Coffee & Tea,Drip Coffee,,1,3.00,0.00,,3.00,No
41582,08/31/2026 11:43 AM,Rashid,Bakery,Croissant,,1,3.75,0.00,,3.75,No
41583,08/31/2026 09:10 AM,Kai,Coffee & Tea,Drip Coffee,,1,3.00,0.00,,3.00,No
41583,08/31/2026 09:10 AM,Kai,Breakfast,Smashed Avocado Toast,,1,11.00,0.00,,11.00,No
41584,08/31/2026 12:20 PM,Maribel,Breakfast,Breakfast Sandwich,,1,9.50,0.00,,9.50,No
41585,08/31/2026 11:39 AM,Kai,Coffee & Tea,Cold Brew,,1,4.50,0.00,,4.50,No
41585,08/31/2026 11:39 AM,Kai,Modifiers,+ Vanilla syrup,Cold Brew,1,0.60,0.00,,0.60,No
41585,08/31/2026 11:39 AM,Kai,Coffee & Tea,Latte,,1,5.25,0.00,,5.25,No
41585,08/31/2026 11:39 AM,Kai,Coffee & Tea,Chai Tea,,1,4.75,0.00,,4.75,No
41586,08/31/2026 01:40 PM,Rashid,Lunch,Turkey Club,,1,13.50,0.00,,13.50,No
41586,08/31/2026 01:40 PM,Rashid,Modifiers,+ Gluten-free bread,Turkey Club,1,1.50,0.00,,1.50,No
41587,08/31/2026 10:08 AM,Maribel,Coffee & Tea,Latte,,1,5.25,0.00,,5.25,No
41587,08/31/2026 10:08 AM,Maribel,Bakery,Chocolate Chip Cookie,,1,2.75,0.00,,2.75,No
